cod_ubicacion,cod_sector,empleo,excedente,insumos_intermedios_domesticos,insumos_intermedios_importados,exportaciones,ventas_intermedias,ventas_domesticas,produccion_bruta,insumos_intermedios_totales,valor_agregado,remuneraciones,ventas_consumo_final
1.0,1.0,5.663315773010254,32418.366325000003,171352.229847,59203.15341800001,48999.544523,153833.99463200002,248937.986313,297937.530836,230555.38326499998,67382.147572,34963.781246,95103.991681
1.0,2.0,0.0,0,0,0,0,0,0,0,0,0,0,0
1.0,3.0,1.924560546875,28138.256064999998,25519.425417000002,1150.837917,0.09440199999999417,67574.469199,67574.469199,67574.563601,26670.263334,40904.300267,12766.044202000001,0
1.0,4.0,5.672163009643555,116130.79572999998,1754.3963039999999,539.171838,114538.668861,8826.426968,11817.688526,126356.35738700001,2293.568142,124062.789246,7931.993514999999,2991.261558
1.0,5.0,4.06037712097168,93116.165836,364546.557111,74792.950724,122025.841168,173022.067262,450157.967616,572183.808784,439339.507836,132844.300948,39728.135113,277135.900354
1.0,6.0,0.2061608880758285,217.21703499999998,3025.788222,1981.584378,4.440740999999932,2155.6633779999997,6581.242773,6585.683514,5007.3726,1578.310914,1361.093879,4425.579395000001
1.0,7.0,0.094094879925251,45.69849399999993,666.32605,100.56082899999993,221.152281,668.511443,668.511443,889.6637239999998,766.886879,122.77684599999999,77.07835199999998,0
1.0,8.0,0.1787303984165191,244.26028000000002,1311.484075,419.661096,386.55639599999995,1960.4042040000002,2016.868551,2403.424947,1731.14517,672.279777,428.019497,56.46434799999993
1.0,9.0,0.0,0,0,0,0,0,0,0,0,0,0,0
1.0,10.0,0.0,0,0,0,0,0,0,0,0,0,0,0
1.0,11.0,0.0,0,0,0,0,0,0,0,0,0,0,0
1.0,12.0,1.154175043106079,16697.387211999998,45127.453095,7900.382542,67998.849986,12308.471426,12308.471426,80307.321413,53027.835638,27279.485775,10582.098563,0
1.0,13.0,0.0,0,0,0,0,0,0,0,0,0,0,0
1.0,14.0,0.7530748248100281,2427.659156,3652.007283,6068.575067,8247.284767,4217.696096,6191.777444,14439.06221,9720.58235,4718.47986,2290.8207049999996,1974.0813469999998
1.0,15.0,0.0,0,0,0,0,0,0,0,0,0,0,0
1.0,16.0,0.0,0,0,0,0,0,0,0,0,0,0,0
1.0,17.0,0.0,0,0,0,0,0,0,0,0,0,0,0
1.0,18.0,0.7516618371009827,1477.540334,2186.181537,597.6663550000001,168.454987,3479.647123,5145.505706,5313.960692000001,2783.847892,2530.1128,1052.572466,1665.8585819999998
1.0,19.0,0.2450162172317505,18483.846394,28758.591369000005,25159.317621000002,0,62664.77611,77621.28196,77621.28196,53917.90899,23703.37297,5219.526575999999,14956.505849000001
1.0,20.0,0.5484921932220459,6249.6687680000005,770.0066190000001,61.08730899999998,0,9281.818665,9281.818665,9281.818665,831.0939290000002,8450.724737,2201.055969,0
1.0,21.0,10.466965675354004,76638.357722,318657.385312,56270.079612,5650.73478,108302.620921,566285.39624,571936.13102,374927.46492399997,197008.66609600003,120370.308374,457982.77531899995
1.0,22.0,2.3775763511657715,2889.81799,22204.733838,2563.444633,6479.438468,8856.414711,23247.405296999998,29726.843764999998,24768.178470999996,4958.665293999999,2068.847303,14390.990586
1.0,23.0,5.498153209686279,30340.016898,114087.892523,0,18447.880273,73615.156607,144580.752552,163028.632825,114087.892523,48940.740302,18600.723405,70965.595946
1.0,24.0,14.041842460632324,68969.947435,85153.661079,10705.907236000001,0,33350.093295,189267.662908,189267.662908,95859.568314,93408.09459400001,24438.147159,155917.56961300003
1.0,25.0,5.253343105316162,40212.68728400001,93406.269715,22604.678645,0,15057.50356,185429.801874,185429.801874,116010.948359,69418.853514,29206.166230000003,170372.29831300004
1.0,26.0,5.773207664489746,38914.199014,65128.159925,47504.419204,21861.665648000002,118247.015421,144068.978961,165930.644609,112632.579129,53298.065481000005,14383.866466000001,25821.963540000004
1.0,27.0,0.0,0,0,0,0,0,0,0,0,0,0,0
1.0,28.0,0.0,0,0,0,0,0,0,0,0,0,0,0
1.0,29.0,0.0,0,0,0,0,0,0,0,0,0,0,0
1.0,30.0,0.4096665680408478,1961.4043990000005,1120.706805,216.61705299999997,0,2151.091586,3972.5114479999997,3972.5114479999997,1337.323858,2635.187589,673.78319,1821.419861
1.0,31.0,1.3779674768447876,63368.277696,8516.313408,1027.622732,53201.180686,30774.978498,32117.336589,85318.517275,9543.93614,75774.581135,12406.303439000001,1342.358091
1.0,32.0,0.0,0,0,0,0,0,0,0,0,0,0,0
1.0,33.0,0.3457092940807342,1011.0601330000001,3557.475845,0.3735419999999994,12.981523999999999,2399.986197,7115.957885000002,7128.939409,3557.849388000001,3571.090021,2560.0298880000005,4715.971688
1.0,34.0,0.0640540719032287,1294.3687759999998,549.681322,171.32972599999997,1.8439419999999782,756.819056,2234.184977,2236.028919,721.011048,1515.017871,220.64909500000002,1477.3659210000003
1.0,35.0,0.1602182239294052,391.919647,836.894108,182.04703899999996,164.12502399999997,1388.1613339999997,1703.615757,1867.7407810000004,1018.941146,848.7996339999999,456.879988,315.45442299999996
1.0,36.0,0.958828866481781,1523.1479479999998,45121.060651,10679.934060000001,1976.4405809999998,1708.5115729999998,61110.263312999996,63086.703894,55800.994711,7285.709184,5762.5612360000005,59401.75174000001
1.0,37.0,0.6712802648544312,205853.705086,5382.710812,365.21276599999993,26894.012776,38537.173331,198163.670807,225057.68358399998,5747.923577999999,219309.760006,13456.054919,159626.49747600002
1.0,38.0,0.1933364421129226,8424.708179000001,686.389096,1752.684703,0,15405.670046,15405.670046,15405.670046,2439.073798,12966.596248,4541.888069,0
1.0,39.0,1.0772864818572998,21364.930961000002,13024.090772000001,1391.633893,514.374597,13654.546069,49809.885187,50324.259783999994,14415.724666,35908.535119,14543.604157000002,36155.339117999996
1.0,40.0,2.228302001953125,30002.516926,25430.736251000002,0,94.87481299999996,42709.485651,71778.923025,71873.797838,25430.736251000002,46443.061588,16440.544662,29069.437373999997
1.0,41.0,0.2496612519025802,19199.944954,7244.828108,1119.356929,3216.341849,28056.313293000003,29993.877512000003,33210.219361,8364.185037,24846.034324000004,5646.089371,1937.564219
1.0,42.0,1.6546095609664917,35094.771807,16447.31963,1289.9643780000001,66.79127399999994,80378.056939,88626.402982,88693.194256,17737.284007,70955.91024900001,35861.138441,8248.346044
1.0,43.0,14.903993606567385,7641.610538,103537.057071,91430.127726,0,8897.460106,464337.835679,464337.835679,194967.184796,269370.650883,261729.040345,455440.375573
1.0,44.0,10.541953086853027,295274.338326,39209.096347,8611.256691,0,63.644392,363695.943593,363695.943593,47820.353038,315875.590555,20601.252229,363632.299202
1.0,45.0,5.161797523498535,10034.316713,11227.822952,3711.2588969999997,0,2809.2944559999996,41702.074281,41702.074281,14939.081849,26762.992432,16728.675719,38892.779826
1.0,46.0,5.940327167510986,2589.879559,1796.464083,351.99981799999995,97.18959899999994,640.90157,7139.556844999999,7236.746443,2148.463901,5088.282542,2498.402983,6498.655275
2.0,1.0,0.023142846301198,489.40161,570.82515,160.87667399999992,0,1257.792713,1257.792713,1257.792713,731.701824,526.09089,36.68927899999999,0
2.0,2.0,0.0,0,0,0,0,0,0,0,0,0,0,0
2.0,3.0,0.0,0,0,0,0,0,0,0,0,0,0,0
2.0,4.0,0.0,0,0,0,0,0,0,0,0,0,0,0
2.0,5.0,0.0,0,0,0,0,0,0,0,0,0,0,0
2.0,6.0,0.0,0,0,0,0,0,0,0,0,0,0,0
2.0,7.0,0.0,0,0,0,0,0,0,0,0,0,0,0
2.0,8.0,0.0,0,0,0,0,0,0,0,0,0,0,0
2.0,9.0,0.0,0,0,0,0,0,0,0,0,0,0,0
2.0,10.0,0.0,0,0,0,0,0,0,0,0,0,0,0
2.0,11.0,0.0,0,0,0,0,0,0,0,0,0,0,0
2.0,12.0,0.0,0,0,0,0,0,0,0,0,0,0,0
2.0,13.0,0.0,0,0,0,0,0,0,0,0,0,0,0
2.0,14.0,0.0,0,0,0,0,0,0,0,0,0,0,0
2.0,15.0,0.0,0,0,0,0,0,0,0,0,0,0,0
2.0,16.0,0.0,0,0,0,0,0,0,0,0,0,0,0
2.0,17.0,0.0,0,0,0,0,0,0,0,0,0,0,0
2.0,18.0,0.0,0,0,0,0,0,0,0,0,0,0,0
2.0,19.0,0.0,0,0,0,0,0,0,0,0,0,0,0
2.0,20.0,0.0,0,0,0,0,0,0,0,0,0,0,0
2.0,21.0,0.0,0,0,0,0,0,0,0,0,0,0,0
2.0,22.0,0.0,0,0,0,0,0,0,0,0,0,0,0
2.0,23.0,0.0,0,0,0,0,0,0,0,0,0,0,0
2.0,24.0,0.0,0,0,0,0,0,0,0,0,0,0,0
2.0,25.0,0.104249395430088,1320.213235,2587.2413049999996,617.031491,0,588.980004,4950.190476000001,4950.190476000001,3204.272796,1745.91768,425.704445,4361.210472
2.0,26.0,0.0,0,0,0,0,0,0,0,0,0,0,0
2.0,27.0,0.0,0,0,0,0,0,0,0,0,0,0,0
2.0,28.0,0.0,0,0,0,0,0,0,0,0,0,0,0
2.0,29.0,0.0,0,0,0,0,0,0,0,0,0,0,0
2.0,30.0,0.0,0,0,0,0,0,0,0,0,0,0,0
2.0,31.0,0.0,0,0,0,0,0,0,0,0,0,0,0
2.0,32.0,0.0,0,0,0,0,0,0,0,0,0,0,0
2.0,33.0,0.0,0,0,0,0,0,0,0,0,0,0,0
2.0,34.0,0.0,0,0,0,0,0,0,0,0,0,0,0
2.0,35.0,0.0,0,0,0,0,0,0,0,0,0,0,0
2.0,36.0,0.0,0,0,0,0,0,0,0,0,0,0,0
2.0,37.0,0.0,0,0,0,0,0,0,0,0,0,0,0
2.0,38.0,0.0,0,0,0,0,0,0,0,0,0,0,0
2.0,39.0,0.0,0,0,0,0,0,0,0,0,0,0,0
2.0,40.0,0.0,0,0,0,0,0,0,0,0,0,0,0
2.0,41.0,0.0,0,0,0,0,0,0,0,0,0,0,0
2.0,42.0,0.0,0,0,0,0,0,0,0,0,0,0,0
2.0,43.0,0.0,0,0,0,0,0,0,0,0,0,0,0
2.0,44.0,0.0,0,0,0,0,0,0,0,0,0,0,0
2.0,45.0,0.0,0,0,0,0,0,0,0,0,0,0,0
2.0,46.0,0.0,0,0,0,0,0,0,0,0,0,0,0
3.0,1.0,0.853469967842102,1176.419586,1345.6282840000001,404.795496,0,2747.182598,3557.0744830000003,3557.0744830000003,1750.423779,1806.6507030000005,630.2311169999999,809.8918850000002
3.0,2.0,0.0,0,0,0,0,0,0,0,0,0,0,0
3.0,3.0,2.396541118621826,35449.324977000004,62675.43065,73404.027386,0.9217079999999983,183289.471229,183289.471229,183290.392937,136079.458037,47210.93490000001,11761.609923,0
3.0,4.0,20.0134220123291,2736138.6394740003,996457.4681040001,157908.574857,3641868.0607709996,251216.600797,331150.462174,3973018.5229450003,1154366.042961,2818652.479984,82513.84051,79933.861377
3.0,5.0,1.5731810331344604,37776.315140000006,70422.529037,10032.605592,33645.376706999996,35710.420107000005,100541.56591399999,134186.94262000002,80455.134629,53731.807992,15955.492851,64831.14580699999
3.0,6.0,0.4425668120384216,79.78513999999998,39266.775105,25153.449324,17.741407999999925,11204.276842,75329.536583,75347.277992,64420.224428999994,10927.053563,10847.268423000001,64125.259741999995
3.0,7.0,0.0630888268351554,708.421413,2665.5141630000003,259.48749799999996,964.6374770000001,2924.336784,2924.336784,3888.974261,2925.001661,963.972599,255.55118699999997,0
3.0,8.0,0.4226163923740387,6752.149189,24291.401984,4054.319084,7503.81038,31167.389002,34844.691691,42348.502071,28345.721068,14002.781002000002,7250.6318139999985,3677.302689
3.0,9.0,0.0,0,0,0,0,0,0,0,0,0,0,0
3.0,10.0,0.1127548739314079,9856.787043999999,12576.926756,2007.025627,9080.239206,16529.136094999998,19819.553093,28899.792299,14583.952383000002,14315.839916000003,4459.052871,3290.416998
3.0,11.0,0.6987021565437317,38615.476363,50938.878207,66469.611617,14120.933507,116717.710421,179380.30323400002,193501.236741,117408.489823,76092.74691799999,37477.27055600001,62662.592813999996
3.0,12.0,0.414426177740097,10244.843536999999,61520.855276999995,8920.361872,0,91150.98853300001,91150.98853300001,91150.98853300001,70441.21714800001,20709.771385,10464.927848,0
3.0,13.0,0.2364649623632431,2228.4505060000006,58260.036074999996,15248.758655,2664.905519,85339.153234,85341.059997,88005.965516,73508.79473,14497.170785999995,12268.72028,1.9067629999999631
3.0,14.0,2.143970251083374,69927.40979,57387.525957000005,32274.200175,50.99733899999993,118936.491832,197653.56328899998,197704.560628,89661.726132,108042.834496,38115.424706,78717.071457
3.0,15.0,0.107487253844738,5194.195382,3008.1673210000004,1060.915762,32.59789399999996,4243.673443,13283.878891,13316.476784999999,4069.0830830000004,9247.393702,4053.19832,9040.205447999999
3.0,16.0,0.285117357969284,12279.447941,25258.806520000002,3496.9580429999996,2441.752791,7170.865944,49895.968851,52337.721642000004,28755.764563,23581.957079,11302.509138000001,42725.102906
3.0,17.0,0.0,0,0,0,0,0,0,0,0,0,0,0
3.0,18.0,3.603097915649414,73075.172577,79397.22460100001,22182.061465,8757.355607999998,155542.245741,225501.820491,234259.17609900003,101579.28606599999,132679.890033,59604.717456000006,69959.57475
3.0,19.0,0.259754329919815,43491.037585,87932.408892,77384.755779,0,233789.355874,233789.36154399998,233789.36154399998,165317.164671,68472.196873,24981.159288000003,0.00567
3.0,20.0,0.6912940740585327,32197.38290399999,6734.799534,602.0725150000001,0,47793.863602000005,49411.324657,49411.324657,7336.872049,42074.452608,9877.069704,1617.461054
3.0,21.0,14.008386611938477,441810.78292400006,1231304.587389,219869.384095,0,645969.348049,2468607.601958,2468607.601958,1451173.9714840003,1017433.630474,575622.84755,1822638.2539079997
3.0,22.0,5.597692966461182,29430.666968999998,34795.886559,38756.824904,30570.171798,11781.517394,84285.46456800001,114855.63636699998,73552.71146399999,41302.924903,11872.257934,72503.947174
3.0,23.0,17.537656784057617,408943.500649,93575.750527,667.426406,78505.99156800001,49196.023401,454878.698035,533384.6896030001,94243.17693300001,439141.51266999997,30198.012021,405682.674635
3.0,24.0,22.51411247253418,39702.312702999996,56391.614046999995,10784.742761,0,28076.864644,136297.923474,136297.923474,67176.356808,69121.56666699999,29419.253964,108221.05883000001
3.0,25.0,10.124807357788086,86328.629657,111743.67081,28445.366005,0,47643.619605,262422.087171,262422.087171,140189.036815,122233.05035599999,35904.4207,214778.46756699999
3.0,26.0,10.23761749267578,131568.931235,222627.243142,148616.413689,13222.915620000002,438461.271096,564819.230629,578042.146249,371243.656831,206798.489418,75229.558183,126357.959533
3.0,27.0,0.0,0,0,0,0,0,0,0,0,0,0,0
3.0,28.0,0.0,0,0,0,0,0,0,0,0,0,0,0
3.0,29.0,0.3193068504333496,24444.878865000002,39070.975987,5057.4348469999995,7704.546439000001,67979.939812,67993.756794,75698.303234,44128.410833999995,31569.8924,7125.013534,13.816981999999966
3.0,30.0,0.1023845970630645,3626.600561,1075.741714,0,0,4066.070047,5030.357335,5030.357335,1075.741714,3954.615621,328.01505899999995,964.287288
3.0,31.0,2.347801685333252,68114.391529,23743.355112,11192.160279000002,2540.9976800000004,134893.705381,135756.064283,138297.061962,34935.515391,103361.54657199999,35247.155043,862.3589020000001
3.0,32.0,0.0,0,0,0,0,0,0,0,0,0,0,0
3.0,33.0,1.0002951622009275,1211.485215,12839.792472,2747.4138749999997,3.8933289999999325,9502.117687,22009.957960000003,22013.851289000002,15587.206347000003,6426.644942,5215.159727,12507.840274
3.0,34.0,0.6983938813209534,12487.17389,6108.87374,1886.349402,84.10590799999999,21044.109364,26956.213483,27040.319391,7995.223142,19045.096249,6557.922359,5912.104119
3.0,35.0,0.4624460935592651,2940.2207439999997,3012.4697749999996,642.311328,2.120830999999981,7631.544555,7969.0692260000005,7971.190058,3654.781103,4316.408955,1376.188211,337.524672
3.0,36.0,2.3416028022766118,14598.176802000002,61237.122097,14964.353188,2969.3440170000003,15031.645649,97708.96979,100678.313806,76201.475285,24476.838521,9878.66172,82677.32414
3.0,37.0,2.837104797363281,333007.184248,24679.647917999995,1079.499656,80.13782199999997,133830.713926,378451.027435,378531.165257,25759.147574000002,352772.017682,19764.833434,244620.31351
3.0,38.0,0.1225008517503738,19283.171076000002,276.35664299999996,717.844818,0,21777.111557,26796.90467,26796.90467,994.2014609999999,25802.703208000003,6519.532131999999,5019.793112
3.0,39.0,1.7774418592453003,61863.462891999996,31053.596123000003,3840.5267500000004,1330.319407,69063.176243,127592.18015100001,128922.49955800001,34894.122872,94028.376685,32164.913794,58529.003908000006
3.0,40.0,1.5650421380996704,43605.619206,17730.050756,5272.486732,67.06672999999994,89792.58625900002,89981.154605,90048.22133499998,23002.537488,67045.683847,23440.064641,188.56834599999996
3.0,41.0,1.4683982133865356,87579.30899500001,70330.071835,14631.473729,20547.416745000002,182315.664206,182475.11352,203022.53026499998,84961.54556399999,118060.984701,30481.675706,159.44931399999993
3.0,42.0,3.3200130462646484,53021.603395,38610.369208000004,3866.190696,1972.3506399999999,143160.896263,150955.47433699996,152927.824977,42476.559904,110451.265073,57429.661678,7794.578074
3.0,43.0,6.299760818481445,4703.088611,63722.686664,56271.38288,0,5476.010991,285780.330697,285780.330697,119994.069544,165786.26115399998,161083.17254300002,280304.31970700005
3.0,44.0,13.168327331542969,1287.40256,25655.587171,5673.4173869999995,0,2731.129364,139012.70552,139012.70552,31329.004557999997,107683.70096100001,106396.29840100001,136281.57615600002
3.0,45.0,9.981172561645508,100070.562138,163016.47481699998,52300.805810000005,0,62006.001363999996,587721.987146,587721.987146,215317.28062700003,372404.706519,272334.14438099996,525715.985782
3.0,46.0,8.56733512878418,16253.622069000001,28986.644153999998,5684.855419,0.00001,19845.515971,85770.04416800001,85770.044178,34671.499573,51098.544605999996,34844.922536,65924.528197
4.0,1.0,1.171040654182434,643.715482,2055.9464369999996,634.865539,633.687153,1728.1466349999998,3447.045608,4080.7327609999998,2690.811976,1389.920785,746.2053030000001,1718.8989729999998
4.0,2.0,0.0,0,0,0,0,0,0,0,0,0,0,0
4.0,3.0,0.0,0,0,0,0,0,0,0,0,0,0,0
4.0,4.0,0.0,0,0,0,0,0,0,0,0,0,0,0
4.0,5.0,0.2923407554626465,6914.7456170000005,17109.682315,2160.642824,0,2853.9268549999997,31025.667582,31025.667582,19270.325139,11755.342443000001,4840.596826,28171.740727000004
4.0,6.0,0.0,0,0,0,0,0,0,0,0,0,0,0
4.0,7.0,0.0,0,0,0,0,0,0,0,0,0,0,0
4.0,8.0,0.0,0,0,0,0,0,0,0,0,0,0,0
4.0,9.0,0.0,0,0,0,0,0,0,0,0,0,0,0
4.0,10.0,0.0,0,0,0,0,0,0,0,0,0,0,0
4.0,11.0,0.0,0,0,0,0,0,0,0,0,0,0,0
4.0,12.0,0.0,0,0,0,0,0,0,0,0,0,0,0
4.0,13.0,0.0,0,0,0,0,0,0,0,0,0,0,0
4.0,14.0,0.0,0,0,0,0,0,0,0,0,0,0,0
4.0,15.0,0.0,0,0,0,0,0,0,0,0,0,0,0
4.0,16.0,0.0109538557007908,471.76134899999994,970.412354,134.34883399999998,93.80923799999995,810.3443749999999,1916.9418480000002,2010.7510869999999,1104.761188,905.9898990000003,434.22855,1106.5974740000001
4.0,17.0,0.0,0,0,0,0,0,0,0,0,0,0,0
4.0,18.0,0.0,0,0,0,0,0,0,0,0,0,0,0
4.0,19.0,0.0009146108059212,229.703846,5.288175999999995,0,0,260.600972,260.600972,260.600972,5.288175999999995,255.31279599999993,25.608949999999936,0
4.0,20.0,0.0605558976531028,4799.524914,741.137063,58.01408799999993,0,1282.580183,6228.682402,6228.682402,799.151151,5429.531250999999,630.006337,4946.102219
4.0,21.0,0.6196281313896179,12038.920818,49143.096325,8689.067018,0,6961.367523,88802.923425,88802.923425,57832.163343,30970.760082,18931.839264000002,81841.55590200001
4.0,22.0,0.0736880749464035,9.96283299999999,138.49130599999998,0.10418599999996762,0.09406299999994512,125.57063499999995,185.020423,185.11448599999994,138.59549199999995,46.518995,36.55616099999994,59.44978799999998
4.0,23.0,0.1811071634292602,297.94611399999997,1715.454334,0,38.54200399999999,603.000164,2233.260637,2271.802641,1715.454334,556.348306,258.402192,1630.260472
4.0,24.0,1.147668957710266,6107.297047999999,2898.255631,194.91699899999992,0,3027.786396,10137.946968999999,10137.946968999999,3093.17263,7044.7743390000005,937.477291,7110.160573
4.0,25.0,1.0057579278945925,15490.768967,14589.651746,3489.557844,0,8308.572112,37016.723169000004,37016.723169000004,18079.209590000002,18937.513579000002,3446.744612,28708.151057
4.0,26.0,0.6061540246009827,7564.6438419999995,14772.227233,9551.677405,198.936454,19479.542015,34525.753244,34724.689697,24323.904638,10400.78506,2836.1412169999994,15046.211228999999
4.0,27.0,0.0,0,0,0,0,0,0,0,0,0,0,0
4.0,28.0,0.0,0,0,0,0,0,0,0,0,0,0,0
4.0,29.0,0.0,0,0,0,0,0,0,0,0,0,0,0
4.0,30.0,0.0,0,0,0,0,0,0,0,0,0,0,0
4.0,31.0,0.0,0,0,0,0,0,0,0,0,0,0,0
4.0,32.0,0.0,0,0,0,0,0,0,0,0,0,0,0
4.0,33.0,0.0,0,0,0,0,0,0,0,0,0,0,0
4.0,34.0,0.0,0,0,0,0,0,0,0,0,0,0,0
4.0,35.0,0.0,0,0,0,0,0,0,0,0,0,0,0
4.0,36.0,0.0,0,0,0,0,0,0,0,0,0,0,0
4.0,37.0,0.0328501909971237,693.818392,76.690777,0,0,196.19502099999994,933.2349300000001,933.2349300000001,76.690777,856.5441529999998,162.72576099999998,737.0399090000001
4.0,38.0,0.0532679036259651,8053.219972,473.054248,1217.122197,0,9144.498642999999,11054.001048,11054.001048,1690.176445,9363.824601999999,1310.60463,1909.502405
4.0,39.0,0.0783624574542045,3492.619253,1256.7725329999998,104.770234,0,1445.2257440000003,5746.220953,5746.220953,1361.542767,4384.678186,892.058933,4300.995209
4.0,40.0,0.0772001296281814,3061.863619,1786.797675,353.63427799999994,1.0331879999999225,3854.5424130000006,6469.555336,6470.588524,2140.431953,4330.1565709999995,1268.292951,2615.0129230000002
4.0,41.0,0.0,0,0,0,0,0,0,0,0,0,0,0
4.0,42.0,0.4044871628284454,6993.176431,6276.464469999999,634.585637,0.558551999999934,7368.122677,19227.661705,19228.220256,6911.050106999999,12317.170149000001,5323.993718,11859.539028000001
4.0,43.0,7.174451351165772,5356.08853,72570.25741399999,64084.378021,0,6236.327248,325459.475243,325459.475243,136654.635435,188804.83980800002,183448.75127799998,319223.147994
4.0,44.0,0.0,0,0,0,0,0,0,0,0,0,0,0
4.0,45.0,0.0,0,0,0,0,0,0,0,0,0,0,0
4.0,46.0,1.3538591861724854,3238.928139,2907.2026600000004,572.479102,5971.353531,656.014594,7426.450091999999,13397.803623,3479.681763,9918.12186,6679.193722,6770.435497
5.0,1.0,0.7104705572128296,890.8348169999999,4361.4741699999995,1875.924558,1096.710662,6008.963567,6856.0225550000005,7952.733217,6237.398728,1715.3344889999998,824.4996709999999,847.0589869999999
5.0,2.0,0.0,0,0,0,0,0,0,0,0,0,0,0
5.0,3.0,2.148916721343994,20983.629090000002,70937.69043100001,3283.163537,0,102873.654665,102873.654665,102873.654665,74220.853968,28652.800697,7669.171607,0
5.0,4.0,55.29035949707031,20923517.174891096,16126264.955163002,3023446.748686,35555393.457995,5539255.033994,5619073.166791,41174466.624786004,19149711.703848004,22024754.920938,1101237.7460469003,79818.132797
5.0,5.0,1.7714778184890747,404.616989,22368.165219000002,3069.504884,0,6048.936857,31383.246848000003,31383.246848000003,25437.670103,5945.576744999999,5540.959756,25334.30999
5.0,6.0,0.2767955064773559,60.84199899999993,3928.4095450000004,2190.207567,0,2084.1714429999997,7327.09866,7327.09866,6118.617112,1208.4815480000002,1147.63955,5242.927218
5.0,7.0,0.1045138239860534,329.807771,423.263587,41.15683999999999,0,930.9844320000001,930.9844320000001,930.9844320000001,464.420427,466.56400500000007,136.756234,0
5.0,8.0,0.5053781867027283,708.018208,7924.492988,1405.2804880000003,0,12506.697962,12722.862301000001,12722.862301000001,9329.773476,3393.088825,2685.070616,216.16433899999998
5.0,9.0,0.0,0,0,0,0,0,0,0,0,0,0,0
5.0,10.0,0.1406800597906112,47560.247223,21134.735505,51656.93621200001,0,96295.93106399999,126582.181206,126582.181206,72791.67171700002,53790.509488,6230.262264999999,30286.250141
5.0,11.0,0.5762693285942078,11438.669783,9436.602724,9055.464793000001,0,31651.67648800001,40382.709074000006,40382.709074000006,18492.067518,21890.641557,10451.971774,8731.032587
5.0,12.0,0.9721394181251526,12491.788185000001,72793.437404,10799.922965000002,0,105235.49064100001,105235.49064100001,105235.49064100001,83593.360369,21642.130270999998,9150.342086,0
5.0,13.0,0.4053222835063934,53850.318704,114334.59602599998,127334.59563899999,240018.607318,63552.027742,63560.911144,303579.518462,241669.19166500002,61910.326797,8060.0080929999995,8.883402999999984
5.0,14.0,4.414084434509277,6816.810293,38914.277021,25785.266583,0,64750.89834000001,96494.04886700002,96494.04886700002,64699.543605,31794.505262000002,24977.694969,31743.150527
5.0,15.0,0.3479839563369751,26436.638252999997,7440.324263,2812.320577,0,15426.144726999999,40207.014909000005,40207.014909000005,10252.644839999999,29954.370068999997,3517.731816,24780.870183000003
5.0,16.0,1.2480629682540894,7401.814920999998,53933.679924000004,35257.183981,0,61855.386016000004,127592.282446,127592.282446,89190.863905,38401.418541,30999.603619999998,65736.89643000001
5.0,17.0,0.1257355660200119,1807.595439,2507.5724,2372.089894,0,1919.295402,7730.761819,7730.761819,4879.662294,2851.099525,1043.504086,5811.466417000001
5.0,18.0,8.04449462890625,14621.509489,50721.606846999995,30787.082931000004,0,97288.305367,147035.26200400002,147035.26200400002,81508.689778,65526.572226000004,50905.062737,49746.956637
5.0,19.0,3.098865509033203,96633.003286,818011.8614780001,1348473.697123,0,2415496.962063,2415497.049788,2415497.049788,2166485.5586,249011.491187,152378.48790100001,0.0877249999999653
5.0,20.0,2.439842462539673,65239.467037,98769.77471600001,9592.879344,0,171175.963341,207735.10455199998,207735.10455199998,108362.65406,99372.45049200002,34132.983455,36559.141211999995
5.0,21.0,17.294296264648438,487561.619505,1572510.965496,326260.174697,0,860635.6306270001,3239785.8873989997,3239785.8873989997,1898771.140193,1341014.7472060001,853453.127701,2379150.2567720003
5.0,22.0,4.5957207679748535,25619.576623,59564.429504,10151.443969,139.03672799999998,63347.805462,106444.63346299999,106583.670191,69715.873473,36867.796718000005,11248.220094999999,43096.828001
5.0,23.0,9.197599411010742,71121.14750799998,174162.26524400004,0,11513.851856,223560.298112,348024.04831,359537.900166,174162.26524400004,185375.634922,114254.487414,124463.750198
5.0,24.0,21.38799095153809,115037.90863,285420.134854,31432.929926999997,0,157728.984604,542349.6561530001,542349.6561530001,316853.06478099996,225496.591372,110458.68274199999,384620.671549
5.0,25.0,10.29054832458496,96111.58129,184459.937473,44641.691391,0,74096.64120000001,385096.747278,385096.747278,229101.628864,155995.118414,59883.537124,311000.106078
5.0,26.0,14.960699081420898,192504.91249199997,383782.921781,256114.18228500002,20171.190599999998,805508.0763200001,983435.7088179999,1003606.899418,639897.1040660001,363709.79535200004,171204.88286000004,177927.632498
5.0,27.0,0.0,0,0,0,0,0,0,0,0,0,0,0
5.0,28.0,0.0,0,0,0,0,0,0,0,0,0,0,0
5.0,29.0,0.5071499347686768,61460.799463,4065.6857959999998,29.432378999999962,5114.637174,72639.50719699998,72660.86271,77775.499884,4095.118176,73680.38170800002,12219.582245,21.355514000000003
5.0,30.0,0.4940206408500671,38047.987542999996,32844.911286,4876.364366,0,5137.612561,81470.78242,81470.78242,37721.275652,43749.506768,5701.519225,76333.169858
5.0,31.0,3.1116225719451904,204291.215363,152940.63004099997,22186.239587000004,134349.65184500001,327208.456352,327906.94246800005,462256.594312,175126.86962800004,287129.724684,82838.509321,698.486115
5.0,32.0,0.0810373499989509,9730.977961999999,7028.058415,2459.2093319999994,2370.957845,20318.750904,20398.251022,22769.208868000005,9487.267746999998,13281.941121000002,3550.963159,79.50011899999994
5.0,33.0,1.0147254467010498,2129.78412,20281.12302,0,34.28425499999997,28674.326895000002,32219.721313000005,32254.005566999997,20281.12302,11972.882547,9843.098426999999,3545.394417
5.0,34.0,0.9139127731323242,27887.956087,11432.075136,4724.095767,3681.5607710000004,37164.758158,53347.601865,57029.16263600001,16156.170903,40872.991732999995,12985.035645999998,16182.843708
5.0,35.0,0.7460156679153442,4965.756528,15239.356271999999,3507.9198899999997,6.991901999999985,33224.459336,34931.624021999996,34938.615924,18747.276163,16191.339761000001,11225.583234,1707.164686
5.0,36.0,1.768723964691162,3341.0085759999997,18257.40057,4336.532351,603.518553,19645.283078,28117.406131,28720.924684,22593.932920999996,6126.991763,2785.983187,8472.123053
5.0,37.0,3.068561553955078,565613.2889459999,50634.790802,1688.434461,5.958568999999971,251010.39075499997,649005.616577,649011.575146,52323.225263,596688.349883,31075.060937,397995.225821
5.0,38.0,0.1590682864189148,19895.405057,3630.6794210000003,0,0,26967.907956000003,28355.113063999997,28355.113063999997,3630.6794210000003,24724.433643,4829.028586,1387.205108
5.0,39.0,4.908799648284912,232158.741274,117780.838253,15103.993464000001,9582.549785,316530.068186,544280.210393,553862.7601780001,132884.831717,420977.92846100003,188819.18718699997,227750.14220699997
5.0,40.0,2.256258249282837,79815.78978600001,44523.170782999994,8716.885754,253.67569699999996,164839.91256400003,200990.618906,201244.294603,53240.056537,148004.23806600002,68188.44828,36150.706342
5.0,41.0,1.9181170463562007,142084.01622299996,106814.020039,19364.885440999995,32693.250024999998,273960.817321,303274.3101400001,335967.560164,126178.90548,209788.654684,67704.638462,29313.492819
5.0,42.0,6.899783611297607,148005.403021,183889.681299,22930.657943,132.57820899999996,499891.563346,553003.409187,553135.9873960001,206820.33924200002,346315.648155,198310.245134,53111.845841
5.0,43.0,10.503632545471191,20159.163614,68982.617061,22063.083685999998,25592.456623000002,0,268561.77483799995,294154.23146100005,91045.70074700001,203108.53071400002,182949.3671,268561.77483799995
5.0,44.0,18.96372413635254,34722.756858,73254.998436,16377.472588999999,0,16756.86158,500136.314019,500136.314019,89632.471025,410503.842994,375781.08613600006,483379.452439
5.0,45.0,14.571820259094238,166301.993993,185461.56056800002,60232.62063500001,0,73252.442307,573367.982642,573367.982642,245694.181202,327673.801439,161371.807446,500115.54033399996
5.0,46.0,14.594697952270508,71706.912403,62946.33077300001,12789.075803,0,47360.741679,231510.615307,231510.615307,75735.40657600001,155775.208731,84068.296328,184149.87362800003
6.0,1.0,0.8289484977722168,743.210882,3759.1166529999996,2018.2005940000001,1049.684049,954.669436,6554.6266940000005,7604.310743,5777.317247,1826.993496,1083.782614,5599.957258
6.0,2.0,0.0,0,0,0,0,0,0,0,0,0,0,0
6.0,3.0,0.0,0,0,0,0,0,0,0,0,0,0,0
6.0,4.0,6.650491714477539,365653.573873,732133.2669970001,129102.53191399999,1206857.644217,139652.934285,172750.127281,1379607.771498,861235.798912,518371.97258600005,152718.39871300003,33097.192996
6.0,5.0,0.4665977358818054,2.732762999999945,6527.894934,820.648614,1685.6963050000002,1352.724476,6965.816089000001,8651.512394000001,7348.543547999999,1302.968846,1300.2360840000001,5613.0916130000005
6.0,6.0,0.1552450209856033,1.2229069999999596,3583.428551,2626.64536,0,2753.988132,6795.822658,6795.822658,6210.073911,585.748747,584.525839,4041.834525
6.0,7.0,0.0,0,0,0,0,0,0,0,0,0,0,0
6.0,8.0,0.1923429071903228,932.103877,5096.962509,808.9729480000001,0,7246.363332999999,8456.52753,8456.52753,5905.9354570000005,2550.5920730000003,1618.4881959999998,1210.164196
6.0,9.0,0.0,0,0,0,0,0,0,0,0,0,0,0
6.0,10.0,0.0023360790219157,789.766766,350.954993,857.79437,0,434.89689400000003,2101.973378,2101.973378,1208.749363,893.2240150000001,103.45724799999998,1667.076483
6.0,11.0,0.0,0,0,0,0,0,0,0,0,0,0,0
6.0,12.0,0.439700037240982,15779.497242,11802.919438,6806.802804000001,21.809027999999998,39994.673126999995,39994.673126999995,40016.482155,18609.722243,21406.759912,5627.26267,0
6.0,13.0,1.0549582242965698,356795.333873,334835.4163120001,108326.80481399999,118817.582262,508469.337693,696573.170507,815390.752769,443162.221126,372228.53164299997,15433.19777,188103.832814
6.0,14.0,2.0556211471557617,10955.977337,20176.833485000003,14865.254138,2934.1296510000006,37264.991871,56877.814234000005,59811.943885,35042.087623,24769.856262,13813.878923999999,19612.822363
6.0,15.0,0.0,0,0,0,0,0,0,0,0,0,0,0
6.0,16.0,0.0,0,0,0,0,0,0,0,0,0,0,0
6.0,17.0,0.0,0,0,0,0,0,0,0,0,0,0,0
6.0,18.0,1.3089457750320437,5256.5423869999995,5063.454685,1269.707598,1114.5393490000001,9421.060633000001,15475.860473999997,16590.399823,6333.162283000001,10257.237539999998,5000.695153,6054.799841
6.0,19.0,0.0,0,0,0,0,0,0,0,0,0,0,0
6.0,20.0,1.5124363899230957,9642.107046000001,30044.143603,2830.761493,0,45807.948413,58502.71151,58502.71151,32874.905097,25627.806414,15985.699367,12694.763097000001
6.0,21.0,4.248531341552734,54121.348316,370106.185606,65454.403980999996,0,166866.04195800002,704997.678546,704997.678546,435560.589587,269437.088959,215315.740643,538131.636588
6.0,22.0,2.71343207359314,130.04261499999996,25530.566934,1054.5002200000001,83.51466699999995,23103.816698,33970.294963,34053.80963,26585.067154,7468.742476,7338.699862000001,10866.478265
6.0,23.0,2.742830753326416,1000.082744,36537.228493,0,27.662783999999988,31186.537927,54857.619282,54885.282066,36537.228493,18348.053572999997,17347.970828999998,23671.081356000002
6.0,24.0,12.525456428527832,54572.253489,23508.829571,2347.940998,0,49088.718408,223689.39452,223689.39452,25856.770568999997,197832.62395100005,143260.370461,174600.676111
6.0,25.0,5.999267578125,70286.428171,107191.006228,25905.13747,0,53182.95737999999,241204.94468,241204.94468,133096.143697,108108.800983,37822.372812,188021.98730000004
6.0,26.0,6.400850296020508,68097.909224,268893.74657,175542.80975699998,7140.512769000002,449990.73826099996,570418.133321,577558.64609,444436.556327,133122.089763,65024.180539,120427.39506000001
6.0,27.0,0.0,0,0,0,0,0,0,0,0,0,0,0
6.0,28.0,0.0,0,0,0,0,0,0,0,0,0,0,0
6.0,29.0,0.0,0,0,0,0,0,0,0,0,0,0,0
6.0,30.0,0.0816769078373909,783.96146,998.762145,0,0,815.587778,2200.1936239999995,2200.1936239999995,998.762145,1201.431479,417.47001900000004,1384.6058460000002
6.0,31.0,0.1466888785362243,2814.306932,314.28792300000003,0,65.97754699999996,1788.8268320000004,4365.20779,4431.185337,314.28792300000003,4116.897415,1302.5904830000002,2576.380958
6.0,32.0,0.0,0,0,0,0,0,0,0,0,0,0,0
6.0,33.0,0.1145173460245132,239.12654399999997,4530.447563,2984.7252799999997,0,8176.129503,9182.95632,9182.95632,7515.1728429999985,1667.7834770000004,1428.656933,1006.826817
6.0,34.0,0.0957134664058685,1433.4001850000002,945.2963930000001,307.803634,14.557392999999983,1499.3548480000002,4359.1627450000005,4373.720139,1253.100027,3120.620112,1687.219926,2859.8078979999996
6.0,35.0,0.1070035025477409,1222.594485,824.845564,172.05169600000002,0.019386,2330.368772,2833.895065,2833.914452,996.8972599999998,1837.017192,614.4227070000001,503.526293
6.0,36.0,0.636512041091919,4919.517888,11255.289346,2676.258284,0,73.77444399999999,19825.569964,19825.569964,13931.547630000001,5894.022334,974.504446,19751.795521
6.0,37.0,0.9124139547348022,53424.224272,24884.524873,1604.086719,491.479074,44561.249073,86031.21708500001,86522.696159,26488.611591999997,60034.084567000005,6609.860295,41469.968013
6.0,38.0,0.023009717464447,3729.5744950000003,395.17298200000005,0,0,1711.445505,4912.686836,4912.686836,395.17298200000005,4517.513854,787.9393590000001,3201.241331
6.0,39.0,1.865816831588745,112904.22555799999,29310.642686000003,2519.144524,5439.430435,108674.776533,234182.21736999997,239621.647805,31829.787209000002,207791.86059599998,94887.63503899999,125507.44083700002
6.0,40.0,0.3635391294956207,9667.861844000001,10474.623924,2055.3496910000003,28.67422399999998,25925.731486,30135.152239,30163.826463,12529.973616,17633.852847000002,7965.991002999999,4209.420753
6.0,41.0,0.6099702715873718,45846.780823,29193.245455,4281.49782,9579.163021,87203.18577000001,87481.159342,97060.322363,33474.74327500001,63585.579088000006,17738.798265000005,277.973572
6.0,42.0,1.211920976638794,18079.361724,23100.60847,2793.525123,1737.145355,63251.281401,65997.403908,67734.549264,25894.133593000002,41840.415671,23761.053947,2746.122508
6.0,43.0,2.714585304260254,5209.986381,17828.038431,5702.039273,6614.1785500000005,0,69407.774192,76021.952742,23530.077704,52491.875038,47281.888656999996,69407.774192
6.0,44.0,2.2614974975585938,894.7030169999999,10750.453578999999,2426.292327,0,2467.900793,50822.787723,50822.787723,13176.745906,37646.041817,36751.3388,48354.88693
6.0,45.0,3.72151780128479,53906.157597,54592.418953,17985.290581,0,20589.98534,170089.057948,170089.057948,72577.70953400001,97511.348414,43605.190816999995,149499.072609
6.0,46.0,5.071578025817871,17713.479040000002,21908.649924,4567.209637,753.423734,8754.554131,69861.35288399999,70614.776619,26475.859561,44138.917058,26425.438018000004,61106.798752999995
7.0,1.0,0.0,0,0,0,0,0,0,0,0,0,0,0
7.0,2.0,0.0,0,0,0,0,0,0,0,0,0,0,0
7.0,3.0,0.0,0,0,0,0,0,0,0,0,0,0,0
7.0,4.0,0.3944732546806335,25906.961606,23981.507272000003,3664.6647059999996,42519.939035,14451.360958,16841.154920999998,59361.093956,27646.171979000002,31714.921977,5807.960370999999,2389.793963
7.0,5.0,0.1741654127836227,3869.365591,4373.373192000001,547.728965,0,945.36104,9254.629902,9254.629902,4921.102158000001,4333.527745,464.16215400000004,8309.268861999999
7.0,6.0,0.0,0,0,0,0,0,0,0,0,0,0,0
7.0,7.0,0.0,0,0,0,0,0,0,0,0,0,0,0
7.0,8.0,0.0,0,0,0,0,0,0,0,0,0,0,0
7.0,9.0,0.0,0,0,0,0,0,0,0,0,0,0,0
7.0,10.0,0.0,0,0,0,0,0,0,0,0,0,0,0
7.0,11.0,0.0,0,0,0,0,0,0,0,0,0,0,0
7.0,12.0,0.0,0,0,0,0,0,0,0,0,0,0,0
7.0,13.0,0.0,0,0,0,0,0,0,0,0,0,0,0
7.0,14.0,0.3771162629127502,4942.818536000001,434.810886,0,0,3592.8944020000004,7253.062167,7253.062167,434.810886,6818.2512799999995,1875.4327449999998,3660.167765
7.0,15.0,0.0,0,0,0,0,0,0,0,0,0,0,0
7.0,16.0,0.0,0,0,0,0,0,0,0,0,0,0,0
7.0,17.0,0.0,0,0,0,0,0,0,0,0,0,0,0
7.0,18.0,0.0,0,0,0,0,0,0,0,0,0,0,0
7.0,19.0,0.0,0,0,0,0,0,0,0,0,0,0,0
7.0,20.0,0.0,0,0,0,0,0,0,0,0,0,0,0
7.0,21.0,0.6773620247840881,3754.744511,46810.645006,7849.358212,0,24486.142448,85282.20136199999,85282.20136199999,54660.003219000006,30622.198143999998,26867.453633,60796.058914
7.0,22.0,0.1847146898508072,335.92482599999994,1441.3278320000002,7.7798419999999355,5.7407819999999665,435.57626400000004,2061.080641,2066.821423,1449.1076739999999,617.713749,281.78892299999995,1625.504377
7.0,23.0,0.1794336587190628,1467.355988,5937.732938,0,3.1272459999999604,2722.4569109999998,8356.413679,8359.540925,5937.732938,2421.807987,954.451999,5633.956768
7.0,24.0,1.219262957572937,2200.7573260000004,25334.160603000004,1650.3087979999998,0,5818.479913,33325.828891000005,33325.828891000005,26984.469401000002,6341.3594889999995,4140.602164,27507.348978
7.0,25.0,0.5547212958335876,5396.330441,10060.843662000001,2406.965786,0,4367.141646,20853.755104,20853.755104,12467.809448,8385.945656,2989.615215,16486.613458
7.0,26.0,0.829189121723175,6718.785367,15444.290791000003,10006.309145,2738.161497,12363.339259999999,36460.041949,39198.203446,25450.599936000002,13747.603509999999,7028.8181429999995,24096.702689
7.0,27.0,0.0,0,0,0,0,0,0,0,0,0,0,0
7.0,28.0,0.0,0,0,0,0,0,0,0,0,0,0,0
7.0,29.0,0.0,0,0,0,0,0,0,0,0,0,0,0
7.0,30.0,0.0,0,0,0,0,0,0,0,0,0,0,0
7.0,31.0,0.0,0,0,0,0,0,0,0,0,0,0,0
7.0,32.0,0.0,0,0,0,0,0,0,0,0,0,0,0
7.0,33.0,0.0298588145524263,200.75583099999997,795.3120220000001,0,0,579.384323,1287.87623,1287.87623,795.3120220000001,492.564208,291.80837799999995,708.4919070000001
7.0,34.0,0.0274065807461738,829.4350539999999,565.2214429999999,177.68984899999995,6.6577439999999815,296.761754,1993.629389,2000.2871330000005,742.911291,1257.3758419999997,427.940788,1696.8676349999998
7.0,35.0,0.028259428218007,567.451491,743.9177480000001,157.16317099999995,0.012695,844.2692499999999,1811.856401,1811.869095,901.080919,910.7881759999999,343.336685,967.5871500000001
7.0,36.0,0.0,0,0,0,0,0,0,0,0,0,0,0
7.0,37.0,0.0,0,0,0,0,0,0,0,0,0,0,0
7.0,38.0,0.0465872325003147,4365.229305,2192.938391,0,0,1697.249648,8609.729449999999,8609.729449999999,2192.938391,6416.7910600000005,2051.561755,6912.479803
7.0,39.0,0.0562924668192863,1562.481058,666.865912,0,0,994.980665,3695.021718,3695.021718,666.865912,3028.1558059999998,1465.6747479999997,2700.041053
7.0,40.0,0.056009043008089,1042.6712049999999,1205.466337,0,7.27718099999997,1455.8932,4415.693401,4422.970582,1205.466337,3217.504245,2174.83304,2959.800201
7.0,41.0,0.156982272863388,8836.777485999999,5721.281306000001,794.486263,1377.2681250000003,14843.557555,17839.3499,19216.618024000003,6515.767569,12700.850456,3864.072969,2995.7923440000004
7.0,42.0,0.1184723377227783,2359.4026140000005,756.6688489999999,47.80704099999999,1.659549999999964,5303.104582,5303.104582,5304.764132,804.47589,4500.288242,2140.885628,0
7.0,43.0,5.6131110191345215,10772.885817,36863.740294,11790.326831,13676.391908000001,0,143517.18854200002,157193.58044999998,48654.067124,108539.51332499999,97766.627508,143517.18854200002
7.0,44.0,0.0,0,0,0,0,0,0,0,0,0,0,0
7.0,45.0,0.0,0,0,0,0,0,0,0,0,0,0,0
7.0,46.0,0.4409003853797912,4402.541309,1658.098516,333.20208199999996,2811.234782,526.650079,4554.263814,7365.498595,1991.300598,5374.197997,971.6566869999999,4027.6137350000004
8.0,1.0,4.751020908355713,31540.352115,61209.344638999995,17492.529314,21414.611476000002,75141.13905599999,112092.52368399999,133507.13516,78701.87395200001,54805.261207999996,23264.909093,36951.384628
8.0,2.0,0.0,0,0,0,0,0,0,0,0,0,0,0
8.0,3.0,0.4231531322002411,12596.998211000002,6785.010775999999,347.663445,0.052171,19934.011498,19934.011498,19934.063668999996,7132.674220999999,12801.389448000002,204.39123699999996,0
8.0,4.0,23.500791549682617,2154399.6319819996,962030.4529980002,142844.090521,2771498.547429,913071.7756919999,986415.437516,3757913.984945,1104874.5435199998,2653039.441426,498639.809443,73343.661825
8.0,5.0,1.2790518999099731,666.6989639999999,172023.83078400002,0,122651.676773,34904.819673,55273.31445,177924.991223,172023.83078400002,5901.160439,5234.461476,20368.494777
8.0,6.0,0.2281886935234069,26.23579599999996,8230.142576,5440.662416,6575.978681,959.1508220000001,7452.508455000001,14028.487135000001,13670.804992,357.682143,331.446347,6493.357633
8.0,7.0,0.0,0,0,0,0,0,0,0,0,0,0,0
8.0,8.0,0.1658849269151687,1519.763684,10928.315177,0,7700.068811,2933.3127270000005,5408.283652,13108.352463,10928.315177,2180.037286,660.273602,2474.970925
8.0,9.0,0.0,0,0,0,0,0,0,0,0,0,0,0
8.0,10.0,0.0,0,0,0,0,0,0,0,0,0,0,0
8.0,11.0,0.0,0,0,0,0,0,0,0,0,0,0,0
8.0,12.0,0.3652281761169433,532.956658,16650.583592000003,0,9333.547558,9578.684678,9578.684678,18912.232236,16650.583592000003,2261.648644,1728.691987,0
8.0,13.0,0.0,0,0,0,0,0,0,0,0,0,0,0
8.0,14.0,4.649474620819092,28723.792580000005,75841.68545400002,0,61204.042307,24680.296991999996,61711.84972800001,122915.89203500001,75841.68545400002,47074.206581,18350.414,37031.552736
8.0,15.0,0.3058273196220398,1952.262544,14462.198193,4871.848581,12908.408491,3394.6443170000002,12665.586505,25573.994995999998,19334.046774000002,6239.948222,4287.685677,9270.942188
8.0,16.0,0.0711280480027198,2160.5002790000003,2513.0263560000003,0,2827.577151,1412.6633059999997,2707.004743,5534.581894,2513.0263560000003,3021.555538,861.0552590000002,1294.341437
8.0,17.0,0.0,0,0,0,0,0,0,0,0,0,0,0
8.0,18.0,2.0212390422821045,26507.083768999997,77527.703025,30499.317938999993,83301.62544799999,22862.985053,67579.842365,150881.467813,108027.02096400001,42854.44684899999,16347.363081000001,44716.857313
8.0,19.0,0.0,0,0,0,0,0,0,0,0,0,0,0
8.0,20.0,1.514758586883545,283744.51902300003,147646.38589299994,11228.375901000001,0,217808.658328,516968.997876,516968.997876,158874.76179400002,358094.23608199996,74349.717059,299160.33954799996
8.0,21.0,7.102864742279053,122697.567852,469119.88776,84270.708724,0,270346.04775,951225.0366260001,951225.0366260001,553390.596484,397834.44014200004,275136.872289,680878.988875
8.0,22.0,2.749615430831909,10301.381252,31110.838484,2962.550462,173.32621099999992,36421.82925899999,49174.723659999996,49348.049871,34073.388946,15274.660925000004,4973.279673,12752.894402
8.0,23.0,3.892902374267578,2675.872909,66712.938868,0,24545.039369,56126.851014,75277.27751400002,99822.316883,66712.938868,33109.378014,30433.505105000007,19150.4265
8.0,24.0,9.450902938842772,66373.338224,87768.391307,8441.253668,0,71846.63039100001,188684.780032,188684.780032,96209.644975,92475.13505600001,26101.796833,116838.149641
8.0,25.0,4.424263954162598,41675.153856,67917.41207399999,16427.084434,0,38863.99698999999,150024.328955,150024.328955,84344.496508,65679.832447,24004.678592,111160.331965
8.0,26.0,4.405059337615967,71480.779559,253955.52718200002,0,2168.160514,330790.846617,399262.021956,401430.18247,253955.52718200002,147474.655288,75993.87572899999,68471.175339
8.0,27.0,0.0,0,0,0,0,0,0,0,0,0,0,0
8.0,28.0,0.0,0,0,0,0,0,0,0,0,0,0,0
8.0,29.0,0.0,0,0,0,0,0,0,0,0,0,0,0
8.0,30.0,0.0478837750852108,296.68474699999996,1050.7655180000002,149.73170299999995,0,1613.12599,1823.181071,1823.181071,1200.497221,622.68385,325.999103,210.055081
8.0,31.0,0.5797203779220581,19797.736174,13677.594797,1964.83148,614.291294,25784.333297,47502.633523,48116.92481700001,15642.426277000004,32474.498539999997,12676.762365999999,21718.300226
8.0,32.0,0.0168084483593702,2889.153025,2787.556474,969.277619,889.588293,7266.874535,7570.396032000001,8459.984325,3756.834093,4703.150232,1813.9972070000001,303.52149699999995
8.0,33.0,0.2877031862735748,2445.8077630000003,12806.635198,34.88509499999996,0,14141.588783,18592.7754,18592.7754,12841.520294,5751.2551060000005,3305.447343,4451.186617
8.0,34.0,0.1322754323482513,4672.0045900000005,3022.580339,966.4895149999999,36.846743999999966,4571.639859,11499.888249,11536.734992999998,3989.0698540000003,7547.665139,2875.660549,6928.248390000001
8.0,35.0,0.3544761538505554,7503.107300000001,10004.985228,2165.478982,4.467387999999955,14741.657085,23303.344599,23307.811987000005,12170.46421,11137.347776999999,3634.240477,8561.687514000001
8.0,36.0,1.6022825241088867,122.20387599999998,6315.673529000001,1500.349875,179.54107699999994,1470.4379909999998,8303.948435,8483.489511,7816.023404,667.4661080000001,545.262232,6833.5104440000005
8.0,37.0,0.3898863494396209,191688.789088,71651.63801600001,2134.1846210000003,358.696399,258767.368239,277094.549785,277453.246184,73785.82263699999,203667.423547,11978.634458999999,18327.181545
8.0,38.0,0.0201189965009689,4490.734537,192.97412399999996,494.728802,0,4188.952234,5741.784157,5741.784157,687.702927,5054.081231,563.346693,1552.8319229999997
8.0,39.0,1.7783621549606323,74424.94219600002,61823.196528,5477.916716,8023.974861999998,122222.874253,205629.770932,213653.74579500002,67301.11324400001,146352.63255,71927.690354,83406.89667899998
8.0,40.0,0.3156236410140991,11305.675412999999,11725.50261,2726.357646,0,32070.871951,32070.871951,32070.871951,14451.860256000004,17619.011695999998,6313.336283,0
8.0,41.0,0.4254216253757477,30802.918076,28838.885162000002,4122.060879,9350.857108,65013.944191,69346.96775899999,78697.82486699999,32960.94604,45736.878827,14933.960751,4333.023569
8.0,42.0,1.5836080312728882,35893.120697,27740.729731000003,1771.3157620000002,5.920603999999935,110850.29460099999,123459.48916400001,123465.40976799998,29512.045493,93953.36427499999,58060.243578,12609.194563000001
8.0,43.0,7.500307083129883,3461.526223,46900.615557000005,41416.371994,0,4030.405805000001,210337.544219,210337.544219,88316.987551,122020.556668,118559.03044500001,206307.138414
8.0,44.0,9.901361465454102,17274.950275000003,21624.780281,4759.132662,0,3243.677748,101857.730754,101857.730754,26383.912943000003,75473.81781,58198.867535,98614.053005
8.0,45.0,6.361842632293701,125532.03146,117566.00994500001,37732.246467,0,57964.12082999999,357225.28428200004,357225.28428200004,155298.25641200002,201927.02787000002,76394.99640999999,299261.16345200007
8.0,46.0,3.5399084091186523,34525.239246,23398.910076,4631.213351,0.000003999999999999999,15634.888470999997,84137.560835,84137.56083900001,28030.123427000002,56107.437412,21582.198165999995,68502.672364
9.0,1.0,0.0004427832900546,11.108894999999983,32.83854899999998,0,0,39.69259699999993,52.877514999999974,52.877514999999974,32.83854899999998,20.038966,8.930070999999934,13.184917999999964
9.0,2.0,0.0,0,0,0,0,0,0,0,0,0,0,0
9.0,3.0,0.0,0,0,0,0,0,0,0,0,0,0,0
9.0,4.0,1.6619871854782104,69998.613718,13439.045103999999,1884.988706,65461.176232,30582.093545,32453.642404000002,97914.81863600001,15324.03381,82590.784826,12592.171107999999,1871.548859
9.0,5.0,0.1601610481739044,549.4769839999999,5514.92671,695.693374,4042.6185410000003,1425.31728,3091.867523,7134.486064000001,6210.620084,923.86598,374.38899599999996,1666.550243
9.0,6.0,0.0,0,0,0,0,0,0,0,0,0,0,0
9.0,7.0,0.0,0,0,0,0,0,0,0,0,0,0,0
9.0,8.0,0.0,0,0,0,0,0,0,0,0,0,0,0
9.0,9.0,0.0,0,0,0,0,0,0,0,0,0,0,0
9.0,10.0,0.0,0,0,0,0,0,0,0,0,0,0,0
9.0,11.0,0.0,0,0,0,0,0,0,0,0,0,0,0
9.0,12.0,0.0,0,0,0,0,0,0,0,0,0,0,0
9.0,13.0,0.0,0,0,0,0,0,0,0,0,0,0,0
9.0,14.0,0.0,0,0,0,0,0,0,0,0,0,0,0
9.0,15.0,0.0,0,0,0,0,0,0,0,0,0,0,0
9.0,16.0,0.0,0,0,0,0,0,0,0,0,0,0,0
9.0,17.0,0.0,0,0,0,0,0,0,0,0,0,0,0
9.0,18.0,0.0,0,0,0,0,0,0,0,0,0,0,0
9.0,19.0,0.0,0,0,0,0,0,0,0,0,0,0,0
9.0,20.0,0.0,0,0,0,0,0,0,0,0,0,0,0
9.0,21.0,0.7016085982322693,84707.688588,86718.001576,15126.104051999999,0,53049.069932000006,231157.57823599997,231157.57823599997,101844.105628,129313.472609,44605.78402,178108.508304
9.0,22.0,0.0977402180433273,71.88131299999998,1221.1921829999999,5.748143999999963,0.7462509999999634,745.8870999999999,1396.788328,1397.534579,1226.940328,170.594251,98.71293799999997,650.901228
9.0,23.0,0.2544911205768585,430.61599199999995,4904.855938000001,0,593.840774,1560.9295789999999,5677.287042,6271.127816,4904.855938000001,1366.271878,935.655887,4116.357463
9.0,24.0,2.0233094692230225,17075.860138000004,11586.180946999999,906.6159510000001,0,6838.467686,39243.263469,39243.263469,12492.796898,26750.466570999997,9674.606433,32404.795783
9.0,25.0,0.6289808750152588,10927.772886,12708.354711000002,3035.55905,0,6654.3659529999995,29757.681537000004,29757.681537000004,15743.913761,14013.767777,3085.99489,23103.315584
9.0,26.0,0.7136490345001221,11421.034494000001,39956.93567,0,304.7106109999999,44644.595466,63204.939493,63509.65010400001,39956.93567,23552.714434,12131.67994,18560.344027000003
9.0,27.0,0.0,0,0,0,0,0,0,0,0,0,0,0
9.0,28.0,0.0,0,0,0,0,0,0,0,0,0,0,0
9.0,29.0,0.0,0,0,0,0,0,0,0,0,0,0,0
9.0,30.0,0.0,0,0,0,0,0,0,0,0,0,0,0
9.0,31.0,0.0,0,0,0,0,0,0,0,0,0,0,0
9.0,32.0,0.0250972043722867,4313.882056,4162.186465,1447.258508,1328.2710920000002,3145.114331,11303.590931,12631.862023,5609.444972,7022.417051,2708.534995,8158.476600000001
9.0,33.0,0.0086111621931195,58.24645499999998,328.24759800000004,0,0.000030000000000000004,414.27256700000004,444.708553,444.708583,328.24759800000004,116.46098599999995,58.21452999999997,30.435985999999954
9.0,34.0,0.0090554105117917,185.67412599999997,450.12138,0,0,389.01168999999993,736.5212210000001,736.5212210000001,450.12138,286.399842,100.725716,347.509531
9.0,35.0,0.0085599143058061,129.75102199999998,357.860304,74.52905399999995,0.0014960000000000002,437.73450499999996,637.574684,637.57618,432.389357,205.18682299999998,75.43579999999993,199.84017899999995
9.0,36.0,0.0,0,0,0,0,0,0,0,0,0,0,0
9.0,37.0,0.0561250038444995,22360.674847000002,8927.869131000001,261.229781,7.8493519999999375,12274.894223,32142.540064,32150.389416,9189.098912,22961.290504,600.615657,19867.645840999998
9.0,38.0,0.0,0,0,0,0,0,0,0,0,0,0,0
9.0,39.0,0.0,0,0,0,0,0,0,0,0,0,0,0
9.0,40.0,0.0,0,0,0,0,0,0,0,0,0,0,0
9.0,41.0,0.411927193403244,72689.677138,8673.762448,1227.801645,17183.554459000003,108699.96007399999,109542.31328700001,126725.86774599999,9901.564092999999,116824.303653,44134.626515,842.3532130000001
9.0,42.0,0.0957945585250854,1408.424163,1608.229964,0,0.9544689999999538,6640.031267,6993.071883,6994.026352000001,1608.229964,5385.796388,3977.372225,353.040617
9.0,43.0,1.221344828605652,563.672492,7637.263199999999,6744.212841,0,656.308442,34251.217535,34251.217535,14381.476041,19869.741494,19306.069002,33594.909092999995
9.0,44.0,0.0,0,0,0,0,0,0,0,0,0,0,0
9.0,45.0,0.0,0,0,0,0,0,0,0,0,0,0,0
9.0,46.0,0.7975528240203857,7996.783898000001,5820.675617,1153.9132959999997,0,612.702809,23463.007647,23463.007647,6974.588911999999,16488.418735,8491.634837,22850.304838
10.0,1.0,0.8112399578094482,12555.25652,16042.346857999999,4509.508803,6666.810232,17339.6422,32443.932366999998,39110.742599,20551.855660999998,18558.886938,6003.630418,15104.290167000001
10.0,2.0,0.0,0,0,0,0,0,0,0,0,0,0,0
10.0,3.0,0.0752308294177055,2223.439087,5404.890337,351.030936,210.65695999999997,8105.936077,8105.936077,8316.593037999999,5755.921272,2560.671765,337.232678,0
10.0,4.0,2.666675090789795,54344.049222999995,71444.038491,12013.168055,108730.768449,52401.195297000006,53179.285091,161910.05354000002,83457.20654599999,78452.846994,24108.797770999998,778.0897950000001
10.0,5.0,0.6149725914001465,2004.729628,33471.393714000005,4363.7356580000005,27173.262319999998,2514.2490129999996,14379.299524999997,41552.561845,37835.129372,3717.432473,1712.7028449999998,11865.050512
10.0,6.0,0.0,0,0,0,0,0,0,0,0,0,0,0
10.0,7.0,0.0,0,0,0,0,0,0,0,0,0,0,0
10.0,8.0,0.0578471310436725,101.49122999999999,314.21248099999997,53.15872899999997,0,532.660881,551.041506,551.041506,367.37121,183.67029599999998,82.17906699999997,18.380624999999995
10.0,9.0,0.0,0,0,0,0,0,0,0,0,0,0,0
10.0,10.0,0.0,0,0,0,0,0,0,0,0,0,0,0
10.0,11.0,0.0,0,0,0,0,0,0,0,0,0,0,0
10.0,12.0,0.1130352467298507,655.43083,4195.00563,580.233468,2611.7632329999997,3246.8954649999996,3246.8954649999996,5858.658697999999,4775.239098,1083.4196,427.98876900000005,0
10.0,13.0,0.0,0,0,0,0,0,0,0,0,0,0,0
10.0,14.0,0.6874020099639893,459.371381,720.1676610000001,394.89858,0,2382.095793,3142.4624329999997,3142.4624329999997,1115.066241,2027.3961920000002,1568.024811,760.36664
10.0,15.0,0.0,0,0,0,0,0,0,0,0,0,0,0
10.0,16.0,0.2342482060194015,7115.238114000001,8276.223727,0,9312.141869000001,457.235091,8915.058435999998,18227.200305000002,8276.223727,9950.976578,2835.738464,8457.823344999999
10.0,17.0,0.0,0,0,0,0,0,0,0,0,0,0,0
10.0,18.0,1.1205909252166748,5426.064442,1836.4237370000003,0,0,6044.480178,13816.508547999998,13816.508547999998,1836.4237370000003,11980.084811,6554.020368999999,7772.02837
10.0,19.0,0.0,0,0,0,0,0,0,0,0,0,0,0
10.0,20.0,0.0765974447131156,2550.60905,1584.156086,119.68206799999999,0,2162.415646,4941.867981,4941.867981,1703.838154,3238.029827,687.420777,2779.452335
10.0,21.0,1.678100347518921,30824.546933,123895.703388,21663.451295,0,45836.152537,234488.776672,234488.776672,145559.154683,88929.62198899999,58105.075056999995,188652.624135
10.0,22.0,0.476982980966568,259.14856299999997,3702.0190279999997,349.11053000000004,69.74651799999995,1955.709093,4722.76477,4792.511288,4051.1295579999996,741.3817300000001,482.233167,2767.055677
10.0,23.0,0.9046000838279724,1429.4405769999998,11439.834906,0,673.717145,13861.292201999999,13861.292201999999,14535.009347000001,11439.834906,3095.1744400000002,1665.733864,0
10.0,24.0,4.987274169921875,35834.300894,43015.345559999994,3630.432769,0,16989.624117,97969.306294,97969.306294,46645.778328,51323.527966,15489.227071999996,80979.682177
10.0,25.0,1.2674740552902222,10458.730108,21240.873251,5076.8154540000005,0,8309.273363,43247.904109,43247.904109,26317.688705,16930.215404,6471.485296999999,34938.630746
10.0,26.0,1.280673265457153,17509.864790999996,58104.804847,38816.395734000005,858.565973,99795.31566999998,131069.163307,131927.72928,96921.20058,35006.528699,17496.663909000003,31273.847637
10.0,27.0,0.0,0,0,0,0,0,0,0,0,0,0,0
10.0,28.0,0.0,0,0,0,0,0,0,0,0,0,0,0
10.0,29.0,0.0,0,0,0,0,0,0,0,0,0,0,0
10.0,30.0,0.0,0,0,0,0,0,0,0,0,0,0,0
10.0,31.0,0.0,0,0,0,0,0,0,0,0,0,0,0
10.0,32.0,0.0141787575557827,2437.14301,2351.441425,817.6337240000001,750.4114320000001,4113.288294,6386.002821,7136.414252999999,3169.0751490000002,3967.339104,1530.196094,2272.7145270000005
10.0,33.0,0.0709215477108955,201.35479299999994,2326.623044,0.2005249999999636,0,3256.2777579999997,3447.530401,3447.530401,2326.823569,1120.7068319999998,919.352039,191.25264399999998
10.0,34.0,0.0,0,0,0,0,0,0,0,0,0,0,0
10.0,35.0,0.0539656654000282,628.3807919999999,650.51699,0,0.003105,1398.9616139999998,1398.9616139999998,1398.9647189999998,650.51699,748.4477290000001,120.06693700000001,0
10.0,36.0,0.0,0,0,0,0,0,0,0,0,0,0,0
10.0,37.0,0.1138466149568557,76617.694177,34643.260923,0,14.242777999999957,13754.919700999999,114212.12925400001,114226.372032,34643.260923,79583.111109,2965.4169310000007,100457.20955300001
10.0,38.0,0.0,0,0,0,0,0,0,0,0,0,0,0
10.0,39.0,0.2207518815994262,9003.624461,5609.458847,538.451913,1046.473048,8249.383820000001,22083.373191,23129.846239000002,6147.91076,16981.935479,7978.311017000001,13833.989371
10.0,40.0,0.2116912603378296,2246.176229,5174.726203,1023.3108040000002,8752.473062,8061.016648999998,8101.725329000001,16854.198391,6198.037008,10656.161383999999,8409.985155,40.708679999999966
10.0,41.0,0.0570714958012104,4932.472098,6980.062864,973.4012740000001,1607.3584070000004,12885.483661,13004.040615,14611.399022,7953.464139000002,6657.934883,1725.4627850000002,118.55695399999995
10.0,42.0,0.1676968932151794,4769.092556,2366.849817,149.87462899999997,2.7576899999999887,10172.412692,11411.185841999999,11413.943532,2516.724446,8897.219086,4128.126531,1238.773151
10.0,43.0,2.716399669647217,1253.6653559999997,16986.055609000003,14999.82014,0,1459.6971979999998,76178.216008,76178.216008,31985.87575,44192.340258,42938.674902,74718.518809
10.0,44.0,1.8507447242736816,3382.778763,4464.242607,976.580406,0,161.77646399999995,20494.119985999998,20494.119985999998,5440.8230140000005,15053.296972,11670.518210000002,20332.343522
10.0,45.0,1.0903533697128296,43457.014454000004,24798.625164,7952.429528,0,2705.8659700000003,83311.33183000001,83311.33183000001,32751.05469200001,50560.277138,7103.262684,80605.46585999998
10.0,46.0,1.3278542757034302,1172.004627,6039.111393,1167.29685,0.0000019999999999999995,2266.48648,13807.279367,13807.279369,7206.408243,6600.871125999999,5428.866499000001,11540.792887
11.0,1.0,10.116121292114258,105808.762443,185295.822146,56636.103608000005,85512.375125,235876.780848,318607.816233,404120.191358,241931.925755,162188.265604,56379.50315999999,82731.035385
11.0,2.0,0.0497896485030651,211.08060300000002,547.207071,95.70227599999997,0,1143.172319,1187.020125,1187.020125,642.909347,544.110778,333.03017500000004,43.84780599999996
11.0,3.0,0.7800903916358948,16307.832912,31285.134618,1337.099973,9327.469991999998,43174.915742,43174.915742,52502.385733999996,32622.234591,19880.151144,3572.3182309999997,0
11.0,4.0,27.726171493530277,1511588.317878,409755.185415,67412.225592,1900829.0923100002,125577.827669,143121.65231400004,2043950.744624,477167.411007,1566783.3336170001,55195.015739,17543.824645
11.0,5.0,7.113428592681885,123115.459791,460267.66443400003,90137.96774700002,216861.554829,217444.718154,513987.015805,730848.570634,550405.632181,180442.938453,57327.478662,296542.29765100003
11.0,6.0,0.5031927227973938,608.907483,9749.283679999999,12999.400395,1.217162999999923,8484.397686,27489.141854,27490.359017000002,22748.684074999997,4741.674943,4132.767459,19004.744167999997
11.0,7.0,0.2716500163078308,133.502064,2132.223755,0,691.100654,2073.2277540000005,2073.2277540000005,2764.328407,2132.223755,632.104652,498.60258799999997,0
11.0,8.0,0.4511619210243225,598.483889,8243.233708,1383.654843,2059.376431,10250.767025000001,10646.864279,12706.24071,9626.888551,3079.3521589999996,2480.8682710000003,396.097254
11.0,9.0,0.0,0,0,0,0,0,0,0,0,0,0,0
11.0,10.0,0.3504800200462341,11125.536993,35736.345513,42976.594572,32434.109885000005,60490.370864,67149.680944,99583.790829,78712.940084,20870.850745,9745.313752,6659.310081
11.0,11.0,0.1993284970521927,656.301801,4582.681045,3024.71457,0,8766.189259,10737.396668000001,10737.396668000001,7607.395615,3130.0010540000003,2473.6992529999998,1971.207409
11.0,12.0,0.6754875183105469,4074.9923630000003,11535.821587,1774.853009,16.76394099999999,22025.632795,22025.632795,22042.396735000002,13310.674596,8731.722139,4656.729776,0
11.0,13.0,0.2193398624658584,590.683064,5148.6813250000005,1282.2581480000001,1452.633452,6562.842401,6563.060095999999,8015.693548,6430.939473,1584.7540749999998,994.0710109999999,0.21769499999998884
11.0,14.0,1.8223592042922971,8263.641326000003,10001.259990999999,6218.009586,0.15140799999992516,20708.415661,33996.115224,33996.266631,16219.269575999997,17776.997055,9513.355729,13287.699562999998
11.0,15.0,0.2987121939659118,3389.350201,6045.987617,2001.326577,31.43876299999997,6780.367800000001,15392.616445000001,15424.055208,8047.3141940000005,7376.741014,3987.3908129999995,8612.248645
11.0,16.0,0.4878292679786682,4790.579838,17946.942883,2638.5586070000004,2321.3107529999997,14209.136847000002,37426.897697,39748.208449,20585.501489999995,19162.706959,14372.127121,23217.76085
11.0,17.0,0.0,0,0,0,0,0,0,0,0,0,0,0
11.0,18.0,5.445198059082031,17516.241103,73653.114892,34671.461068,5113.285396,75613.307002,154913.45208,160026.737476,108324.57596,51702.161516,34185.920413,79300.14507900001
11.0,19.0,1.6679911613464355,63080.39765,36315.607228,31805.352295000004,0,11244.262996,137205.367035,137205.367035,68120.959523,69084.407512,6004.009862,125961.104038
11.0,20.0,2.180723190307617,46510.537252,154674.59142900002,12580.736123,46398.029592000006,186076.660851,217668.13623000006,264066.165822,167255.32755200003,96810.83827000001,50300.301019,31591.475379000003
11.0,21.0,26.780405044555664,284275.62023,1113642.835066,196289.60110200002,0,561456.119301,2140639.544884,2140639.544884,1309932.436168,830707.1087160001,546431.488485,1579183.4255829998
11.0,22.0,7.522586345672607,852.877467,88232.548851,12006.810738,100.78708299999997,94149.33077799999,150699.69900699996,150800.48609,100239.359589,50561.126501000006,49708.249034,56550.368229
11.0,23.0,11.841797828674316,98415.777194,161670.33745700002,0,63087.690044999996,169059.04280700002,260101.743993,323189.434038,161670.33745800002,161519.096581,63103.319385999996,91042.70118599999
11.0,24.0,28.4577751159668,110479.59840999999,304877.730563,26713.299368000004,0,92479.62436500001,528791.615517,528791.615517,331591.029931,197200.58558600003,86720.98717500002,436311.991151
11.0,25.0,10.53079319000244,73112.70486700001,213677.10680099996,51199.20263299999,0,39153.162417,424392.08411000005,424392.08411000005,264876.309434,159515.774675,86403.069808,385238.921692
11.0,26.0,9.07021713256836,113012.708615,326951.402283,212100.976947,12177.857060999999,571102.5398329999,758418.648637,770596.505697,539052.37923,231544.126467,118531.417851,187316.10880400002
11.0,27.0,0.0,0,0,0,0,0,0,0,0,0,0,0
11.0,28.0,0.0,0,0,0,0,0,0,0,0,0,0,0
11.0,29.0,0.0,0,0,0,0,0,0,0,0,0,0,0
11.0,30.0,1.059462308883667,12980.772455,9339.155604,2873.639562,0,25591.108314,31728.592734,31728.592734,12212.795165,19515.797567999998,6535.025114,6137.484420000001
11.0,31.0,1.1884669065475464,46071.534815000006,53146.751827,7538.137623999999,19666.896675,108517.67114699999,108823.642872,128490.53954800002,60684.889450999995,67805.650096,21734.115281000002,305.971725
11.0,32.0,0.0287658274173736,2806.49634,2666.354414,962.046763,936.958876,8191.301985,8352.373741,9289.332617,3628.401177,5660.931439,2854.4351,161.07175599999997
11.0,33.0,1.068659782409668,2503.048218,41099.250397,1562.7147649999997,10.175078999999927,37404.103017,56878.364323,56888.539401999995,42661.965162,14226.574239,11723.526021,19474.261305
11.0,34.0,0.778922438621521,23598.983292,10302.511271,3328.941723,100.99696399999998,23001.078673,47511.712524999995,47612.709488,13631.452994,33981.256494,10382.273202,24510.633851000002
11.0,35.0,0.4788082838058471,3988.8925109999996,1981.999858,473.29884400000003,31.913628999999954,6207.636613999999,8102.410779,8134.324408,2455.298701,5679.025707,1690.133197,1894.7741649999998
11.0,36.0,2.398191452026367,82157.558267,176489.458577,41132.421318,10959.471229,47743.254515,348526.410204,359485.88143300003,217621.879895,141864.00153799998,59706.443271,300783.15568900004
11.0,37.0,4.287917137145996,751114.232648,60869.967745,1824.702667,46.992019999999975,125767.647597,839143.0264150001,839190.018435,62694.670412,776495.348024,25381.115375,713375.378818
11.0,38.0,0.3728000521659851,41216.607035,10056.321942999999,0,0,53969.408509,64396.57096899999,64396.57096899999,10056.321942999999,54340.249025,13123.641991,10427.162459000001
11.0,39.0,3.636138916015625,136922.20907500002,172831.367884,22843.558888,6423.325524000001,202598.552057,420841.237295,427264.562819,195674.92677199998,231589.63604699998,94667.426972,218242.685237
11.0,40.0,3.218746423721313,87748.73396900001,69697.832577,14003.579872,2055.9695129999996,223263.86098799997,249370.56391100003,251426.53342400002,83701.41244900001,167725.120975,79976.387006,26106.702923
11.0,41.0,1.371563196182251,81825.709019,91381.54546000001,13240.789127,21833.996811,204477.095601,204512.80985499997,226346.806665,104622.334587,121724.472078,39898.76306,35.71425299999997
11.0,42.0,5.512604236602783,69414.298177,68360.533279,12188.583573,548.508236,255160.186314,265665.341648,266213.849884,80549.116852,185664.733032,116250.434855,10505.155334
11.0,43.0,6.504176616668701,4664.558726,40496.750133,12956.493085999999,0,5913.877961,167137.292518,167137.292518,53453.243218999996,113684.049299,109019.490572,161223.41455699998
11.0,44.0,28.319110870361328,47127.608385,61632.932024999995,13600.515141,0,3228.274464,291992.803376,291992.803376,75233.447166,216759.35621,169631.747826,288764.528912
11.0,45.0,17.616840362548828,29082.63178500001,312223.310905,99865.210899,0,72223.007468,1090641.929754,1090641.929754,412088.52180399996,678553.4079499999,649470.776165,1018418.9222869998
11.0,46.0,17.362905502319336,67249.84199,56323.910098,12137.504563999999,9.999999999999997e-7,18104.772189,196777.250317,196777.25031799998,68461.414662,128315.83565600001,61065.993665999995,178672.478129
12.0,1.0,1.0587822198867798,7084.309367,15177.252918000004,4665.624827,7316.360543,20376.911582,25200.374995000002,32516.735538,19842.877745,12673.857793,5589.548426,4823.463413
12.0,2.0,0.0147507581859827,62.53504299999993,162.11637899999997,28.352912,0,323.09504699999997,351.66835499999996,351.66835499999996,190.46929099999994,161.199064,98.66402099999999,28.573307999999994
12.0,3.0,0.0,0,0,0,0,0,0,0,0,0,0,0
12.0,4.0,4.639312744140625,10563.017303999999,3817.7580040000003,545.1106030000001,11680.798211,4617.648878,5478.3391790000005,17159.137390000004,4362.868606999999,12796.268783,2233.251479,860.690302
12.0,5.0,0.673175573348999,2653.63519,11528.808282,1507.410221,4639.160341,3576.8309660000004,14002.102953,18641.263294,13036.218503,5605.044791,2951.4096010000003,10425.271987
12.0,6.0,0.0,0,0,0,0,0,0,0,0,0,0,0
12.0,7.0,0.0,0,0,0,0,0,0,0,0,0,0,0
12.0,8.0,0.0860333815217018,290.322601,1819.238641,273.339274,450.632219,1469.4681190000001,2325.665297,2776.297516,2092.5779150000003,683.719601,393.396999,856.1971779999998
12.0,9.0,0.0,0,0,0,0,0,0,0,0,0,0,0
12.0,10.0,0.0,0,0,0,0,0,0,0,0,0,0,0
12.0,11.0,0.0,0,0,0,0,0,0,0,0,0,0,0
12.0,12.0,0.0,0,0,0,0,0,0,0,0,0,0,0
12.0,13.0,0.0,0,0,0,0,0,0,0,0,0,0,0
12.0,14.0,0.1089395135641098,499.56653499999993,931.9924100000001,504.23067,5.668635999999943,1127.475649,2263.191856,2268.860492,1436.22308,832.6374119999999,333.070877,1135.7162069999997
12.0,15.0,0.0,0,0,0,0,0,0,0,0,0,0,0
12.0,16.0,0.0,0,0,0,0,0,0,0,0,0,0,0
12.0,17.0,0.0,0,0,0,0,0,0,0,0,0,0,0
12.0,18.0,0.1043881401419639,231.31209899999993,680.297783,174.45107900000002,48.36274099999995,564.784865,1460.3441149999999,1508.7068559999998,854.748861,653.957994,422.645895,895.55925
12.0,19.0,0.0,0,0,0,0,0,0,0,0,0,0,0
12.0,20.0,0.5585111379623413,4433.849646,3172.644482,269.90560899999997,0,12742.48643,14829.090425000002,14829.090425000002,3442.550091,11386.540335,6952.690689,2086.603995
12.0,21.0,2.4334542751312256,18395.216402,117283.909446,20007.15802,0,43726.079241,216557.310361,216557.310361,137291.067466,79266.24289400001,60871.026493000005,172831.231119
12.0,22.0,0.7812461256980896,434.371797,7976.225904999999,2.0125949999999944,2.6106969999999365,4820.887837,9343.033731,9345.644426999997,7978.2384999999995,1367.405927,933.0341299999999,4522.145893
12.0,23.0,1.5883374214172363,1975.1744309999997,14307.643971,0,3460.452065000001,10756.908722,19664.510281,23124.962346,14307.643971,8817.318374999999,6842.1439439999995,8907.601559
12.0,24.0,5.906496524810791,34035.828777,76770.71036800001,6481.266588,0,18028.944306,132464.67534899997,132464.67534899997,83251.976956,49212.698393,15176.869615999998,114435.731043
12.0,25.0,1.9743714332580569,40676.000556,59301.961304000004,14176.379260999998,0,26619.538153,131376.700215,131376.700215,73478.34056499999,57898.35965,17222.359094,104757.162062
12.0,26.0,1.763429880142212,35712.489691,156796.68335500002,0,1353.659286,161680.39137499998,215884.414876,217238.074162,156796.68335500002,60441.390806999996,24728.901116999998,54204.023499999996
12.0,27.0,0.0,0,0,0,0,0,0,0,0,0,0,0
12.0,28.0,0.0,0,0,0,0,0,0,0,0,0,0,0
12.0,29.0,0.0,0,0,0,0,0,0,0,0,0,0,0
12.0,30.0,0.0,0,0,0,0,0,0,0,0,0,0,0
12.0,31.0,0.0,0,0,0,0,0,0,0,0,0,0,0
12.0,32.0,0.009166614152491,894.327101,849.669046,306.56891499999995,298.574276,2645.626541,2661.594121,2960.168397,1156.237962,1803.930435,909.603334,15.967579999999971
12.0,33.0,0.0,0,0,0,0,0,0,0,0,0,0,0
12.0,34.0,0.0,0,0,0,0,0,0,0,0,0,0,0
12.0,35.0,0.2173475921154022,2621.378984,4218.782534999999,931.015229,19.76782399999993,4896.178605,9705.218209,9724.986033000001,5149.797765,4575.188268,1953.8092840000002,4809.039604
12.0,36.0,0.0,0,0,0,0,0,0,0,0,0,0,0
12.0,37.0,0.4670270681381225,15435.780229,799.3309509999999,24.063603999999962,33.11657999999998,12442.783276000002,18425.954228,18459.070808999997,823.394555,17635.676253,2199.896024,5983.170953
12.0,38.0,0.0,0,0,0,0,0,0,0,0,0,0,0
12.0,39.0,0.7487696409225464,26542.986834,21590.512506999996,1791.5582580000005,598.456229,34271.158491,72006.34039599999,72604.796625,23382.070765,49222.725861000006,22679.739027,37735.181905
12.0,40.0,0.0959828197956085,3603.66842,1658.5006229999997,0,2.135321999999993,2323.2521910000005,7484.397722999998,7486.533045,1658.5006229999997,5828.032422,2224.364002,5161.145532
12.0,41.0,0.2681340277194977,19650.410661,23209.942767,3271.3810839999996,4926.084296,46941.490291,47759.352614999996,52685.436911000004,26481.323850999997,26204.113060000003,6553.702399,817.8623240000001
12.0,42.0,0.3594132363796234,6020.257072,5638.340069,362.481138,0.4081029999999634,21080.484747,22003.414977,22003.823079,6000.821207,16003.001872,9982.7448,922.9302289999999
12.0,43.0,5.520657539367676,3959.211734,34373.096345,10997.294371000002,0,816.6403149999999,141863.879476,141863.879476,45370.390717,96493.48876,92534.27702600001,141047.23916100003
12.0,44.0,1.61384916305542,4001.1553510000003,2849.114746,626.232614,0,490.536807,18169.895497999998,18169.895497999998,3475.34736,14694.548137,10693.392786,17679.358691000005
12.0,45.0,0.9986193180084229,3899.242965000001,18802.433539,5946.566759,0,6331.025421,58391.24806400001,58391.24806400001,24749.000299,33642.247766,29743.004801000003,52060.222643
12.0,46.0,1.6757372617721558,3027.682573,8202.753555999998,1556.355716,0,2248.938727,16798.311758,16798.311758,9759.109272,7039.202486,4011.5199129999996,14549.373031
13.0,1.0,17.309459686279297,109605.64369600001,167605.78681800002,48203.861749,91577.295983,210615.99953699997,308477.27028600004,400054.566268,215809.648566,184244.917702,74639.27400599999,97861.270749
13.0,2.0,0.041897814720869,177.62357399999996,460.472736,80.53310199999999,0,964.205633,998.8730960000001,998.8730960000001,541.005838,457.86725799999994,280.24368400000003,34.66746199999997
13.0,3.0,0.034423504024744,2891.890796,5579.87429,0,0,8614.251407999998,8614.251407999998,8614.251407999998,5579.87429,3034.377118,142.486322,0
13.0,4.0,7.031538963317871,16565.035487,12476.647787,1830.5709760000002,24437.162274,8996.298799,9534.855487,33972.017761,14307.218763,19664.798998,3099.763511,538.556688
13.0,5.0,1.3502072095870972,8532.288348,42793.330447,8134.631561,20046.828199,36608.320658000004,46478.192324,66525.020523,50927.962008,15597.058515000002,7064.770167,9869.871667
13.0,6.0,0.0267165582627058,0.0063950000000000005,241.96952199999993,123.12033099999995,0,236.203289,442.134915,442.134915,365.08985299999995,77.045062,77.03866699999996,205.93162600000002
13.0,7.0,0.0,0,0,0,0,0,0,0,0,0,0,0
13.0,8.0,0.0721050202846527,149.015128,3937.0041880000003,0,0,3900.10126,4553.612666999999,4553.612666999999,3937.0041880000003,616.608479,467.59335100000004,653.511407
13.0,9.0,0.0,0,0,0,0,0,0,0,0,0,0,0
13.0,10.0,0.0,0,0,0,0,0,0,0,0,0,0,0
13.0,11.0,0.0,0,0,0,0,0,0,0,0,0,0,0
13.0,12.0,0.0,0,0,0,0,0,0,0,0,0,0,0
13.0,13.0,0.0,0,0,0,0,0,0,0,0,0,0,0
13.0,14.0,0.0830260664224624,164.015762,475.81255200000004,258.090738,18.07276799999994,813.105948,1084.195048,1102.267815,733.903291,368.364525,204.34876299999996,271.089099
13.0,15.0,0.0,0,0,0,0,0,0,0,0,0,0,0
13.0,16.0,0.0,0,0,0,0,0,0,0,0,0,0,0
13.0,17.0,0.0,0,0,0,0,0,0,0,0,0,0,0
13.0,18.0,0.3418809473514557,376.15444199999996,2051.4226980000003,617.297671,492.795311,1992.5051359999998,3308.895875,3801.6911859999996,2668.7203690000006,1132.9708170000001,756.8163750000001,1316.390739
13.0,19.0,0.0,0,0,0,0,0,0,0,0,0,0,0
13.0,20.0,0.5378342866897583,21947.962865,14498.21101,1264.019425,0,13228.77794,44522.91154,44522.91154,15762.230435,28760.681104000003,6812.71824,31294.1336
13.0,21.0,3.1638851165771484,26838.313774000002,154528.187908,26389.658683,0,41541.846257,254729.015222,254729.015222,180917.846591,73811.16862999999,46972.854856,213187.16896500002
13.0,22.0,0.9061169624328612,373.737819,8699.758704,245.62032599999998,5.741513999999974,5667.150619,10448.317648000002,10454.059162,8945.379029,1508.680132,1134.942314,4781.167029
13.0,23.0,4.796037197113037,10811.731633000001,65980.365278,0,22886.438548000002,51033.99615399999,76576.362315,99462.800864,65980.365278,33482.435585,22670.703953,25542.366162000002
13.0,24.0,11.411139488220217,39297.52299,50027.377936000004,4613.9793469999995,0,23043.153456,140952.881572,140952.881572,54641.357283,86311.524289,47014.001299,117909.72811600001
13.0,25.0,1.7231911420822144,11533.384302,35875.494443999996,8568.921638,0,8011.127484999999,67925.759469,67925.759469,44444.416083000004,23481.343386000004,11947.959084000002,59914.631983
13.0,26.0,3.051056385040283,27329.948258000008,96459.51401,62578.16600999999,1443.185786,159996.383764,211236.79960400006,212679.98539,159037.68002099998,53642.305369999995,26312.357110999998,51240.415839999994
13.0,27.0,0.0,0,0,0,0,0,0,0,0,0,0,0
13.0,28.0,0.0,0,0,0,0,0,0,0,0,0,0,0
13.0,29.0,0.0,0,0,0,0,0,0,0,0,0,0,0
13.0,30.0,0.044565126299858,1264.36464,698.924388,99.46579099999997,0,1421.083156,2318.0046820000002,2318.0046820000002,798.390179,1519.614503,255.249864,896.9215270000002
13.0,31.0,0.1872679442167282,1779.7806500000002,2156.172062,387.837714,0,6337.133603,6544.994472,6544.994472,2544.009777,4000.984695,2221.204046,207.86086899999995
13.0,32.0,0.0318855158984661,3110.8645260000003,2955.5240089999998,1066.381613,1038.573539,7527.983269,9258.198571,10296.77211,4021.905622000001,6274.866488,3164.0019620000003,1730.2153019999998
13.0,33.0,0.492439717054367,1160.812494,18337.590097,2.4539519999999855,0,3715.51184,21741.860490000003,21741.860490000003,18340.044049,3401.816441,2241.003947,18026.348651
13.0,34.0,0.059511050581932,528.6986870000001,1741.6090049999998,0,0,1225.961226,2738.7659009999998,2738.7659009999998,1741.6090049999998,997.156896,468.45820799999996,1512.804674
13.0,35.0,0.0789438784122467,400.76252800000003,326.695295,72.30287299999992,3.5515799999999236,933.7146919999998,1143.23999,1146.79157,398.998169,747.7934009999999,347.030874,209.52529799999996
13.0,36.0,0.0,0,0,0,0,0,0,0,0,0,0,0
13.0,37.0,0.4110411405563354,37303.14752200001,655.307644,45.58103699999999,2.425393999999922,23255.653466,39849.576181000004,39852.001575,700.888682,39151.112894,1847.965372,16593.922714999997
13.0,38.0,0.0,0,0,0,0,0,0,0,0,0,0,0
13.0,39.0,0.2566089034080505,6192.092018,9463.701014999999,0,363.37589699999995,10307.226467,19437.54277,19800.918666999998,9463.701014999999,10337.217652,4145.125634,9130.316303999998
13.0,40.0,0.2260151207447052,3155.7406419999998,5026.859925,982.6126450000002,42.03575699999993,12341.543715,13949.944629,13991.980387,6009.47257,7982.507817000001,4826.767175,1608.400914
13.0,41.0,0.1997673660516739,12008.137627,13874.282510000001,1934.1424049999998,4067.251957,28367.463361000002,28402.320261,32469.572218999998,15808.424915000003,16661.147304000002,4653.009676,34.856899999999996
13.0,42.0,0.6753082871437073,6608.382310999999,4513.64044,307.65588199999996,5.623715999999999,20984.309201,25197.532574,25203.15629,4821.296322,20381.859968,13773.477656000001,4213.223373
13.0,43.0,7.178635597229004,5148.255719,44696.088587,14300.024391000003,0,3371.550937,184468.70913400003,184468.70913400003,58996.112978,125472.596156,120324.34043699999,181097.158197
13.0,44.0,4.240121841430664,4480.27807,9460.276909999999,2085.6939090000005,0,1310.377903,41255.375365,41255.375365,11545.970819,29709.404546,25229.126475999998,39944.997462
13.0,45.0,0.8615677952766418,13974.044973999999,19531.053335,6242.7640519999995,0,3184.731749,52835.526371,52835.526371,25773.817386,27061.708985,13087.664011,49650.794623
13.0,46.0,3.6173579692840576,14859.466690000003,12617.521067,2466.214464,0.000005999999999999999,3009.2540080000003,46651.242579,46651.242584,15083.735531,31567.507052999998,16708.040363,43641.988571
14.0,1.0,3.6515586376190186,42448.107792,76706.455263,25236.603358,32189.446449,125082.767809,136994.766735,169184.21318299999,101943.058622,67241.154562,24793.04677,11911.998925999998
14.0,2.0,0.260684996843338,1215.153751,3684.9521900000004,632.6329549999999,26.230290999999937,6940.161092,7088.501028999998,7114.73132,4317.585145,2797.146175,1581.9924240000003,148.33993699999996
14.0,3.0,0.3904194831848144,915.2202629999999,1672.349704,166.36729399999993,448.836605,2786.5040019999997,2786.5040019999997,3235.3406079999995,1838.7169979999999,1396.623609,481.403346,0
14.0,4.0,8.76315689086914,174481.678452,104568.59485499999,24511.062965999998,261539.309701,90961.282399,116381.44888400001,377920.758585,129079.65782099999,248841.100764,74359.42231200001,25420.166484999998
14.0,5.0,11.416000366210938,613067.0886659999,75199.81767900001,34324.396233,220063.64014200002,41780.986563,528344.968987,748408.6091290001,109524.213912,638884.3952169999,25817.306550999998,486563.982424
14.0,6.0,1.101372480392456,114.29010399999994,5446.773534,7371.9583680000005,1846.123754,4313.929169999999,12973.978608,14820.102361,12818.731902000001,2001.3704599999999,1887.0803549999998,8660.049437000001
14.0,7.0,0.622842013835907,253.630603,1903.865967,297.476562,722.805537,2175.10101,2175.10101,2897.906547,2201.342529,696.5640179999999,442.93341499999997,0
14.0,8.0,1.0977835655212402,818.665988,11024.532727,1954.907917,0,16211.817549000001,16211.817549000001,16211.817549000001,12979.440644,3232.376905,2413.7109170000003,0
14.0,9.0,7.039342880249023,838735.864773,458918.35932600003,2804954.883796,590064.5821379999,2770123.398976,3595414.1252429998,4185478.707381,3263873.243122,921605.464259,82869.599486,825290.726267
14.0,10.0,0.9878684878349304,7496.158071,37470.083456,16488.550301,0,72626.129249,73570.550282,73570.550282,53958.633756999996,19611.916524999997,12115.758454,944.421032
14.0,11.0,2.923339366912842,40278.945034000004,26199.764559999996,52965.90716,21007.142816,90246.60232800001,123317.59449199999,144324.737307,79165.67172,65159.065587000005,24880.120553999997,33070.992163999996
14.0,12.0,0.5588318109512329,758.8680110000001,12251.641352999999,3620.3574360000002,121.33537999999993,18017.749395,18017.749395,18139.084775,15871.998789000001,2267.085985,1508.217975,0
14.0,13.0,0.3438920974731445,228.257011,2598.965971,843.244292,69.36442899999997,3916.8393880000003,3917.083999000001,3986.448428,3442.210263,544.238165,315.98115399999995,0.24461099999995847
14.0,14.0,2.1347451210021973,3271.7147120000004,4906.238848,3357.44537,0,7987.4596759999995,14647.623529999999,14647.623529999999,8263.684218,6383.939312,3112.2246,6660.163853999999
14.0,15.0,1.512051343917847,6349.836978,24339.033793000002,26205.400273000003,301.75208599999996,36818.44837,67920.78996600001,68222.54205199999,50544.434066,17678.107986,11328.271008,31102.341596000002
14.0,16.0,0.3346869945526123,321.377662,3163.137646,915.363811,1787.163738,2015.8597260000001,4319.857299,6107.021037,4078.501457,2028.5195800000001,1707.1419179999998,2303.997573
14.0,17.0,3.987427234649658,28508.681484,22646.702545,24001.422265999998,45098.692116,20370.742363000005,48431.040881999994,93529.73299799999,46648.124812,46881.608186,18372.926703,28060.298519
14.0,18.0,4.704225540161133,6951.291912,12829.54369,14340.837868999999,13136.723847000001,18993.994172000002,29857.097888000004,42993.821734000005,27170.381559,15823.440176000002,8872.148264000001,10863.103716
14.0,19.0,1.367417335510254,41207.204245,161371.15250899998,148348.35875400002,0,381501.39209100005,381520.095824,381520.095824,309719.51126199996,71800.584561,30593.380316000002,18.703731999999945
14.0,20.0,4.250657558441162,211133.78239299997,124707.90688499999,9605.690169,0,124165.32380600001,415284.46586,415284.46586,134313.597054,280970.868806,69837.086412,291119.142054
14.0,21.0,43.89326858520508,255716.93292400002,976254.7778200001,178811.607699,0,432533.518817,1860197.0251680005,1860197.0251680005,1155066.385519,705130.639649,449413.706725,1427663.5063510002
14.0,22.0,9.550349235534668,63731.786428,130084.94346600001,21690.751055,0,175774.77562899998,325675.580022,325675.580022,151775.694521,173899.88550099998,110168.09907200001,149900.804393
14.0,23.0,20.030662536621094,201624.375216,1418148.128528,1498518.433202,197804.509891,591841.401297,3222489.247125,3420293.7570160003,2916666.56173,503627.19528600003,302002.82007,2630647.845828
14.0,24.0,43.80772018432617,92649.269866,328478.27157000004,38643.544217,0,127454.879405,593966.506795,593966.506795,367121.815787,226844.69100800002,134195.421142,466511.62739000004
14.0,25.0,26.09520149230957,87398.080775,355362.52664399997,85809.34923499999,0,54423.834587000005,680090.695083,680090.695083,441171.87587899994,238918.819203,151520.73842899996,625666.860496
14.0,26.0,18.279804229736328,98166.10748499999,403307.98265900003,266682.08389,10643.519527,706678.787706,929325.915914,939969.4354409999,669990.066549,269979.368892,171813.261407,222647.128208
14.0,27.0,0.8156110644340515,71203.774765,76340.67594100001,75386.941194,114889.402083,62595.697717,121193.91189599999,236083.313979,151727.617135,84355.69684399999,13151.922079,58598.214179
14.0,28.0,0.0,0,0,0,0,0,0,0,0,0,0,0
14.0,29.0,2.3728010654449463,47529.522115,120083.85898700001,3933.141755,42340.259674,180035.895958,180044.214857,222384.47453099999,124017.000742,98367.47378900001,50837.951674,8.318898999999925
14.0,30.0,0.4055984914302826,6150.209018,3357.4995360000003,876.708523,0,6448.970777,12621.839056,12621.839056,4234.208059,8387.630997,2237.4219789999997,6172.868278
14.0,31.0,14.534602165222168,334089.606469,337118.590783,34694.165531,83260.223434,941343.058214,960207.3744639999,1043467.5978979999,371812.756315,671654.841583,337565.23511400004,18864.316251
14.0,32.0,0.2834575474262237,18189.988459,14275.511145999999,5016.144021,5034.550682,38478.034044,48252.790498,53287.341179999996,19291.655168,33995.686012,15805.697553000002,9774.756454
14.0,33.0,2.5764641761779785,3085.094838,66523.170628,2511.963428,312.94485799999995,62143.496114999994,87642.54921000001,87955.494068,69035.134057,18920.360011,15835.265174,25499.053094
14.0,34.0,3.9255194664001465,71064.889549,27531.644796,9859.977941000001,1558.030236,92670.08323000002,163495.60947399997,165053.63971,37391.622737,127662.01697299999,56597.127424000006,70825.526245
14.0,35.0,2.7610175609588623,11088.861551,35040.830096,8165.840266,432.70831499999997,51575.514145,67444.20539799999,67876.913713,43206.670362,24670.243352,13581.3818,15868.691252999999
14.0,36.0,7.604831218719482,68897.878649,194406.340169,45626.512697000006,37803.801786,84927.08192300002,300961.15668,338764.958466,240032.85286600003,98732.10560000001,29834.226951000004,216034.074756
14.0,37.0,7.095932960510254,1635944.653176,767379.899215,24036.340710000004,822.7850430000001,506162.692879,2462529.186522,2463351.971566,791416.2399249999,1671935.73164,35991.078465,1956366.493643
14.0,38.0,0.689337968826294,73977.97609300002,14151.956787000001,0,0,99601.362681,110362.75342400001,110362.75342400001,14151.956787000001,96210.79663699999,22232.820544,10761.390743
14.0,39.0,6.628632545471191,190773.80586599998,129368.669337,20482.358315999994,18654.239040000004,250398.514008,457601.486263,476255.72530199995,149851.02765300003,326404.69765,135630.89178399998,207202.972255
14.0,40.0,9.264175415039062,168153.409606,164524.81853400002,35170.868503,20385.302055,558677.176703,563340.656909,583725.958964,199695.68703699997,384030.271927,215876.862321,4663.480206
14.0,41.0,0.7850159406661987,58312.320341000006,54712.054696,9692.067000000001,16931.727930999998,126196.49660599999,126217.202913,143148.930844,64404.121697,78744.80914800001,20432.488806999998,20.70630699999993
14.0,42.0,14.030643463134766,224576.79248299997,210226.39609200007,24862.838413999998,323.038981,721829.2988969999,815425.1643600002,815748.2033420003,235089.234505,580658.968837,356082.176353,93595.86546299998
14.0,43.0,57.22745132446289,85413.895711,492644.63251,165334.309582,0,265947.69404499995,1926218.1479660005,1926218.1479660005,657978.942092,1268239.205874,1182825.3101630001,1660270.4539199995
14.0,44.0,54.39506149291992,6986.104377,116589.024966,25856.768534,0,24768.551842999997,825110.3492889998,825110.3492889998,142445.7935,682664.555789,675678.451412,800341.7974449999
14.0,45.0,44.2449836730957,110712.100404,502233.880149,164423.080949,0,127872.14762599999,1831202.254253,1831202.254253,666656.961098,1164545.2931549998,1053833.1927510002,1703330.1066260003
14.0,46.0,49.252140045166016,119448.14485000001,93190.11711800001,19916.826684,0,39295.41089000001,375047.54619300005,375047.54619300005,113106.94380200002,261940.602391,142492.457542,335752.135302
15.0,1.0,0.0,0,0,0,0,0,0,0,0,0,0,0
15.0,2.0,0.0,0,0,0,0,0,0,0,0,0,0,0
15.0,3.0,0.0,0,0,0,0,0,0,0,0,0,0,0
15.0,4.0,0.0,0,0,0,0,0,0,0,0,0,0,0
15.0,5.0,0.0002772651205305,10.844913999999928,3.2468859999999435,0.9618079999999657,3.9754749999999586,0.436184999999984,11.517663999999977,15.493138999999935,4.208693999999987,11.284444999999948,0.43953099999994233,11.081478999999995
15.0,6.0,2.5883626221911985e-05,0.000494,0.20160999999999382,0,0,0.09352799999995222,0.24230799999995292,0.24230799999995292,0.20160999999999382,0.040698000000000005,0.040204,0.14877999999992242
15.0,7.0,0.0,0,0,0,0,0,0,0,0,0,0,0
15.0,8.0,0.0,0,0,0,0,0,0,0,0,0,0,0
15.0,9.0,0.0,0,0,0,0,0,0,0,0,0,0,0
15.0,10.0,0.0,0,0,0,0,0,0,0,0,0,0,0
15.0,11.0,0.0,0,0,0,0,0,0,0,0,0,0,0
15.0,12.0,0.0,0,0,0,0,0,0,0,0,0,0,0
15.0,13.0,0.0,0,0,0,0,0,0,0,0,0,0,0
15.0,14.0,0.0,0,0,0,0,0,0,0,0,0,0,0
15.0,15.0,0.0,0,0,0,0,0,0,0,0,0,0,0
15.0,16.0,0.0,0,0,0,0,0,0,0,0,0,0,0
15.0,17.0,0.0,0,0,0,0,0,0,0,0,0,0,0
15.0,18.0,0.0,0,0,0,0,0,0,0,0,0,0,0
15.0,19.0,0.0,0,0,0,0,0,0,0,0,0,0,0
15.0,20.0,0.0,0,0,0,0,0,0,0,0,0,0,0
15.0,21.0,0.0,0,0,0,0,0,0,0,0,0,0,0
15.0,22.0,0.0,0,0,0,0,0,0,0,0,0,0,0
15.0,23.0,0.0,0,0,0,0,0,0,0,0,0,0,0
15.0,24.0,0.0909675434231758,2564.9483929999997,2293.556595,98.74585199999994,0,25.103876999999997,5226.248070999999,5226.248070999999,2392.302447,2833.945624,268.997231,5201.144194
15.0,25.0,0.1822361052036285,4523.301039,682.150856,164.09854299999998,774.72122,308.489817,8504.650545999999,9279.371766000002,846.2493989999999,8433.122367,3909.821329,8196.160729000001
15.0,26.0,0.0,0,0,0,0,0,0,0,0,0,0,0
15.0,27.0,0.0,0,0,0,0,0,0,0,0,0,0,0
15.0,28.0,0.0,0,0,0,0,0,0,0,0,0,0,0
15.0,29.0,0.0,0,0,0,0,0,0,0,0,0,0,0
15.0,30.0,0.0,0,0,0,0,0,0,0,0,0,0,0
15.0,31.0,0.0,0,0,0,0,0,0,0,0,0,0,0
15.0,32.0,0.0,0,0,0,0,0,0,0,0,0,0,0
15.0,33.0,0.0,0,0,0,0,0,0,0,0,0,0,0
15.0,34.0,0.0,0,0,0,0,0,0,0,0,0,0,0
15.0,35.0,0.0,0,0,0,0,0,0,0,0,0,0,0
15.0,36.0,0.1870922595262527,2772.717531,13261.389902,3077.5238759999997,9938.385998000002,337.114414,10096.710063,20035.096061,16338.913777999998,3696.182283,923.4647520000002,9759.595648
15.0,37.0,0.0349431708455085,4776.298149000001,2471.122231,76.43481899999993,0,3239.371584,7582.500043999999,7582.500043999999,2547.557049,5034.942994999999,258.644846,4343.128461
15.0,38.0,0.0012869094498455,20.60240499999995,0,0,0,14.140894999999997,20.60240499999995,20.60240499999995,0,20.60240499999995,0,6.461509999999957
15.0,39.0,0.0,0,0,0,0,0,0,0,0,0,0,0
15.0,40.0,0.0495283752679824,11489.194558,3333.8352149999996,752.99635,31.18836899999995,251.38421,16149.804933,16180.993301000004,4086.831565,12094.161736000002,604.967178,15898.420723
15.0,41.0,0.0,0,0,0,0,0,0,0,0,0,0,0
15.0,42.0,0.0,0,0,0,0,0,0,0,0,0,0,0
15.0,43.0,0.0,0,0,0,0,0,0,0,0,0,0,0
15.0,44.0,0.0,0,0,0,0,0,0,0,0,0,0,0
15.0,45.0,0.0,0,0,0,0,0,0,0,0,0,0,0
15.0,46.0,0.0,0,0,0,0,0,0,0,0,0,0,0
16.0,1.0,5.207665920257568,22804.860848000004,36760.605413,10384.228264,15313.686222999999,46818.270079,72557.484696,87871.17092000002,47144.833677,40726.337242,17921.476394,25739.214617
16.0,2.0,0.0,0,0,0,0,0,0,0,0,0,0,0
16.0,3.0,0.0,0,0,0,0,0,0,0,0,0,0,0
16.0,4.0,2.8604414463043213,36611.951623,10969.629287999998,1806.3650590000002,45791.104702000004,19273.590507999997,22108.789259,67899.893962,12775.994347,55123.899615,18511.947992,2835.1987510000004
16.0,5.0,1.3561880588531494,11437.773278,10554.654117,6000.529625,16405.395804000003,4834.633280000001,14804.099124,31209.494927000003,16555.183742,14654.311185,3216.537907,9969.465843
16.0,6.0,0.0432088784873485,0.021125,69.02746999999994,74.76774199999994,57.12286099999994,22.456440999999938,108.54498399999993,165.66784499999994,143.79521199999996,21.872632999999993,21.851508999999936,86.08854299999999
16.0,7.0,0.0,0,0,0,0,0,0,0,0,0,0,0
16.0,8.0,0.1080957800149917,42.78325499999997,744.265583,431.77245600000003,735.233867,732.3037869999999,869.7456080000001,1604.9794749999999,1176.038039,428.941436,386.15818099999996,137.441822
16.0,9.0,0.0,0,0,0,0,0,0,0,0,0,0,0
16.0,10.0,0.0,0,0,0,0,0,0,0,0,0,0,0
16.0,11.0,0.0,0,0,0,0,0,0,0,0,0,0,0
16.0,12.0,0.0,0,0,0,0,0,0,0,0,0,0,0
16.0,13.0,0.0,0,0,0,0,0,0,0,0,0,0,0
16.0,14.0,0.2644516229629516,244.40538199999995,257.706011,286.145757,423.647963,335.449061,741.752727,1165.400691,543.851768,621.5489220000001,377.14354099999997,406.30366699999996
16.0,15.0,0.0,0,0,0,0,0,0,0,0,0,0,0
16.0,16.0,0.0,0,0,0,0,0,0,0,0,0,0,0
16.0,17.0,0.0,0,0,0,0,0,0,0,0,0,0,0
16.0,18.0,0.4576812088489532,393.416926,622.78216,452.03049500000003,856.1331799999999,752.0107340000001,1374.653473,2230.786653,1074.812655,1155.9739979999997,762.5570720000001,622.64274
16.0,19.0,0.0,0,0,0,0,0,0,0,0,0,0,0
16.0,20.0,0.1730357855558395,0,23320.253159,1787.0218139999997,0,3586.2143129999995,26512.487273,26512.487273,25107.274973,1405.212301,1405.212301,22926.272960000002
16.0,21.0,3.885379314422608,5294.484351,77131.928489,14129.614608999998,0,29170.806907000002,144498.020257,144498.020257,91261.543098,53236.477158999995,47941.992808,115327.21335
16.0,22.0,2.0750112533569336,131.72472599999995,14384.348059,1793.0750730000002,327.57748499999997,11887.600102,20468.527283,20796.104768,16177.423130999996,4618.681636,4486.956910000001,8580.927180999997
16.0,23.0,2.4623143672943115,19376.698017999995,38574.402854,0,28682.359666,24802.641121,43579.338571,72261.698236,38574.402854,33687.295382,14310.597364000001,18776.69745
16.0,24.0,6.396317005157471,10800.948282000001,43396.181511,3864.816082,0,20415.414861999998,78275.849665,78275.849665,47260.997592,31014.852073000002,20213.903790999997,57860.434803
16.0,25.0,2.791809320449829,14784.394909000002,34411.922332999995,8351.168525000001,0,10869.888667,75243.10744200001,75243.10744200001,42763.090856999996,32480.016584999998,17695.621676,64373.218775
16.0,26.0,3.7609105110168457,60746.749339999995,84525.256604,61505.24116699999,75814.34072100002,119042.363831,174818.735803,250633.07652299994,146030.49777099997,104602.578752,43855.829412,55776.37197200001
16.0,27.0,0.0,0,0,0,0,0,0,0,0,0,0,0
16.0,28.0,0.0,0,0,0,0,0,0,0,0,0,0,0
16.0,29.0,0.0,0,0,0,0,0,0,0,0,0,0,0
16.0,30.0,0.0,0,0,0,0,0,0,0,0,0,0,0
16.0,31.0,0.2960396707057953,10208.36924,2967.2730489999994,1659.716537,9978.664824,6362.816299,7312.532437000002,17291.197262,4626.989586000001,12664.207675,2455.838435,949.716138
16.0,32.0,0.0,0,0,0,0,0,0,0,0,0,0,0
16.0,33.0,0.1111952140927314,598.853641,2969.269744,93.91570099999996,0,3739.2652390000003,4360.147119,4360.147119,3063.185445,1296.961674,698.108033,620.88188
16.0,34.0,0.0878132134675979,681.3366239999999,402.05303000000004,124.87351099999995,108.78177299999996,1425.151279,1425.151279,1533.933052,526.926541,1007.006511,325.669887,0
16.0,35.0,0.1296708881855011,672.101743,933.817281,194.64204599999994,22.549996,2165.528404,2535.338742,2557.888738,1128.459327,1429.429411,757.327668,369.810339
16.0,36.0,0.4556905329227447,604.352498,16126.845533999998,3806.395488,473.522192,4825.305114,20760.537469000003,21234.05966,19933.241022,1300.818638,696.46614,15935.232354
16.0,37.0,0.3034109771251678,20014.518056,569.682236,16.701310999999986,1.1833599999999287,4022.801609,21611.531182000002,21612.714541999998,586.383547,21026.330994999997,1011.812939,17588.729573
16.0,38.0,0.0288929585367441,3956.366058,737.050154,1893.167809,0,5134.626604,7105.873961,7105.873961,2630.217964,4475.655998,519.28994,1971.247357
16.0,39.0,0.6619857549667358,14861.881405000002,14371.036641999997,2147.520399,1013.4847619999999,22752.82373,44118.144706,45131.629468,16518.557041,28613.072427,13751.191021999999,21365.320976
16.0,40.0,0.4401536881923675,11416.102565,5968.6695039999995,1292.5400980000002,567.737322,26167.478305,26773.836899,27341.57422,7261.209602000002,20080.364617999996,8664.262052999999,606.3585939999999
16.0,41.0,0.1175267919898033,13481.612002,18675.725793,2609.3135709999997,3621.771326,25865.828612999998,34538.904578,38160.675903,21285.039365,16875.636539000003,3394.024536,8673.075964
16.0,42.0,1.003131628036499,8792.968113999998,8356.945944,703.5957549999999,757.5015290000001,30921.961117000003,32893.69341700001,33651.194946,9060.541698,24590.653247,15797.685132999999,1971.7322999999997
16.0,43.0,0.0,0,0,0,0,0,0,0,0,0,0,0
16.0,44.0,2.583723783493042,3638.773042,7324.2970319999995,1624.511688,0,2746.0459809999998,37061.694952,37061.694952,8948.808720000003,28112.886232,24474.11319,34315.648971999995
16.0,45.0,1.7895833253860474,18644.572661,22123.337413999998,7039.0028649999995,0,12015.003481,69240.33196499999,69240.33196499999,29162.340279000004,40077.991686,21433.419025,57225.328485000005
16.0,46.0,3.857445001602173,30394.800570000003,9567.231043999998,2517.447628,0,1706.781828,55875.920357,55875.920357,12084.678672,43791.241685,13396.441115,54169.138529
17.0,1.0,3.1002442836761475,23322.410238,28875.251110999998,8435.370754000001,11417.792241,31353.419169000004,62401.389748,73819.181989,37310.621866,36508.560123,13186.149884999999,31047.970579000004
17.0,2.0,0.0,0,0,0,0,0,0,0,0,0,0,0
17.0,3.0,0.0,0,0,0,0,0,0,0,0,0,0,0
17.0,4.0,9.944273948669434,237597.07677100002,267475.56574499997,43236.174043,420893.602394,194870.41079199998,202928.286023,623821.8884170001,310711.739788,313110.14863,75513.07185899999,8057.875231000002
17.0,5.0,0.5592673420906067,930.5745559999999,2247.7889050000003,288.57480400000003,795.9485070000001,370.818207,3259.1446579999997,4055.0931649999998,2536.3637089999997,1518.729456,588.154901,2888.326451
17.0,6.0,0.2042818367481231,0.060528,630.808364,360.3277719999999,0.5363399999999474,143.72102999999996,1152.989817,1153.526157,991.136136,162.39002099999996,162.32949299999999,1009.2687870000001
17.0,7.0,0.0,0,0,0,0,0,0,0,0,0,0,0
17.0,8.0,0.0483722612261772,25.970547999999983,361.169586,54.31449099999994,0,508.357687,525.822997,525.822997,415.48407699999996,110.33891999999993,84.36837199999995,17.46530999999996
17.0,9.0,0.0,0,0,0,0,0,0,0,0,0,0,0
17.0,10.0,0.0,0,0,0,0,0,0,0,0,0,0,0
17.0,11.0,0.0,0,0,0,0,0,0,0,0,0,0,0
17.0,12.0,0.0,0,0,0,0,0,0,0,0,0,0,0
17.0,13.0,0.0,0,0,0,0,0,0,0,0,0,0,0
17.0,14.0,0.0636532008647918,14.85638699999999,131.58750599999996,0,0,105.05193099999998,200.08044599999997,200.08044599999997,131.58750599999996,68.49293999999999,53.63655299999993,95.02851499999996
17.0,15.0,0.0,0,0,0,0,0,0,0,0,0,0,0
17.0,16.0,0.0,0,0,0,0,0,0,0,0,0,0,0
17.0,17.0,0.0,0,0,0,0,0,0,0,0,0,0,0
17.0,18.0,0.2113569229841232,81.915579,377.32941299999993,114.543822,0,510.28670800000003,747.4135679999998,747.4135679999998,491.873235,255.540333,173.62475399999994,237.12686
17.0,19.0,0.0,0,0,0,0,0,0,0,0,0,0,0
17.0,20.0,0.4798237979412079,6810.912728,4504.973909,0,0,4390.799463,13788.824913,13788.824913,4504.973909,9283.851005,2472.938276,9398.025451000001
17.0,21.0,3.4574942588806152,62888.688459,198178.46302,33675.062308,0,31444.409894999997,337607.1708,337607.1708,231853.525328,105753.64547100001,42864.957012,306162.760905
17.0,22.0,0.3609377145767212,224.25281299999997,5325.658095,512.679069,0,3036.876296,6492.998196,6492.998196,5838.337164,654.661032,430.408219,3456.1219
17.0,23.0,2.068365812301636,5165.421034,27267.409606999998,0,7386.488504,16991.693273,34389.015046,41775.50355,27267.409606999998,14508.093943000002,9342.672909,17397.321773000003
17.0,24.0,4.366399765014648,21128.07917,52153.092834,5269.235860000001,0,14420.744988,89885.89319000002,89885.89319000002,57422.328694,32463.564497,11335.485326,75465.148202
17.0,25.0,1.6402146816253662,11230.965998,26277.776382000004,6278.681347000001,0,2676.0397170000006,51188.806993,51188.806993,32556.457728999998,18632.349264,7401.383266,48512.767276
17.0,26.0,0.8536818027496338,7096.288799999999,16575.833092,10679.609797,202.48985499999998,25054.111165,37698.337261,37900.827116,27255.442888999998,10645.384227,3549.095427,12644.226096
17.0,27.0,0.0,0,0,0,0,0,0,0,0,0,0,0
17.0,28.0,0.0,0,0,0,0,0,0,0,0,0,0,0
17.0,29.0,0.0,0,0,0,0,0,0,0,0,0,0,0
17.0,30.0,0.0,0,0,0,0,0,0,0,0,0,0,0
17.0,31.0,0.0,0,0,0,0,0,0,0,0,0,0,0
17.0,32.0,0.0,0,0,0,0,0,0,0,0,0,0,0
17.0,33.0,0.0,0,0,0,0,0,0,0,0,0,0,0
17.0,34.0,0.0,0,0,0,0,0,0,0,0,0,0,0
17.0,35.0,0.1614876091480255,226.75910199999998,4871.606108,1079.376461,78.08553099999997,3784.609263,7424.359819,7502.445350000002,5950.982569,1551.462781,1324.703679,3639.750557
17.0,36.0,0.5863916873931885,228.93547499999997,18654.332833,4335.094594,714.0906319999999,3460.157802,30406.653408,31120.744040000005,22989.427427000002,8131.316612999999,7902.381138000001,26946.495605
17.0,37.0,0.799457848072052,78944.250463,2050.260185,60.828596999999995,7.604618999999952,33539.302302000004,85795.248409,85802.85302799998,2111.088782,83691.764246,4747.513783,52255.946106999996
17.0,38.0,0.0,0,0,0,0,0,0,0,0,0,0,0
17.0,39.0,0.1187067553400993,2672.025603,5434.194434,627.396189,264.478663,1450.287595,10112.663225,10377.141888999999,6061.590623,4315.551266,1643.5256630000001,8662.375631000003
17.0,40.0,0.1628769189119339,68.710602,30720.28134,7129.474993999999,48.65614099999998,6734.89587,41868.06729,41916.723431,37849.756333,4066.967098,3998.256496,35133.17142
17.0,41.0,0.061392031610012,4085.2073809999997,3632.5124260000002,659.553728,1020.9333320000001,8549.577664999999,9062.523811,10083.457143,4292.066153,5791.39099,1706.183609,512.946146
17.0,42.0,0.4249642491340637,4651.106771,2096.256421,132.647978,0.2466319999999586,9851.03907,11256.631374999999,11256.878007,2228.9044000000004,9027.973607999998,4376.866837,1405.592304
17.0,43.0,0.0,0,0,0,0,0,0,0,0,0,0,0
17.0,44.0,0.8018482327461243,605.712073,1722.4418950000002,0,0,89.665955,6779.748767000001,6779.748767000001,1722.4418950000002,5057.306871000001,4451.594799,6690.082811
17.0,45.0,0.7248836755752563,6247.994578,7846.21929,2489.7111939999995,0,698.898361,20249.838918,20249.838918,10335.930485,9913.908434,3665.913856,19550.940556999998
17.0,46.0,1.9841728210449217,1489.4805359999996,2975.7608080000005,588.912916,976.508728,532.734869,7432.089104000001,8408.597832,3564.6737239999998,4843.924108,3354.4435710000002,6899.354235
18.0,1.0,10.768898963928224,96553.52862699999,178341.62221,61401.394398,79609.88154100001,225709.330114,329649.119487,409259.00102699996,239743.016607,169515.98441999996,72962.45579299999,103939.789373
18.0,2.0,0.3526635468006134,771.020474,5521.0023,1227.003596,0,4422.616298,9701.841422,9701.841422,6748.005896,2953.835526,2182.815052,5279.225124
18.0,3.0,0.0,0,0,0,0,0,0,0,0,0,0,0
18.0,4.0,2.559358596801758,70656.76895499999,23657.754988,3645.0572150000003,76838.661542,30539.409896999998,37613.95762,114452.619162,27302.812202999998,87149.806959,16493.038004000002,7074.547723
18.0,5.0,1.934431552886963,31341.871285999998,12897.295403000002,3103.1762659999995,13099.266854,3703.37696,37372.307314000005,50471.57416799999,16000.471668999999,34471.102498,3129.231213,33668.930354000004
18.0,6.0,0.1016072034835815,11.465842999999957,336.81162499999994,181.55659099999997,0,200.800086,604.5494990000001,604.5494990000001,518.368216,86.18128299999996,74.71543999999992,403.749413
18.0,7.0,0.2243074923753738,84.04663299999996,654.81564,69.58175799999997,483.18147899999997,505.455154,505.455154,988.6366320000001,724.3973980000001,264.239234,180.192601,0
18.0,8.0,0.1396942287683487,33.979294999999944,519.6929339999999,0,0,601.84682,676.124494,676.124494,519.6929339999999,156.43155999999996,122.45226499999994,74.27767399999993
18.0,9.0,0.0,0,0,0,0,0,0,0,0,0,0,0
18.0,10.0,0.0,0,0,0,0,0,0,0,0,0,0,0
18.0,11.0,0.0,0,0,0,0,0,0,0,0,0,0,0
18.0,12.0,0.1958937644958496,279.694366,1715.5311940000001,242.180871,8.202325999999951,2581.011332,2581.011332,2589.213659,1957.712065,631.5015930000001,351.80722699999995,0
18.0,13.0,0.0,0,0,0,0,0,0,0,0,0,0,0
18.0,14.0,1.1769911050796509,1080.1796590000001,1963.3334889999999,1165.634267,0,3545.4690379999997,5848.722555,5848.722555,3128.9677560000005,2719.754799,1639.57514,2303.253518
18.0,15.0,0.1088321655988693,227.25026300000002,264.88268200000005,0,2.371277,324.980503,818.502206,820.873482,264.88268200000005,555.9908,328.740537,493.521703
18.0,16.0,0.2385508865118026,5840.342832,1823.5107790000004,0,498.40160599999996,3078.0403029999998,8063.338948,8561.740554,1823.5107790000004,6738.229775999999,897.8869440000001,4985.298645
18.0,17.0,0.0,0,0,0,0,0,0,0,0,0,0,0
18.0,18.0,2.3495028018951416,1622.016185,4355.696433000001,1807.6928999999998,0,8115.03077,11942.476208,11942.476208,6163.389333,5779.086874,4157.07069,3827.445437
18.0,19.0,0.6669530272483826,26581.986148999997,78810.57612900001,68355.565428,0,16432.668586,187715.61502300002,187715.61502300002,147166.14155699994,40549.473467,13967.487317000001,171282.946437
18.0,20.0,0.5595776438713074,7754.80579,2180.9300190000004,166.77569,0,10407.485207000002,14166.671361,14166.671361,2347.70571,11818.965651,4064.159861,3759.186154
18.0,21.0,9.420191764831545,27591.399884,190969.65157599997,34566.491086,0,66670.59832800001,341268.77141199994,341268.77141199994,225536.142662,115732.62875,88141.228866,274598.173084
18.0,22.0,1.290274143218994,137.17442499999996,9013.057945000002,728.675521,28.02797399999996,7624.692267,11213.37141,11241.399383999998,9741.733466,1499.665919,1362.4914939999999,3588.6791430000003
18.0,23.0,9.479103088378906,28889.155681,94657.805185,0,29349.753241,94517.299107,159637.86056600002,188987.613808,94657.805185,94329.80862299999,65440.65294100001,65120.561459000004
18.0,24.0,10.169388771057127,15363.140218,117759.36605899999,12172.341911,0,46826.223038,175593.128275,175593.128275,129931.707971,45661.420304,30298.280086,128766.90523699998
18.0,25.0,2.215036392211914,7119.560399000001,39772.790677,9587.074071,0,6869.777872000001,70126.624299,70126.624299,49359.864749,20766.759550000002,13647.199151,63256.846427000004
18.0,26.0,5.469881534576416,54972.253736,110490.411399,71709.828106,5575.25734,198006.93817500002,287853.851157,293429.108496,182200.23950599998,111228.868991,56256.615254000004,89846.91298199998
18.0,27.0,0.0,0,0,0,0,0,0,0,0,0,0,0
18.0,28.0,0.0,0,0,0,0,0,0,0,0,0,0,0
18.0,29.0,0.0,0,0,0,0,0,0,0,0,0,0,0
18.0,30.0,0.0909510776400566,948.765949,143.174473,0,0,1252.103907,1423.984728,1423.984728,143.174473,1280.810255,332.044306,171.880821
18.0,31.0,0.1765833795070648,2681.601509,2026.588995,164.177525,180.92606299999997,5270.33997,5644.11964,5825.045701999999,2190.76652,3634.2791829999996,952.6776729999999,373.77967
18.0,32.0,0.0,0,0,0,0,0,0,0,0,0,0,0
18.0,33.0,0.0,0,0,0,0,0,0,0,0,0,0,0
18.0,34.0,0.2329471409320831,4179.034538999999,1756.807947,550.309397,295.369074,3809.024436,8617.550317999998,8912.919392,2307.117344,6605.802048,2426.767509,4808.525882
18.0,35.0,0.1558346897363662,23.253312999999967,625.481122,130.22662399999993,1.397512999999937,1047.206475,1176.97946,1178.376972,755.7077469999999,422.669226,399.415913,129.77298499999992
18.0,36.0,0.3321146368980407,1048.665674,11473.981231,2666.757855,360.249524,4411.200721,16005.904532000002,16366.154054999997,14140.739086000001,2225.4149700000003,1176.7492960000002,11594.703811
18.0,37.0,1.5187931060791016,90191.036677,620.257728,21.065828999999997,133.37068999999994,27870.789085,96339.086685,96472.45737599999,641.3235579999999,95831.13381799999,5640.097141,68468.297601
18.0,38.0,0.0896347314119339,4826.795502,1160.689362,0,0,8479.150019000002,8570.181889,8570.181889,1160.689362,7409.492526,2582.6970250000004,91.03186999999998
18.0,39.0,0.5935715436935425,21922.35791,12101.409207,1162.642645,1833.1562509999997,18263.428969,45787.477161,47620.633412,13264.051852,34356.58156,12434.223651,27524.048192
18.0,40.0,1.026029109954834,21334.618106,10641.540625999998,0,74.936685,47794.455728,56367.419265,56442.355950000005,10641.540625999998,45800.815322999995,24466.197217999998,8572.963537000001
18.0,41.0,0.3175165951251983,23382.033876,38234.74683,6467.418859,6780.623498999999,58455.00492000001,70084.84274600001,76865.46624500002,44702.165689,32163.300556,8781.266678999998,11629.837825999999
18.0,42.0,1.2030584812164309,14963.352213999999,10645.606882,676.5154600000001,23.13875499999996,40894.668054,42535.69919199999,42558.83794700001,11322.122341,31236.715605999998,16273.363392,1641.0311390000002
18.0,43.0,0.0,0,0,0,0,0,0,0,0,0,0,0
18.0,44.0,3.8073067665100098,4259.637617,10381.680529000001,2278.5229170000002,0,1071.426108,61807.038133,61807.038133,12660.203446,49146.834686,44887.197069,60735.612024999995
18.0,45.0,3.948636531829834,8561.562143,45301.844709000005,14512.077114,0,7316.750968999998,136184.482044,136184.482044,59813.921823000004,76370.560221,67808.998077,128867.731075
18.0,46.0,4.770796298980713,5731.9692,12705.418422,2545.0436870000003,0.0000029999999999999997,4326.014301,36606.928713,36606.928716,15250.462109000004,21356.466607000002,15624.497407,32280.914412
19.0,1.0,1.2959192991256714,41131.419701,43538.811838,12746.863859000001,25167.887786000003,55164.576044,82382.680331,107550.568117,56285.675697,51264.892420000004,10133.472719000001,27218.104288
19.0,2.0,0.1137334555387497,2.302480999999983,903.549062,0,122.39365399999997,1233.316393,1304.524151,1426.917805,903.549062,523.368743,521.0662629999999,71.207758
19.0,3.0,0.3490968942642212,9327.228506,5644.884392,274.817949,189.76103299999997,15787.359361,15787.359361,15977.120393,5919.70234,10057.418052999998,730.189547,0
19.0,4.0,2.4347050189971924,56075.626652,124362.85540400002,0,0,186095.437575,195418.37421399998,195418.37421399998,124362.85540400002,71055.51881,14979.892158,9322.936639000001
19.0,5.0,1.1160860061645508,17321.673042000002,17696.391735,2285.10962,25502.399173,3222.661593,13510.179724000001,39012.578896,19981.501354,19031.077542000003,1709.4045,10287.518131
19.0,6.0,0.160806119441986,2.0323659999999895,486.21390899999994,246.89897399999998,0,279.52104899999995,872.236023,872.236023,733.1128830000001,139.12313999999998,137.09077499999998,592.714974
19.0,7.0,0.1664404571056366,83.28726199999998,478.292535,0,0,630.24415,630.24415,630.24415,478.292535,151.95161499999995,68.66435299999996,0
19.0,8.0,0.0782277956604957,65.342776,513.334557,0,0,655.5717569999999,655.5717569999999,655.5717569999999,513.334557,142.23719899999995,76.89442299999996,0
19.0,9.0,0.0087109804153442,1037.911114,567.898054,3471.049672,730.187671,3427.946728,4449.219876,5179.407547,4038.947726,1140.4598210000001,102.54870699999996,1021.273148
19.0,10.0,0.0,0,0,0,0,0,0,0,0,0,0,0
19.0,11.0,0.0,0,0,0,0,0,0,0,0,0,0,0
19.0,12.0,0.2005474418401718,1271.382356,10402.707374999998,6477.247759999999,0,19038.537341,19038.537341,19038.537341,16879.955135,2158.582206,887.19985,0
19.0,13.0,0.0,0,0,0,0,0,0,0,0,0,0,0
19.0,14.0,0.9876075983047484,5318.419584,1799.6702570000002,4475.821583999999,12293.781623,1760.172027,2800.11752,15093.899142999999,6275.491841,8818.407302,3499.987717,1039.945493
19.0,15.0,0.0,0,0,0,0,0,0,0,0,0,0,0
19.0,16.0,0.0,0,0,0,0,0,0,0,0,0,0,0
19.0,17.0,0.0,0,0,0,0,0,0,0,0,0,0,0
19.0,18.0,0.5853706002235413,569.943316,1608.2711239999999,0,0,1958.8140850000002,2895.376826,2895.376826,1608.2711239999999,1287.105702,717.162386,936.5627410000001
19.0,19.0,2.6214592456817627,117399.82240199999,511409.120451,459737.578927,0,91865.16219799999,1199610.3784470002,1199610.3784470002,971146.699378,228463.67906900003,111063.856667,1107745.2162489998
19.0,20.0,0.4954811036586761,7950.649043999999,3953.5463940000004,353.28366099999994,0,3484.5884849999998,17352.354992,17352.354992,4306.830055,13045.524936999998,5094.875892999999,13867.766506999998
19.0,21.0,4.036304473876953,71591.68151400001,156385.594357,27297.754316,0,56595.936827,293319.478786,293319.478786,183683.34867300003,109636.13011299999,38044.448598999996,236723.54195900002
19.0,22.0,0.79059237241745,391.00747699999994,6204.7579909999995,24.078573999999996,0.050210000000000005,3450.375892,7370.316423,7370.366633000001,6228.8365650000005,1141.530068,750.522591,3919.940531
19.0,23.0,2.559119939804077,14062.908841,40870.48685100001,0,1600.3162880000002,43104.287888,69472.749546,71073.065834,40870.48685100001,30202.578983000003,16139.670142,26368.461658
19.0,24.0,9.26749038696289,54926.549209,107423.286334,9500.915819,0,26243.074791,197381.61568000005,197381.61568000005,116924.20215400001,80457.41352700001,25530.864317999996,171138.540889
19.0,25.0,4.010698795318604,30245.889257000003,71061.691783,17073.805394,0,6489.061464,138036.396205,138036.396205,88135.497177,49900.899028,19655.009771,131547.334741
19.0,26.0,5.421701431274414,39241.966096000004,178305.149205,121053.54304300001,13792.520988,289857.107662,374829.84231999994,388622.36330799997,299358.692248,89263.67106,50021.704964000004,84972.734658
19.0,27.0,0.0,0,0,0,0,0,0,0,0,0,0,0
19.0,28.0,0.0,0,0,0,0,0,0,0,0,0,0,0
19.0,29.0,1.3101202249526978,81584.00666099999,133494.527163,2087.176081,27941.955917,223545.288224,223548.381457,251490.33737300002,135581.703245,115908.63412900001,34324.627468,3.0932329999999704
19.0,30.0,0.175530806183815,982.209471,884.849504,0,0,490.36616,2903.854076,2903.854076,884.849504,2019.0045719999998,1036.795101,2413.487916
19.0,31.0,3.060109615325928,156320.32950799997,96409.26650700001,10015.364506,41923.302235,303627.654355,314163.646912,356086.949147,106424.631013,249662.318134,93341.988626,10535.992557
19.0,32.0,0.0,0,0,0,0,0,0,0,0,0,0,0
19.0,33.0,0.0,0,0,0,0,0,0,0,0,0,0,0
19.0,34.0,0.3047492206096649,3580.6912620000003,2843.6822110000003,908.5927909999998,16.10191499999993,3197.277126,9414.115898,9430.217813000001,3752.2750009999995,5677.942812,2097.25155,6216.838772
19.0,35.0,0.189264714717865,1238.7184960000002,2488.0191430000004,548.586803,5.918511999999996,2682.7346979999998,4739.279934,4745.198446,3036.605947,1708.5925000000002,469.874003,2056.545236
19.0,36.0,1.3489173650741575,15735.988006,56519.559359,13176.780796000001,2490.522566,25895.262031,89507.86390299999,91998.38646899999,69696.340155,22302.046314,6566.058308,63612.601872
19.0,37.0,1.5689938068389893,297154.480663,48896.664343,1528.5711109999995,0.05417,131920.000343,358046.93109699996,358046.985267,50425.235454,307621.749813,10467.26915,226126.930754
19.0,38.0,0.1062891632318496,18693.825805,4254.304124,0,0,17208.127251,26712.335704999998,26712.335704999998,4254.304124,22458.031581,3764.2057760000002,9504.208454000001
19.0,39.0,1.2360740900039673,64777.429423,16098.968927000004,1682.7612669999999,1469.022935,28756.737339999996,137146.245741,138615.268676,17781.730194,120833.538482,56056.109059,108389.50840199999
19.0,40.0,0.6069283485412598,23378.640471,10475.321458,2525.3153,840.6262190000002,48083.089464,48247.18898600001,49087.815205,13000.636757999999,36087.178447,12708.537975999998,164.099522
19.0,41.0,0.164150521159172,11852.678724,17785.931873,3232.36174,3772.8866260000004,31918.581847999998,33273.194829,37046.08145600001,21018.293613,16027.787842000003,4175.109119,1354.612982
19.0,42.0,0.8598776459693909,21943.867969,13500.641272,872.6360220000001,19.23096999999999,52438.881570000005,54465.78204,54485.01301,14373.277294,40111.735715999996,18167.867747999997,2026.9004690000002
19.0,43.0,0.0,0,0,0,0,0,0,0,0,0,0,0
19.0,44.0,1.716059684753418,21.97716199999998,4047.170424,0,0,180.015714,16253.470977000003,16253.470977000003,4047.170424,12206.300553000001,12184.323391,16073.455262000001
19.0,45.0,2.4334304332733154,44266.741716,28514.377255,9173.626987,0,5108.996232,97534.278078,97534.278078,37688.004241,59846.273837,15579.532121,92425.281846
19.0,46.0,5.714924335479736,9824.913321,11127.710412,2151.018246,0,3333.0989219999997,38848.314983,38848.314983,13278.728659,25569.586323999996,15744.673003,35515.216061
20.0,1.0,18.357084274291992,91331.915345,172593.22430200002,52312.583771,93440.232808,164807.681562,292461.110833,385901.343641,224905.80807300002,160995.53556800002,69663.620223,127653.429272
20.0,2.0,0.0,0,0,0,0,0,0,0,0,0,0,0
20.0,3.0,0.0,0,0,0,0,0,0,0,0,0,0,0
20.0,4.0,10.026787757873535,421087.91917,111205.072676,17684.524308,479457.77990599995,196342.333851,231081.32060700003,710539.100513,128889.59698399999,581649.503529,160561.584359,34738.986756
20.0,5.0,3.377413511276245,53400.014982,33244.24987,6836.130217999999,39075.39314,14161.858751000003,60928.122997,100003.516137,40080.380088,59923.136049,6523.121067,46766.26424599999
20.0,6.0,0.0461117550730705,0.7658619999999803,201.294471,103.745142,0,67.80409599999994,369.49111899999997,369.49111899999997,305.039612,64.45150599999994,63.68564399999996,301.687023
20.0,7.0,0.0,0,0,0,0,0,0,0,0,0,0,0
20.0,8.0,0.1228988021612167,19.581676999999964,767.578437,145.13320599999997,0,1110.463178,1123.8929410000003,1123.8929410000003,912.7116429999998,211.18129800000003,191.59962099999998,13.429762999999973
20.0,9.0,0.0,0,0,0,0,0,0,0,0,0,0,0
20.0,10.0,0.9789506793022156,13677.722804,17235.960878,46087.242779,44130.61509300001,3042.117436,38590.370596,82720.98569,63323.203656,19397.782033,5720.059229,35548.25316
20.0,11.0,0.0,0,0,0,0,0,0,0,0,0,0,0
20.0,12.0,0.1221876740455627,391.685069,633.416268,206.33325999999997,73.04533799999993,1445.375917,1445.375917,1518.4212549999997,839.7495279999999,678.671727,286.986657,0
20.0,13.0,0.0,0,0,0,0,0,0,0,0,0,0,0
20.0,14.0,0.4469223916530609,561.50783,514.151217,303.97244799999993,0,1020.6544799999999,1927.9863090000001,1927.9863090000001,818.123665,1109.8626439999998,548.354814,907.331829
20.0,15.0,0.0,0,0,0,0,0,0,0,0,0,0,0
20.0,16.0,0.1634152084589004,56.77984599999993,1348.956745,182.84127199999998,142.320884,799.5578230000001,2063.925883,2206.246766,1531.798016,674.44875,617.668904,1264.36806
20.0,17.0,0.0,0,0,0,0,0,0,0,0,0,0,0
20.0,18.0,0.7390768527984619,348.51699799999994,1624.664762,520.5546810000001,0,1859.952951,3387.648602,3387.648602,2145.219442,1242.429159,893.912161,1527.6956510000002
20.0,19.0,0.0,0,0,0,0,0,0,0,0,0,0,0
20.0,20.0,0.4237104952335357,7484.205540000001,1600.0356210000002,138.899195,0,7171.567733,11814.501612999999,11814.501612999999,1738.9348169999998,10075.566796000001,2591.361256,4642.9338800000005
20.0,21.0,3.943502187728882,14236.811812,91963.079994,16202.687821,0,29207.109063999997,165458.998013,165458.998013,108165.76781500001,57293.230198,43056.418386,136251.888949
20.0,22.0,0.8993640542030334,2073.776811,8044.877197999998,1007.5511100000002,0,4922.038092,12188.221518999999,12188.221518999999,9052.428307999999,3135.7932110000006,1062.0164,7266.183427
20.0,23.0,5.613837242126465,43228.61027,74750.259749,0,45330.214334000004,45226.175485,89558.44755900001,134888.66189299998,74750.259749,60138.402144,16909.791875,44332.272074
20.0,24.0,7.350451946258545,32406.177209,74900.01882,7911.075030000002,0,21274.952793000004,136445.670124,136445.670124,82811.093851,53634.576274,21228.399065,115170.717331
20.0,25.0,2.3601834774017334,5782.264891,33035.341292000005,7934.478279999999,0,6669.616326,61138.279524,61138.279524,40969.819573,20168.459951,14386.195059999998,54468.663197
20.0,26.0,2.526510000228882,24941.774623,45527.590571,29789.095976000004,22677.176904,71304.68578100001,91807.536062,114484.712967,75316.686547,39168.026419999995,14226.251796999999,20502.850282
20.0,27.0,0.0,0,0,0,0,0,0,0,0,0,0,0
20.0,28.0,0.0,0,0,0,0,0,0,0,0,0,0,0
20.0,29.0,0.0,0,0,0,0,0,0,0,0,0,0,0
20.0,30.0,0.0,0,0,0,0,0,0,0,0,0,0,0
20.0,31.0,0.2308182269334793,958.5942109999997,3048.7180439999997,0,0,1427.6754139999998,6384.355452,6384.355452,3048.7180439999997,3335.637409,2377.043198,4956.680038
20.0,32.0,0.0,0,0,0,0,0,0,0,0,0,0,0
20.0,33.0,0.0915024057030677,311.04654999999997,1420.5231880000001,4.243062999999977,1.070190999999949,1975.251781,2277.054499,2278.12469,1424.766251,853.358439,542.31189,301.80271799999997
20.0,34.0,0.0801998004317283,3711.6385900000005,243.377648,174.23734699999997,47.39463999999999,1814.913221,5078.716944,5126.111585,417.61499499999996,4708.49659,996.858,3263.803724
20.0,35.0,0.1459361165761947,523.9379289999999,646.239511,135.43199799999994,7.531398999999973,1656.487431,1862.270953,1869.8023530000003,781.6715099999999,1088.1308430000001,564.192914,205.78352299999997
20.0,36.0,0.4266249239444732,678.807724,1835.133955,424.941238,284.469247,1195.0196580000002,3331.8459500000004,3616.315197,2260.0751929999997,1356.240004,677.43228,2136.826291
20.0,37.0,0.540205180644989,45847.4612,21664.708647,1003.406303,1.5799099999999915,13303.969079,70063.01684699999,70064.596756,22668.11495,47396.481806,1549.0206059999998,56759.047768
20.0,38.0,0.0,0,0,0,0,0,0,0,0,0,0,0
20.0,39.0,0.2771750390529632,6605.542332,3989.164012,517.061011,453.31879200000003,6743.867061,15554.126629,16007.445421,4506.225023,11501.220398,4895.6780659999995,8810.259567
20.0,40.0,0.3722068667411804,13146.118756999998,5146.670677,1137.154449,733.3720480000001,19992.34103,24457.065732000003,25190.43778,6283.825126000001,18906.612654,5760.493896,4464.7247019999995
20.0,41.0,0.1030359789729118,5547.919791,5918.736946,866.87382,1382.635833,12838.485733999998,13165.698730999999,14548.334564,6785.610766,7762.723797000001,2214.8040060000003,327.21299700000003
20.0,42.0,0.8836841583251953,7862.182317999999,6844.794768000001,624.52107,8.988463999999986,27202.586012999996,28420.626639,28429.615102999996,7469.315838,20960.299264999998,13098.116946999999,1218.040625
20.0,43.0,0.0,0,0,0,0,0,0,0,0,0,0,0
20.0,44.0,2.2231757640838623,4338.30383,6199.707388,0,0,181.898985,24911.022126,24911.022126,6199.707388,18711.314738,14373.010907999998,24729.123140000003
20.0,45.0,1.6609371900558472,12907.905001,14898.426113000003,4691.537141,0,2080.0078529999996,45596.262938,45596.262938,19589.963253,26006.299684,13098.394682999999,43516.255085000004
20.0,46.0,3.226517677307129,3145.084871,7292.27466,1503.677212,9.999999999999997e-7,1950.9586419999998,19756.439048,19756.439049000004,8795.951871999998,10960.487177,7815.402306,17805.480406
21.0,1.0,3.3269612789154053,109409.69175499999,89024.60134400001,33891.334455000004,58932.674553000004,57426.962074,209490.493329,268423.16788200004,122915.93579799999,145507.23208400002,36097.540328999996,152063.531255
21.0,2.0,0.0,0,0,0,0,0,0,0,0,0,0,0
21.0,3.0,0.0,0,0,0,0,0,0,0,0,0,0,0
21.0,4.0,0.8579341769218445,17561.406308,6404.145444,0,0,21580.769067,27675.947861,27675.947861,6404.145444,21271.802417,3710.3961090000003,6095.178794
21.0,5.0,2.559758424758911,4982.863803,13595.71473,2550.2509710000004,5589.925654,8558.590374000001,18583.86764,24173.793294000003,16145.965701,8027.827593999999,3044.96379,10025.277266
21.0,6.0,0.3230867087841034,2.261124999999933,1926.827272,6131.159986,6.405028999999939,725.706139,8441.40808,8447.813109,8057.987257999999,389.82585099999994,387.56472599999995,7715.701941
21.0,7.0,0.311845988035202,313.99251999999996,1239.344187,157.77182799999997,738.9279550000001,1358.562046,1358.562046,2097.49,1397.116015,700.373985,386.381466,0
21.0,8.0,0.2853089570999145,102.309761,2344.2171670000002,1430.305949,877.986571,3099.7012779999995,3628.6086740000005,4506.595245,3774.5231160000003,732.072129,629.762369,528.9073960000001
21.0,9.0,0.0,0,0,0,0,0,0,0,0,0,0,0
21.0,10.0,0.263340950012207,1408.52567,5482.060537,0,0,7793.885213,9367.966296999999,9367.966296999999,5482.060537,3885.90576,2477.3800910000004,1574.081085
21.0,11.0,0.1006987541913986,252.18102399999998,1461.560532,0,0,1253.4712549999997,2006.5061699999999,2006.5061699999999,1461.560532,544.945638,292.764614,753.034915
21.0,12.0,0.1408640891313552,89.84160399999992,744.5987729999999,157.265217,2.0723729999999474,1157.585133,1157.585133,1159.657506,901.8639899999998,257.79351599999995,167.951911,0
21.0,13.0,0.0,0,0,0,0,0,0,0,0,0,0,0
21.0,14.0,3.765003204345703,5184.165322,7867.645054999999,4951.916682,0,15767.898297,25597.324575000002,25597.324575000002,12819.561737,12777.762837999999,7593.597517,9829.426278
21.0,15.0,0.1709193736314773,231.237345,336.678839,189.26946899999996,0.9936129999999446,717.647234,1121.211568,1122.20518,525.948308,596.2568719999999,365.0195269999999,403.564333
21.0,16.0,0.1799903064966201,134.88088799999997,1420.1444419999998,458.489061,155.747845,864.7071709999999,2523.703202,2679.451047,1878.6335029999998,800.8175439999998,665.936656,1658.9960310000001
21.0,17.0,0.0,0,0,0,0,0,0,0,0,0,0,0
21.0,18.0,1.462549328804016,1163.556395,2405.970991,626.987694,0,3672.677855,5953.396226,5953.396226,3032.958685,2920.437541,1756.881146,2280.718371
21.0,19.0,0.0,0,0,0,0,0,0,0,0,0,0,0
21.0,20.0,0.6457842588424683,8329.438309000001,2654.280632,226.47508099999996,0,12787.160613999999,15402.480324,15402.480324,2880.7557129999996,12521.724612,4192.286303,2615.3197109999996
21.0,21.0,15.04572296142578,48112.354765,313971.803527,57491.388439,0,109709.84165700003,542865.24476,542865.24476,371463.19196500006,171402.052794,123289.69802899999,433155.403102
21.0,22.0,1.7212179899215698,10.870216999999979,16537.597901,1824.7780030000004,23.239879999999953,9188.979736,20584.847424,20608.087303000004,18362.375904,2245.7113990000003,2234.841182,11395.867688
21.0,23.0,6.141117572784424,2305.213636,81972.06076899999,0,5365.21823,69738.86338400001,107562.328668,112927.54689800002,81972.06076899999,30955.486129,28650.272494000008,37823.465284
21.0,24.0,18.044790267944336,40716.3021,118523.35161999999,15316.596878000002,0,43001.101596,232530.148927,232530.148927,133839.94849799998,98690.20042999998,57973.898329999996,189529.047331
21.0,25.0,5.402482032775879,22187.488438,67406.01895900001,16567.53937,0,10437.395317999999,136432.281564,136432.281564,83973.55833000001,52458.723234,30271.234796,125994.886246
21.0,26.0,5.2357587814331055,24225.1694,73308.111804,47867.096835,1324.7897870000002,123158.687098,174894.03296599997,176218.822752,121175.20864000001,55043.614113,30818.444712000004,51735.345866999996
21.0,27.0,0.0,0,0,0,0,0,0,0,0,0,0,0
21.0,28.0,0.0,0,0,0,0,0,0,0,0,0,0,0
21.0,29.0,0.0,0,0,0,0,0,0,0,0,0,0,0
21.0,30.0,0.1102246940135955,2526.329712,981.2069160000002,0,0,213.82359100000002,3948.012607,3948.012607,981.2069160000002,2966.805692,440.47598,3734.189016
21.0,31.0,0.3171751499176025,3234.9099020000003,4491.557992,998.7175300000001,1604.1544190000004,6865.225681000001,9589.158485,11193.312903,5490.275522,5703.037381,2468.1274799999997,2723.932803
21.0,32.0,0.0,0,0,0,0,0,0,0,0,0,0,0
21.0,33.0,1.0007569789886477,17.783815999999938,7880.700081,0,0,11124.070415,13106.508382,13106.508382,7880.700081,5225.808300000001,5208.0244840000005,1982.4379670000005
21.0,34.0,0.6471405625343323,13457.534547000001,2755.859644,1019.6577330000001,427.86697000000004,19401.790644,24492.267026,24920.133996,3775.517377,21144.616619,7687.082072000001,5090.476382
21.0,35.0,0.3502278327941894,1369.83941,3169.911244,793.478761,6.109411999999971,2556.547232,5905.390401,5911.499812999999,3963.390005,1948.1098090000003,578.270398,3348.843169
21.0,36.0,0.4834157228469848,1515.2759959999999,5512.469392999999,1282.679305,266.64870199999996,2279.792157,8741.511291,9008.159993,6795.148698,2213.011295,697.735299,6461.719134
21.0,37.0,1.2936420440673828,108763.33622799999,1387.1465260000002,48.85670899999993,55.80516099999994,27485.189947,114765.04867500001,114820.85383600001,1436.003235,113384.850601,4621.514373,87279.858728
21.0,38.0,0.0708034634590148,5146.0017720000005,325.72856,832.6618259999998,0,8031.895209,8120.999204,8120.999204,1158.390386,6962.608818,1816.607047,89.10399499999994
21.0,39.0,1.1524277925491333,26625.28934,33185.239915,6280.052952999999,1095.541954,43718.785946,84147.835417,85243.377371,39465.292867000004,45778.084503,19152.795164000003,40429.049471
21.0,40.0,1.8209666013717647,31027.066538,14516.364712999997,2996.732084,36.732522999999944,56624.845896,94155.997534,94192.730057,17513.096797000002,76679.63326,45652.566722,37531.151638
21.0,41.0,0.1972186118364334,10002.822321,9805.812353,1599.9566429999998,2786.234992,22566.532924000003,22586.053525000003,25372.288518,11405.768995999999,13966.519522,3963.6972010000004,19.520600999999928
21.0,42.0,1.4674288034439087,15006.436686000001,11216.394973999999,1470.549426,5.453992999999997,43423.415805000004,49561.14154,49566.595533,12686.944399999998,36879.65113299999,21873.214446999995,6137.725735
21.0,43.0,0.0,0,0,0,0,0,0,0,0,0,0,0
21.0,44.0,10.065390586853027,25025.543314,21508.123340000002,4766.923468,0,1139.116491,125195.37056800001,125195.37056800001,26275.046808,98920.32376,73894.780447,124056.254076
21.0,45.0,7.563587665557861,56919.910717,66182.19092899999,24918.690691999996,0,14852.943870000001,235244.16308600002,235244.16308600002,91100.881621,144143.281464,87223.37074799999,220391.21921599997
21.0,46.0,6.953400611877441,8654.894803,13623.927487,2962.943408,0,4041.674469,35071.429162,35071.429162,16586.870895,18484.558267,9829.663463,31029.754692
22.0,1.0,33.7275390625,196410.850814,490879.755153,189179.170469,365764.772505,485748.22850100003,696869.94277,1062634.715275,680058.925622,382575.789653,186164.938839,211121.71426900008
22.0,2.0,4.251253604888916,11278.766379,60178.789193,13879.321148,6768.035391,90898.49692699999,108208.134369,114976.16976,74058.110341,40918.059419,29639.29304,17309.637442
22.0,3.0,0.0,0,0,0,0,0,0,0,0,0,0,0
22.0,4.0,32.989356994628906,1285681.736412,75924.816519,13477.906085,1374491.963424,86467.466724,88509.76197200001,1463001.7253959998,89402.72260400001,1373599.002792,87917.266379,2042.2952469999998
22.0,5.0,106.83267974853516,2077601.28605,4834403.360118,1779017.7059469998,3034637.511419,1660419.6895429997,6364682.82584,9399320.33726,6613421.066065,2785899.271195,708297.9851449999,4704263.136297
22.0,6.0,18.821128845214844,697.745625,239111.245533,321664.181928,10253.534469,158015.32671400002,613711.835791,623965.37026,560775.427461,63189.942799,62492.197174,455696.50907699997
22.0,7.0,8.18457317352295,38142.197503,164647.12893200002,35686.654015,148223.02299800003,113793.290789,113793.290789,262016.313788,200333.782948,61682.53084,23540.333337,0
22.0,8.0,29.587499618530277,1245682.900844,2615082.358792,1175677.030917,2965959.706872,1868107.617103,2467917.244033,5433876.950905,3790759.389709,1643117.5611959998,397434.660352,599809.62693
22.0,9.0,1.78727388381958,419378.949676,229465.207826,1402514.286633,295040.041915,1385098.086691,1797754.2905039997,2092794.3324189999,1631979.4944590002,460814.83796,41435.888284,412656.203813
22.0,10.0,28.045053482055664,1518566.0863180002,3090224.896316,2155154.244442,3546820.5522939996,3387960.9508660003,4003516.971645,7550337.523939,5245379.140757999,2304958.3831820004,786392.296864,615556.02078
22.0,11.0,16.123939514160156,148291.507761,458421.391104,805018.9869649999,430243.93864199996,1024802.013515,1205971.191496,1636215.1301370002,1263440.378069,372774.75206800003,224483.244307,181169.17797999998
22.0,12.0,9.770410537719728,71924.02297300001,566808.800256,219527.88814599998,23807.940216,938293.4884029999,938293.4884029999,962101.428619,786336.688402,175764.74021700004,103840.71724400001,0
22.0,13.0,4.410270690917969,5870.35857,168747.67077899998,145814.108878,9043.749378999999,333571.463141,333605.184377,342648.933756,314561.7796569999,28087.1541,22216.79553,33.72123599999993
22.0,14.0,30.644445419311523,76380.030894,262357.87318999995,359133.082735,103583.95682300001,398532.412403,755855.112495,859439.069318,621490.955925,237948.113393,161568.082499,357322.700092
22.0,15.0,9.002826690673828,140730.31149700002,200284.944658,172523.902207,87294.82997699999,255854.764325,570908.870505,658203.700482,372808.84686499997,285394.853617,144664.54211999997,315054.10618
22.0,16.0,8.847392082214355,170363.18916100002,424782.060271,384581.185223,143311.01385400002,460171.923072,1065629.032759,1208940.0466129999,809363.2454949999,399576.801118,229213.611958,605457.1096869999
22.0,17.0,3.4754087924957275,16699.773607,61218.220858999994,49605.304139,40598.542907,125360.378268,125360.382682,165958.925589,110823.524998,55135.400591000005,38435.626984,0.0044139999999999995
22.0,18.0,39.897987365722656,164556.111409,286441.36048499995,208678.43721,60299.637332000006,481445.349453,843885.835137,904185.472469,495119.79769399995,409065.67477399996,244509.563365,362440.48568399996
22.0,19.0,15.67784595489502,1584691.6528909998,1254915.293608,1570985.5914460004,0,4665209.222648,4665209.316224,4665209.316224,2825900.8850539997,1839308.43117,254616.778279,0.0935759999999848
22.0,20.0,17.130449295043945,54442.830761,92004.399334,12446.218149999999,0,149555.66223,206145.476659,206145.476659,104450.61748400002,101694.859175,47252.028414,56589.814429
22.0,21.0,300.5036315917969,2869759.988539,3963416.123773,830858.930558,0,2009715.0118280004,9843249.080121001,9843249.080121001,4794275.054331,5048974.02579,2179214.0372510003,7833534.068293
22.0,22.0,53.84759521484375,925839.4251150001,1684080.400842,487127.53829,20541.238047,1890119.085017,4559862.680365,4580403.918411,2171207.939132,2409195.979279,1483356.5541639999,2669743.595348
22.0,23.0,225.14654541015625,1434643.260283,5067067.620558,0,1084604.2627110002,5547340.112466,10201022.589138998,11285626.851851001,5067067.620558,6218559.231292,4783915.971009,4653682.4766730005
22.0,24.0,449.563232421875,1784695.339889,2681173.300328,645481.464515,0,2731050.617887,8507055.920072,8507055.920072,3326654.7648429996,5180401.155229,3395705.815341,5776005.302185
22.0,25.0,164.6180419921875,478225.32033200003,1512714.8187560001,375642.673328,0,872988.6512900001,3785160.551606,3785160.551606,1888357.492084,1896803.0595220004,1418577.7391899999,2912171.9003160005
22.0,26.0,145.22052001953125,496205.80679299997,1242752.64285,836448.2385730001,122658.58149000001,1932294.972704,3080278.069063,3202936.6505529997,2079200.881423,1123735.7691300001,627529.962337,1147983.096359
22.0,27.0,2.7113661766052246,216959.68387,184471.279338,181183.00018799998,280099.3795,306680.143543,330572.4286270001,610671.808127,365654.27952599997,245017.528602,28057.844732,23892.285085
22.0,28.0,10.045251846313477,259099.01455899997,1162138.5286179997,2589783.167353,1920780.039119,1224179.241196,2648370.782782,4569150.821901,3751921.69597,817229.1259310001,558130.111372,1424191.5415860002
22.0,29.0,19.75643348693848,120792.200939,161443.34857300002,10104.241455,27922.361278999997,415140.947245,415142.60432899994,443064.965607,171547.590028,271517.375579,150725.17464,1.6570839999999243
22.0,30.0,11.0753173828125,747703.4576670001,214941.05001699997,34162.833373,0,337012.008177,1045278.2085150002,1045278.2085150002,249103.88338999997,796174.3251250001,48470.867459,708266.200339
22.0,31.0,30.984718322753903,478707.304103,249569.566516,30460.979622,53515.220924,885565.783185,907445.093236,960960.314159,280030.546138,680929.768021,202222.463918,21879.310050999997
22.0,32.0,4.193995475769043,142790.44632699998,87901.12685799999,30482.969587999996,43266.886377999996,337499.063016,342128.174269,385395.060648,118384.09644499999,267010.964203,124220.517876,4629.111254
22.0,33.0,42.86948776245117,1133684.366947,2717332.042273,580899.915958,27761.999233000006,1861852.6004509996,5032697.463467,5060459.4627,3298231.958231,1762227.5044690003,628543.137523,3170844.863016
22.0,34.0,70.33872985839844,1597720.530595,1478675.1200269999,585077.6849750001,331966.291628,2553550.062502,5151606.662939,5483572.954567,2063752.805002,3419820.1495640012,1822099.61897,2598056.600436
22.0,35.0,33.335567474365234,231713.645321,543979.139491,142668.00987000004,47131.872714000005,883540.8643269999,1108995.40421,1156127.276925,686647.149361,469480.12756399997,237766.482243,225454.53988399997
22.0,36.0,126.88831329345705,1719238.025471,9416825.481977997,2325085.898316,630089.476885,12328488.543751,19291078.253746003,19921167.730630998,11741911.380293999,8179256.350336999,6460018.324867,6962589.709995001
22.0,37.0,59.794559478759766,9013908.261396,449265.07598200004,16027.938772,46.063517999999966,1943212.1681579999,9708178.039877,9708224.103395002,465293.014754,9242931.088641,229022.827245,7764965.871720002
22.0,38.0,13.565690994262695,1576600.2389359998,417173.634664,0,0,2529038.771617,2540613.328578,2540613.328578,417173.634664,2123439.693914,546839.454978,11574.556960999998
22.0,39.0,60.81199264526367,1512444.795177,1185080.95518,269786.914415,240760.36402100002,2211216.4091169997,4166781.6613089996,4407542.025328999,1454867.8695949998,2952674.155735,1440229.3605579997,1955565.252191
22.0,40.0,121.13540649414062,2033872.976481,1589151.640205,405174.15620800003,132115.165806,5865914.872538,5880663.580026,6012778.745832,1994325.7964129997,4018452.9494189997,1984579.972938,14748.707488000002
22.0,41.0,6.49271297454834,545058.0916030001,403372.842071,107505.897115,180897.55510099998,1055239.849229,1064156.254915,1245053.810016,510878.73918599996,734175.070829,189116.97922600002,8916.405686000002
22.0,42.0,153.8435821533203,1610052.103359,1212315.8270999999,205603.07277300008,96.70786199999996,4580288.276149,5002999.307003,5003096.014865,1417918.899874,3585177.114991,1975125.0116310003,422711.03085300006
22.0,43.0,174.74850463867188,1947154.335156,1166446.19652,378691.66207799996,0,382975.479857,6661228.853024,6661228.853024,1545137.858598,5116090.994426,3168936.6592699997,6278253.373168
22.0,44.0,271.047119140625,1032089.0243599998,1057412.544824,247116.944906,0,72976.030108,8285731.751629,8285731.751629,1304529.489731,6981202.261898,5949113.237538001,8212755.721521
22.0,45.0,266.3182067871094,1097987.6363430002,2359656.705968,861013.643576,0,670015.822639,8503704.273605,8503704.273605,3220670.349544,5283033.924061,4185046.287718,7833688.4509660015
22.0,46.0,340.47662353515625,301329.099589,742892.462396,175190.477534,0.000005,566328.497173,2807083.063939,2807083.0639439994,918082.93993,1889000.1240140002,1587671.0244249997,2240754.566766
23.0,1.0,0.705777108669281,21243.568001,41918.009891,14801.328818000002,20104.476135999997,58580.949979,65571.017021,85675.49315700002,56719.338708999996,28956.154448,7712.586447,6990.067042
23.0,2.0,0.0,0,0,0,0,0,0,0,0,0,0,0
23.0,3.0,0.0,0,0,0,0,0,0,0,0,0,0,0
23.0,4.0,0.1565446704626083,385.920842,204.32989399999994,29.216299999999947,0,505.82322200000004,693.4083,693.4083,233.54619499999995,459.862106,73.94126399999995,187.585079
23.0,5.0,1.6069936752319336,1098.026618,56818.210088,17101.859835000003,46135.744512000005,32099.468559999998,35461.406722,81597.151233,73920.069923,7677.081309999999,6579.054692000001,3361.938161
23.0,6.0,0.2596745491027832,16.539413999999958,1786.393435,910.5639759999998,15.88543099999997,1181.7292109999999,3329.648682,3345.534113,2696.957411,648.576702,632.037288,2147.919471
23.0,7.0,0.1071182712912559,129.81363,354.667826,37.24852499999998,151.74377799999993,439.39422,439.39422,591.137998,391.91635099999996,199.22164699999996,69.40801699999993,0
23.0,8.0,0.4884195327758789,1288.816607,16227.481874000003,5297.050561,5085.656475,18378.85139,19581.034012,24666.690487,21524.532435,3142.158052,1853.3414450000002,1202.182622
23.0,9.0,0.0,0,0,0,0,0,0,0,0,0,0,0
23.0,10.0,0.2373620569705963,2791.1395929999994,16414.828131,19498.473019,13916.473302999999,29090.587254,29314.411904000008,43230.885208,35913.30115,7317.5840579999995,4526.444465,223.82464999999996
23.0,11.0,0.1280106753110885,1866.6844199999998,3565.39134,3390.4572470000007,691.52707,9901.891520000001,9901.891520000001,10593.418590000001,6955.8485869999995,3637.5700030000003,1770.885583,0
23.0,12.0,0.5624116659164429,2761.4561630000003,17519.090955000003,7205.120347000001,2087.5104589999996,29070.677554,29070.677554,31158.188013000003,24724.211302,6433.976711,3672.520547000001,0
23.0,13.0,0.0,0,0,0,0,0,0,0,0,0,0,0
23.0,14.0,0.9327272176742554,2812.464663,2441.89333,1343.248294,11.813679999999936,5865.442427,9308.591527,9320.405207,3785.141623,5535.263584,2722.798921,3443.1491
23.0,15.0,0.1597300320863723,942.265845,2262.847788,897.8477680000001,9.546802999999947,2466.6965480000003,5226.0136299999995,5235.560433000001,3160.695555,2074.864878,1132.5990319999999,2759.317082
23.0,16.0,0.1068708226084709,1488.0000160000002,3177.7062269999997,557.906339,297.74577999999997,2360.413218,5962.112511,6259.85829,3735.6125650000004,2524.2457249999998,1036.245709,3601.699292
23.0,17.0,0.0,0,0,0,0,0,0,0,0,0,0,0
23.0,18.0,1.759530782699585,6009.680794,7527.305589,2276.6011790000002,768.0228849999999,11414.18068,20458.832662,21226.855547000003,9803.906767999999,11422.948778999998,5413.267985,9044.651982000001
23.0,19.0,0.331604927778244,1023.0923810000002,4593.364205,4040.7131400000003,0,9153.438671,11683.439277,11683.439277,8634.077345,3049.361932,2026.2695509999999,2530.000607
23.0,20.0,0.1508145481348037,455.68398600000006,107.49685499999998,9.669160999999965,0,611.874135,745.621239,745.621239,117.16601599999996,628.455223,172.77123699999996,133.74710399999992
23.0,21.0,8.93009090423584,8098.011780999998,56133.680659,10135.336446,0,16688.744035,101232.360488,101232.360488,66269.017105,34963.343383,26865.331602,84543.61645399999
23.0,22.0,0.8574509620666504,1083.289784,12216.622495,415.88160799999997,38.79173999999999,6314.244455000001,15765.819182000003,15804.610923,12632.504103,3172.1068190000005,2088.817035,9451.574727000001
23.0,23.0,1.79276442527771,12038.355855,51329.275483,0,13508.910566,38044.547162,76833.504717,90342.41528300001,51329.275483,39013.139799000004,26974.783945,38788.957554
23.0,24.0,6.257500648498535,18282.376640000002,154591.08593499998,12662.851621,0,29236.758124000004,218099.616271,218099.616271,167253.93755600002,50845.678716,32563.302076000004,188862.85814700002
23.0,25.0,4.109498977661133,41236.735238,86469.961407,20767.365458,0,10601.411074,174171.336605,174171.336605,107237.32686500001,66934.00974,25697.274502999997,163569.925531
23.0,26.0,4.8334479331970215,16319.265153000004,31349.767166,21055.826847,1433.8016469999998,54658.108702000005,78844.446804,80278.248452,52405.594012999994,27872.654438,11553.389285,24186.338103
23.0,27.0,0.0,0,0,0,0,0,0,0,0,0,0,0
23.0,28.0,0.0,0,0,0,0,0,0,0,0,0,0,0
23.0,29.0,0.0,0,0,0,0,0,0,0,0,0,0,0
23.0,30.0,0.0,0,0,0,0,0,0,0,0,0,0,0
23.0,31.0,0.3950944244861603,2413.653105,756.259905,63.736567999999956,177.259198,2334.789504,3869.070407,4046.329605,819.9964729999999,3226.3331319999998,812.6800259999999,1534.280903
23.0,32.0,0.0919544175267219,4770.070631,295.308336,102.46888999999997,0,7686.189447999999,7737.185908,7737.185908,397.77722600000004,7339.408682,2569.338051,50.996461000000004
23.0,33.0,0.2832430899143219,576.57287,3870.735099,0.6098349999999846,17.24712999999999,4307.726977,5895.714002,5912.961131999999,3871.344934,2041.616199,1465.043328,1587.9870250000001
23.0,34.0,0.3560462892055511,5644.470394999999,2351.3740150000003,726.6460910000001,83.47391799999998,4322.720306,11444.926228999999,11528.400148,3078.0201070000003,8450.380041000002,2805.909646,7122.205923
23.0,35.0,0.0714848712086677,394.26522900000003,352.444509,73.34482999999997,0,757.7608,895.9651220000001,895.9651220000001,425.789339,470.17578299999997,75.91055399999998,138.204322
23.0,36.0,0.230685219168663,1431.452626,5389.574861,1452.986479,191.97895599999995,2209.080806,8923.418101,9115.397057,6842.56134,2272.8357169999995,841.38309,6714.337294000001
23.0,37.0,0.6338458061218262,42223.864558,11248.917715000001,331.97578799999997,46.15272799999994,9164.099133,55196.266076,55242.418804,11580.893503,43661.525301,1437.660743,46032.166943
23.0,38.0,0.0589899569749832,5054.66543,1733.6202,0,0,5717.265548999999,8099.771232,8099.771232,1733.6202,6366.151032,1311.485603,2382.505683
23.0,39.0,0.4667827785015106,8234.563911,5631.727975,749.941062,294.63087799999994,11481.082352,19191.838452,19486.46933,6381.669037,13104.800292999998,4870.236382,7710.756099999999
23.0,40.0,0.9904158711433412,12487.202576000001,10101.221842,2056.262483,106.54135099999995,31080.51207,31715.106338,31821.647688,12157.484325,19664.163363000003,7176.960788,634.5942670000001
23.0,41.0,0.1040557399392128,2816.6237,3562.395989,510.29170500000004,852.0110789999999,5428.245294,7229.211586,8081.222665,4072.6876939999997,4008.534971,1191.91127,1800.966292
23.0,42.0,1.4118791818618774,10275.108418,5222.32284,582.83921,24.472782999999946,26209.237428,28865.866849000005,28890.339631999996,5805.16205,23085.177582,12810.069163999999,2656.6294209999996
23.0,43.0,0.0,0,0,0,0,0,0,0,0,0,0,0
23.0,44.0,7.746377944946289,6983.401,28097.869501,6596.464512,0,2836.649316,191719.47092099997,191719.47092099997,34694.334013,157025.136909,150041.735908,188882.821605
23.0,45.0,5.780552864074707,18200.969677,27971.599429,9291.751405,0,4761.051649000001,96214.01188399999,96214.01188399999,37263.350834000004,58950.661050999995,40749.691373,91452.960235
23.0,46.0,7.519717693328857,7617.560490000001,12591.170872,2964.594684,9.999999999999997e-7,5667.783323000001,42882.835737,42882.835739,15555.765556,27327.070183,19709.509693,37215.052414
24.0,1.0,1.998379230499268,14328.254038,35439.998391,11923.753114,15174.934579,32527.918508000002,57844.633779,73019.56835799999,47363.751506,25655.816853,11327.562815,25316.715271
24.0,2.0,0.0846394896507263,107.418108,4050.180493,735.8272799999999,21.664516999999943,959.5251310000001,5872.746643,5894.411160000001,4786.007772999999,1108.403387,1000.9852790000002,4913.2215129999995
24.0,3.0,0.0,0,0,0,0,0,0,0,0,0,0,0
24.0,4.0,1.2004706859588623,2668.2021839999998,981.5858549999997,449.474382,3535.304166,1230.3648739999999,1555.143903,5090.448069,1431.060237,3659.3878320000003,991.185648,324.779029
24.0,5.0,2.5310025215148926,984.446439,44134.507202,20695.077704,16610.484043,58675.509708,58675.509708,75285.993751,64829.584906,10456.408845,9471.962406,0
24.0,6.0,0.416992723941803,134.04866199999995,6004.636885,10939.471004,630.9476510000001,4231.413746,19094.225702,19725.173353,16944.107888,2781.065465,2647.0168019999996,14862.811957
24.0,7.0,1.21453857421875,2046.191567,15366.550280000001,12079.768818999999,10695.874216,22124.824387,22124.824387,32820.698603,27446.319099,5374.3795039999995,3328.187937,0
24.0,8.0,1.1984288692474363,3767.4004649999997,101376.55995899999,59325.448677,33509.086369000004,117432.29452099999,138664.436878,172173.523247,160702.00863599998,11471.514611,7704.114146000001,21232.142357000004
24.0,9.0,0.1076632067561149,25262.872230999998,13822.701953,84485.735998,17772.849323,83436.605529,108294.507816,126067.35714,98308.437951,27758.919189,2496.046958,24857.902287
24.0,10.0,3.224569320678711,99480.86546799999,216269.67732,124009.61691800001,181048.34241299998,244591.185713,322141.374696,503189.717109,340279.29423800006,162910.42287200002,63429.55740400001,77550.18898299999
24.0,11.0,2.9869401454925537,16789.285323,104520.02607299999,139734.903887,48038.095857,191757.703149,257424.746155,305462.84201200004,244254.929959,61207.91205299999,44418.626729999996,65667.04300599999
24.0,12.0,1.536938190460205,19534.603238,89721.24049400001,34853.846294999996,8080.661342999999,155917.88143799998,155917.88143799998,163998.54278,124575.086789,39423.455991,19888.852753999996,0
24.0,13.0,0.3629433214664459,2734.905351,21893.710844,18298.382948,646.884271,48479.585725000004,48481.928637000005,49128.81290799999,40192.093792,8936.719116,6201.813765,2.3429119999999815
24.0,14.0,3.61962366104126,25073.161183,51798.094583,68823.040327,18677.746236,90487.320917,150343.274226,169021.02046200001,120621.13491,48399.885552,23326.724369000003,59855.953309000004
24.0,15.0,0.6185547709465027,2394.536115,13202.476043,17491.554412000005,1269.080124,25096.136906,50446.240058,51715.320181999996,30694.030455000004,21021.289727,18626.753611999997,25350.103152
24.0,16.0,0.6931511759757996,3190.087984,54842.468037000006,32115.723078000003,9600.011171999999,32888.708619,95435.85627999999,105035.867452,86958.191115,18077.676337,14887.588352999997,62547.147660999995
24.0,17.0,0.6322302222251892,3969.608586,13698.327204,15781.661639000002,7958.508782999999,27082.801463999996,32289.968919000003,40248.477702000004,29479.988843,10768.488859,6798.880273000001,5207.167455
24.0,18.0,1.5708658695220947,4975.684287,16850.701553,26048.571341,2994.8160829999997,27003.319389,54226.85254100001,57221.668625,42899.272894,14322.395731,9346.711444,27223.533152
24.0,19.0,0.2007335722446441,1223.099411,3239.031048,2865.58095,0,8904.645298,8904.645298,8904.645298,6104.611998,2800.033299,1576.933888,0
24.0,20.0,1.3044795989990234,1989.796852,9137.31519,1166.87724,0,12644.777963,14754.921511999999,14754.921511999999,10304.192430000001,4450.729082000001,2460.93223,2110.14355
24.0,21.0,7.206405639648437,100774.800597,121534.363031,26190.202342999997,0,63034.89911400001,298674.01587299997,298674.01587299997,147724.56537399997,150949.450498,50174.649902,235639.116759
24.0,22.0,1.9819027185440063,5312.927764,76752.210207,20127.479913000003,1265.308418,76609.67526500001,152350.92432100003,153616.232739,96879.69012,56736.54261900001,51423.61485399999,75741.24905600002
24.0,23.0,14.05921745300293,182369.07990799999,245582.27976099998,0,52528.791964,316419.880437,606287.123886,658815.91585,245582.27976099998,413233.63608799997,230864.556181,289867.243449
24.0,24.0,6.52232551574707,24662.000107,141733.245332,29426.525573000003,0,70051.883756,246999.76341800002,246999.76341800002,171159.770905,75839.992513,51177.992406,176947.879661
24.0,25.0,4.335457801818848,9278.980999000001,50863.72212199999,13214.626026999998,0,13095.040748000001,115812.359399,115812.359399,64078.348149000005,51734.011248999996,42455.030251,102717.31865100001
24.0,26.0,5.353769302368164,15456.969355000005,62487.434987,44859.649185,10301.807347,84350.783817,133179.75112200002,143481.558469,107347.08417200002,36134.474297,20677.504942000003,48828.967305000006
24.0,27.0,0.0,0,0,0,0,0,0,0,0,0,0,0
24.0,28.0,0.0,0,0,0,0,0,0,0,0,0,0,0
24.0,29.0,1.1763982772827148,6725.612471,9160.503552,279.941538,0,28964.294789000003,28974.349874000003,28974.349874000003,9440.445090000001,19533.904784,12808.292313,10.05508499999993
24.0,30.0,0.0,0,0,0,0,0,0,0,0,0,0,0
24.0,31.0,0.2214929163455963,958.4660949999999,1702.671747,175.681552,62.52299699999996,2418.6667220000004,3669.754154,3732.2771510000002,1878.353298,1853.923853,895.457758,1251.087432
24.0,32.0,0.0,0,0,0,0,0,0,0,0,0,0,0
24.0,33.0,0.324931263923645,40.15738099999999,5145.202705,395.351431,1724.427085,3437.734727000001,5669.589272,7394.016357000001,5540.554136,1853.462221,1813.30484,2231.854545
24.0,34.0,0.3867623209953308,0,28177.211205000003,8875.885059,296.138399,10565.404121000001,43387.109426,43683.247825000006,37053.096264,6630.151561000001,6630.151561000001,32821.705304999996
24.0,35.0,0.137970820069313,101.43671099999995,577.1678800000001,122.240166,27.329429999999928,865.567976,1068.062858,1095.3922880000002,699.408047,395.98424100000005,294.54753,202.494882
24.0,36.0,0.3020385503768921,1254.3620210000001,7734.7487599999995,1988.718797,352.59803899999997,5801.826005999999,11831.799465,12184.397503999999,9723.467557,2460.929947,1206.5679249999998,6029.973459
24.0,37.0,1.574311375617981,54621.5586,33068.07368,1515.573214,278.77338299999997,43007.370833,94470.669123,94749.442506,34583.646894,60165.795611999994,5544.2370120000005,51463.29829
24.0,38.0,0.0376330502331256,2441.276752,826.2902140000002,0,0,3984.4643690000003,4046.794555,4046.794555,826.2902140000002,3220.504341,779.227589,62.33018699999993
24.0,39.0,1.3161238431930542,27232.768272,21126.552331000003,3934.788676,3232.392349,25708.852914999996,65976.136658,69208.529007,25061.341007,44147.188,16914.419728,40267.283743
24.0,40.0,0.9578953385353088,10680.852941,5878.931053,0,0,23384.388701,23928.555945,23928.555945,5878.931053,18049.624892,7368.771952,544.167244
24.0,41.0,0.6615392565727234,32941.523373,34386.396559,20416.564012,14475.506372000003,76193.37177,94589.060684,109064.56705499999,54802.960571,54261.606483999996,21320.083111000004,18395.688912999998
24.0,42.0,1.9940993785858157,23968.576618,22004.246929,7630.630456000001,62.88239599999992,77981.19824199998,81826.157792,81889.04018799998,29634.877386000004,52254.162802000006,28285.586183999996,3844.959550000001
24.0,43.0,0.0,0,0,0,0,0,0,0,0,0,0,0
24.0,44.0,6.697315216064453,3870.1848080000004,21886.044961000003,5091.360673,0,1029.6511659999999,129517.56994899998,129517.56994899998,26977.405634,102540.164315,98669.979507,128487.91878299999
24.0,45.0,3.0864806175231934,20870.210682000004,26272.36738,14975.934228,0,6288.097474,90124.27287400002,90124.27287400002,41248.301608,48875.971266,28005.760585000004,83836.17540099999
24.0,46.0,5.263258934020996,10568.619336,12164.396507,2414.3492459999998,0,5453.889055000001,39612.747562,39612.747562,14578.745753,25034.001809,14465.382473000001,34158.858507
25.0,1.0,8.82740306854248,39196.735483000004,120816.45443299999,41106.150836,80335.764572,97265.349134,158371.169113,238706.933685,161922.605268,76784.32841600002,37587.592934,61105.819979
25.0,2.0,0.0,0,0,0,0,0,0,0,0,0,0,0
25.0,3.0,0.0,0,0,0,0,0,0,0,0,0,0,0
25.0,4.0,0.2000692337751388,759.1161390000001,754.190755,105.58601499999997,0,1259.502147,1748.9566600000005,1748.9566600000005,859.77677,889.179891,130.063752,489.45451299999996
25.0,5.0,13.99368953704834,254491.398109,657059.51013,212710.40080600002,355389.190235,312871.65970399993,851226.186494,1206615.3767290001,869769.910936,336845.465793,82354.067684,538354.52679
25.0,6.0,0.244188904762268,4.221292999999974,3054.4523459999996,1852.5235180000002,61.97945099999994,1044.671196,5519.359349,5581.3388,4906.975864,674.362936,670.141642,4474.688153
25.0,7.0,1.2756223678588867,1421.494854,19784.636232,2673.183241,6739.376834000001,19480.990821,19480.990821,26220.367656000002,22457.819473,3762.5481819999995,2341.053328,0
25.0,8.0,2.519199848175049,4417.845305,161664.51682400002,83762.86302899999,45997.976011,212607.176257,217230.02830200005,263228.004312,245427.379853,17800.624459,13382.779154000002,4622.8520450000005
25.0,9.0,0.6530921459197998,153246.281742,83849.439548,512496.155761,107811.299121,506132.059792,656921.766622,764733.065742,596345.595309,168387.470433,15141.188691,150789.706829
25.0,10.0,1.7623355388641355,64545.233835,100650.48147500001,77761.78893,120537.556894,162944.22033900002,163014.532829,283552.089723,178412.27040499996,105139.819318,40594.585482999995,70.31249000000001
25.0,11.0,4.35076904296875,56416.102875000004,130229.707454,204970.085135,70522.805113,315279.942833,392979.908807,463502.71391999995,335199.792589,128302.92133099999,71886.818456,77699.965974
25.0,12.0,1.2595323324203491,7088.307158999999,28675.588319000002,5856.45136,0,49353.82694,49353.82694,49353.82694,34532.039679,14821.787261000001,7733.480103,0
25.0,13.0,1.2147587537765503,15576.964272000003,159563.90762,145685.865762,244364.29382400002,108152.713965,108153.070199,352517.364023,305249.773382,47267.590641,31690.626369,0.35623399999998806
25.0,14.0,6.389096260070801,29446.615386,59061.27909,71961.089975,9360.797064,97725.296076,184836.28744500002,194197.084509,131022.369066,63174.715443,33728.100058,87110.99136899998
25.0,15.0,0.6191197037696838,2770.050176,8588.354749999999,9544.059187,172.67674899999997,13401.738496999998,29917.929468,30090.606215999996,18132.413937000005,11958.192279,9188.142104,16516.190971
25.0,16.0,0.6885899305343628,2219.384426,21451.472007999997,12285.353475,3622.6478760000005,22271.911754,42462.027425,46084.675300999996,33736.825483,12347.849817999999,10128.465393,20190.115672
25.0,17.0,0.2806389629840851,1141.905206,3416.940766,1533.410023,1449.412146,6251.022447,6251.0227159999995,7700.434862,4950.350789,2750.084072,1608.1788669999999,0.000269
25.0,18.0,4.138182163238525,6077.757782000001,34903.925087,17106.992164,3519.7124830000002,34794.571492,73009.27502,76528.987504,52010.917250000006,24518.070252999998,18440.312471000005,38214.703529
25.0,19.0,0.092155173420906,133.18102799999997,245.43668499999998,225.69489399999995,0,835.423359,835.423359,835.423359,471.131579,364.29178,231.11075200000002,0
25.0,20.0,3.734941482543945,7446.726162000001,3299.8480720000002,358.608617,0,7340.306388000001,17708.679935000004,17708.679935000004,3658.4566879999998,14050.223247,6603.4970840000005,10368.373548
25.0,21.0,9.163286209106444,23936.426353,80546.014105,15540.777035,0,32109.19002,157219.54415300002,157219.54415300002,96086.79113899998,61132.753014,37196.32666100001,125110.354133
25.0,22.0,2.203315496444702,11904.683406,42786.32828000001,11995.621143999999,676.6321310000001,43463.442518,77029.649067,77706.28119800001,54781.949425,22924.331773,11019.648367,33566.206549
25.0,23.0,10.959010124206545,19734.755308,515480.37050099997,0,128826.157673,324224.076873,582884.23529,711710.3929620001,515480.37050099997,196230.02246100002,176495.26715300002,258660.15841600002
25.0,24.0,10.49155616760254,58452.37904299999,163132.48258100002,24661.362569,0,108669.45042699999,332024.525492,332024.525492,187793.845149,144230.680342,85778.30129999999,223355.07506400003
25.0,25.0,3.308029890060425,12462.841293000001,55492.308106,13338.622656,0,5754.755762,99695.54824499998,99695.54824499998,68830.930762,30864.617482999998,18401.77619,93940.79248300001
25.0,26.0,11.480628967285156,26452.174101,135125.720489,90120.722496,19031.103289,209511.29791800005,279525.651218,298556.754506,225246.442985,73310.311522,46858.137421,70014.3533
25.0,27.0,0.0,0,0,0,0,0,0,0,0,0,0,0
25.0,28.0,0.0,0,0,0,0,0,0,0,0,0,0,0
25.0,29.0,3.708966016769409,6735.0590680000005,22101.098562,2747.466588,4584.19593,38774.308569,38796.977263,43381.173193999995,24848.56515,18532.608043,11797.548975999998,22.66869499999997
25.0,30.0,0.223610520362854,572798.327985,18418.718933000004,2881.5462879999995,0,171875.581161,596814.3911710001,596814.3911710001,21300.265221,575514.12595,2715.7979649999997,424938.81000999996
25.0,31.0,1.178868293762207,26311.329819,29780.487058,3566.3400239999996,3414.907109,66779.91114499999,67068.90827300001,70483.815382,33346.827082,37136.9883,10825.65848,288.99712800000003
25.0,32.0,0.0435123816132545,1162.6475970000001,1661.4863170000003,0,0,957.1163060000001,3992.500515,3992.500515,1661.4863170000003,2331.014198,1168.3666010000002,3035.384208
25.0,33.0,0.4224198460578918,756.0534250000001,6539.950084,151.10072,6.165445999999968,6318.645043,8674.827841,8680.993288,6691.050804,1989.9424840000001,1233.889058,2356.182798
25.0,34.0,0.2626456022262573,0,72241.035455,22528.15833,146.84240999999994,10830.344615999998,97582.063474,97728.90588399999,94769.19378500001,2959.712099,2959.712099,86751.71885800001
25.0,35.0,0.0885370522737503,483.410777,498.618139,108.47909700000001,0.22125799999996895,1299.78982,1315.5846430000001,1315.805901,607.097237,708.7086639999999,225.29788699999995,15.79482299999995
25.0,36.0,0.1918583065271377,2374.078592,4876.354867,1396.087243,233.22239599999995,5705.569574,9027.217792,9260.440187999999,6272.442110000001,2987.9980779999996,613.919486,3321.648217000001
25.0,37.0,1.415477275848389,71651.64865199999,20267.556847,713.3420960000001,0.03929,37602.864792,96300.788324,96300.82761400001,20980.898943,75319.928671,3668.280019,58697.923532
25.0,38.0,0.0488475002348423,1667.7115680000002,795.5220429999999,0,0,2763.629609,3540.575873,3540.575873,795.5220429999999,2745.053829,1077.3422620000001,776.946263
25.0,39.0,0.8773987889289856,12023.799233000002,10822.128717,1360.0763709999999,435.81030599999997,18803.124385000003,32355.256308000007,32791.066614,12182.205087,20608.861527,8585.062292999999,13552.131923
25.0,40.0,0.9940525889396667,13092.295952,10017.136355,2318.551047,131.78777,33235.931388,38917.529762000006,39049.317531,12335.687403,26713.630128999997,13621.334175999998,5681.598374
25.0,41.0,0.3189519643783569,21045.720202,7606.716331,2873.7814619999995,6835.788783999999,29927.99941,31501.427163000004,38337.215947,10480.497793,27856.718154,6810.997952,1573.427753
25.0,42.0,1.8120280504226685,19370.240047,14801.402887,3252.7488209999997,487.850187,54852.342297,57692.508797,58180.358984000006,18054.151708000005,40126.207277,20755.967230000002,2840.1665
25.0,43.0,0.0,0,0,0,0,0,0,0,0,0,0,0
25.0,44.0,7.420131206512451,7978.549873000002,15866.699901999998,3752.650595,0,1039.563765,102357.827748,102357.827748,19619.350497,82738.477252,74759.927379,101318.26398399999
25.0,45.0,7.671923160552978,4744.700948,51597.955895,16627.561972,0,10184.117075,191227.703376,191227.703376,68225.517867,123002.185509,118257.484561,181043.58630199998
25.0,46.0,6.196788311004639,8278.887878,14287.969113000003,2920.188538,0,5959.498764,49565.272273,49565.272273,17208.157652,32357.114620999997,24078.226744000003,43605.773509
26.0,1.0,9.479377746582031,174960.389191,126346.253908,39224.704218000006,86265.34427999999,142720.46752,292495.389402,378760.733681,165570.958126,213189.77555600004,38229.386364,149774.921882
26.0,2.0,0.0163450706750154,68.12301,287.91962699999993,51.960435999999966,5.628886999999935,346.87291899999997,467.017021,472.64590699999997,339.88006299999995,132.76584499999993,64.64283399999994,120.144102
26.0,3.0,0.0,0,0,0,0,0,0,0,0,0,0,0
26.0,4.0,0.4191644191741943,25591.694147000002,2450.463693,420.293539,27968.834832999997,1170.2736559999998,1210.43677,29179.271601999997,2870.757232,26308.514371,716.820224,40.16311299999995
26.0,5.0,3.667365550994873,13029.586234999999,106111.064688,20222.521615999998,36537.435683,34816.261531000004,119556.917326,156094.35301,126333.58630400001,29760.766706,16731.180471,84740.65579499998
26.0,6.0,0.0470735654234886,0.47239699999997425,272.029822,138.05978599999995,0,467.55064799999997,467.55064799999997,467.55064799999997,410.089607,57.461039999999954,56.98864299999998,0
26.0,7.0,0.1753785610198974,484.56671,3976.1635499999998,2221.9600420000006,5482.678616,1686.124946,1686.124946,7168.803561999999,6198.123592,970.6799709999999,486.11326099999997,0
26.0,8.0,0.0993278920650482,84.20218899999995,2403.557036,423.495968,0,3337.783934,3401.406606,3401.406606,2827.0530039999994,574.353602,490.151413,63.62267199999994
26.0,9.0,0.0,0,0,0,0,0,0,0,0,0,0,0
26.0,10.0,0.0,0,0,0,0,0,0,0,0,0,0,0
26.0,11.0,0.0,0,0,0,0,0,0,0,0,0,0,0
26.0,12.0,0.1183205544948577,522.851269,5611.102186,1834.6445959999999,0,8829.837666,8829.837666,8829.837666,7445.746782,1384.090884,861.239615,0
26.0,13.0,0.0,0,0,0,0,0,0,0,0,0,0,0
26.0,14.0,0.4569793939590454,860.0697290000003,1766.003917,989.9032589999999,0,3327.884467,4805.459626,4805.459626,2755.9071750000003,2049.552451,1189.482722,1477.5751589999998
26.0,15.0,0.0,0,0,0,0,0,0,0,0,0,0,0
26.0,16.0,0.0,0,0,0,0,0,0,0,0,0,0,0
26.0,17.0,0.0,0,0,0,0,0,0,0,0,0,0,0
26.0,18.0,0.512442409992218,557.805018,1863.87901,526.8614779999999,0,2799.53849,4563.986717000001,4563.986717000001,2390.7404880000004,2173.2462290000003,1615.4412109999998,1764.448227
26.0,19.0,0.0,0,0,0,0,0,0,0,0,0,0,0
26.0,20.0,0.2827201783657074,1258.531213,1186.280703,127.93033999999997,20.937557999999957,1440.820612,2967.1754130000004,2988.112971,1314.211043,1673.9019289999999,415.370715,1526.3548019999998
26.0,21.0,2.586052894592285,1997.984431,25882.052695000006,4468.384615,0,9577.386821,41586.221931,41586.221931,30350.437310999998,11235.784620999999,9237.80019,32008.835110000004
26.0,22.0,0.4610833525657654,286.933137,11054.504484999998,524.752064,1.9928189999999586,7752.2037980000005,12907.891699000002,12909.884517999999,11579.256549,1330.6279690000001,1043.6948309999998,5155.687900999999
26.0,23.0,2.3236000537872314,18154.047467,65781.355725,0,13902.086195,58364.18692,102269.309142,116171.395336,65781.355725,50390.03961099999,32235.992144,43905.122221
26.0,24.0,3.492565631866455,9993.295664,91154.66363400001,8767.260981000001,0,33591.897277,130647.51693399998,130647.51693399998,99921.924614,30725.592320000003,20732.296655000002,97055.619658
26.0,25.0,1.849636197090149,6672.036486999999,28313.027151,6886.609033000001,0,4228.463422,51343.84147100001,51343.84147100001,35199.636184,16144.205287,9472.168801,47115.37805
26.0,26.0,2.907825469970703,7865.041881000001,32842.526287,21384.466942999996,1021.7307649999999,55962.21373,69264.111806,70285.842572,54226.99323,16058.849341000003,8193.807461,13301.898077
26.0,27.0,0.0,0,0,0,0,0,0,0,0,0,0,0
26.0,28.0,0.0,0,0,0,0,0,0,0,0,0,0,0
26.0,29.0,0.0,0,0,0,0,0,0,0,0,0,0,0
26.0,30.0,0.0487268678843975,333.03379599999994,319.031445,46.92278299999997,0,794.5936859999997,803.6369000000001,803.6369000000001,365.954228,437.682671,104.64887499999995,9.043213999999951
26.0,31.0,0.1388663798570633,0,18438.06987,1768.046556,410.20043499999997,7514.242634000001,20817.451397,21227.651833,20206.116426000004,1021.535407,1021.535407,13303.208763
26.0,32.0,0.0,0,0,0,0,0,0,0,0,0,0,0
26.0,33.0,0.0966383442282676,139.57067099999998,1669.499652,4.728188999999985,0.40608799999999673,1759.1611080000002,2059.061734,2059.467822,1674.2278409999997,385.239981,245.669309,299.900626
26.0,34.0,0.1446478217840194,1447.264343,3326.599313,2805.559096,21.721621999999996,3117.036725,11021.434387,11043.156009,6132.15841,4910.997599,3463.733256,7904.397662
26.0,35.0,0.0346146635711193,356.799675,464.90677999999997,108.42831799999993,80.55185699999998,887.501242,1045.4966850000003,1126.048542,573.335098,552.713445,195.91377,157.995444
26.0,36.0,0.1655345261096954,708.282238,5255.236919,1411.4496000000001,491.91587699999997,7307.936346999999,7307.936346999999,7799.852224000001,6666.686519000001,1133.1657050000001,424.883467,0
26.0,37.0,0.6099746823310852,15567.397991000002,10640.825652999998,316.27872499999995,64.76856699999992,5865.453822,28382.63688,28447.405447000005,10957.104378,17490.301069,1922.903079,22517.183059
26.0,38.0,0.0694698169827461,1378.610752,541.163207,0,0,2619.081919,2784.009707,2784.009707,541.163207,2242.8465,864.2357480000001,164.92778799999996
26.0,39.0,0.0984946191310882,1601.7909799999998,1921.717349,216.535538,56.72359299999993,1186.566732,4781.690606,4838.4142,2138.2528870000006,2700.161313,1098.370333,3595.1238740000003
26.0,40.0,0.2759303152561188,4132.913365,3851.6045270000004,0,135.97216600000002,10174.406961,10390.109430999999,10526.081597,3851.6045270000004,6674.47707,2541.563705,215.70246999999998
26.0,41.0,0.0785783231258392,3746.0634119999995,2528.825421,383.80527399999994,861.57281,5732.0246400000005,6621.301111000001,7482.873921,2912.6306950000003,4570.243226,824.179814,889.276471
26.0,42.0,0.8725185394287109,4768.044975,3009.537825,202.439348,50.67875099999994,15082.868739,16051.959821,16102.638572000002,3211.977173,12890.661399,8122.616423999999,969.0910829999998
26.0,43.0,0.0,0,0,0,0,0,0,0,0,0,0,0
26.0,44.0,3.6010899543762207,6339.197515999999,7450.095394000001,1696.753781,0,386.925523,51246.705492,51246.705492,9146.849175,42099.856318000006,35760.658802000005,50859.77997
26.0,45.0,2.9665987491607666,6543.404495999999,23702.565553999997,7636.817448999998,0,4489.838766,83460.19467,83460.19467,31339.383003,52120.811667,45577.407171,78970.355904
26.0,46.0,2.0018882751464844,8045.979199,4909.385739,1042.7060709999998,9.999999999999997e-7,1504.173095,19596.730297,19596.730299,5952.09181,13644.638487999999,5598.6592900000005,18092.557202
27.0,1.0,3.1497137546539307,14990.546853,50706.58241,16237.127344999999,20408.546966,59909.12072099999,77110.58433,97519.13129599999,66943.709756,30575.42154,15584.874686999998,17201.463609
27.0,2.0,0.0,0,0,0,0,0,0,0,0,0,0,0
27.0,3.0,0.0,0,0,0,0,0,0,0,0,0,0,0
27.0,4.0,0.0675909519195556,162.03528599999996,66.83597399999996,11.608803999999934,0,235.607518,267.02039699999995,267.02039699999995,78.44477799999999,188.57561899999996,26.54033299999994,31.41287899999995
27.0,5.0,3.312555313110352,6101.479067,152833.16268500002,74680.916079,111230.79343500003,118681.115264,139878.80257,251109.596006,227514.07876499998,23595.517240999998,17494.038174,21197.687307
27.0,6.0,0.1355054229497909,57.293099999999924,987.8844819999999,499.195819,0.07098,622.6756290000001,1902.86652,1902.9375009999999,1487.080301,415.85719900000004,358.564099,1280.190892
27.0,7.0,0.3975750207901001,675.0420849999999,2388.5812229999997,287.02173799999997,967.053728,2851.08501,2851.08501,3818.138738,2675.602961,1142.535777,467.493692,0
27.0,8.0,0.7210803627967834,510.143153,38193.517890999996,21403.446799,11144.829141,56624.247103999995,56624.247103999995,67769.076245,59596.96469,8172.111555,7661.968402000001,0
27.0,9.0,0.0,0,0,0,0,0,0,0,0,0,0,0
27.0,10.0,0.3148053586483001,5688.212576,45902.697547,24018.117576,36230.920553,37843.89267,48217.086617,84448.00716999998,69920.815123,14527.192047000002,8838.979471999999,10373.193946000001
27.0,11.0,0.2040905654430389,773.420503,4559.880990000001,3638.2147710000004,795.5876219999999,6626.765299999999,9656.249383999999,10451.837006,8198.095762,2253.741245,1480.3207410000002,3029.4840839999997
27.0,12.0,0.8068540692329407,10549.905714999997,61115.943876000005,24469.006478,5550.541441,101651.627956,101651.627956,107202.169397,85584.950353,21617.219043999998,11067.313329,0
27.0,13.0,0.2135398387908935,26.842457999999944,3637.8033250000003,1056.393618,793.6188829999999,4795.089151,4795.136106999999,5588.754989999999,4694.196942,894.558047,867.715589,0.046956
27.0,14.0,1.5960476398468018,6149.5421559999995,10540.802108,6764.764544000001,42.79715999999998,14330.981203000001,28909.712897,28952.510056999996,17305.566652,11646.943405000002,5497.40125,14578.731693999998
27.0,15.0,0.1209944635629654,968.732758,2092.071835,858.094057,1.3336549999999547,3118.4239450000005,5496.828608,5498.162263,2950.165892,2547.9963709999997,1579.263612,2378.404663
27.0,16.0,0.3103023767471313,82.52386799999995,15736.358194,6868.270234,1776.5543389999998,10032.967364,25208.530778,26985.085117,22604.628428,4380.456689000001,4297.932820999999,15175.563414
27.0,17.0,0.0,0,0,0,0,0,0,0,0,0,0,0
27.0,18.0,1.3047571182250977,2589.298135,7121.616555,3720.13131,579.630414,9349.600397000002,17079.319387,17658.949800999995,10841.747865,6817.2019359999995,4227.9038009999995,7729.718989
27.0,19.0,0.0512927398085594,32.99541799999994,147.32739999999993,128.10970799999998,0,416.94885000000005,416.94885000000005,416.94885000000005,275.437108,141.51174199999994,108.516324,0
27.0,20.0,0.3066175878047943,533.727954,352.198851,31.46116599999993,0,774.397294,1228.939679,1228.939679,383.660017,845.2796620000001,311.55170799999996,454.542385
27.0,21.0,3.5625076293945312,6710.4729370000005,35804.650193,6813.218539,0,12625.554470000001,63524.064931999994,63524.064931999994,42617.868732,20906.196200000002,14195.723262999998,50898.510462
27.0,22.0,0.8401285409927368,334.8721949999999,10949.568535000002,754.8035140000002,256.96615899999995,9368.869330000001,15919.267489,16176.233648,11704.372049000001,4471.861599,4136.989404,6550.398158999999
27.0,23.0,3.017150640487671,39939.269481,75551.57445199999,0,23609.828896,68422.808713,128164.010767,151773.839663,75551.57445199999,76222.26521200001,36282.995731,59741.202054
27.0,24.0,4.547144889831543,12508.258281000002,117152.379592,10084.896524,0,31883.005226,164688.16056600004,164688.16056600004,127237.276115,37450.884451,24942.626168999996,132805.15533899996
27.0,25.0,1.9494712352752688,10747.788429,33668.451353000004,8123.570054,0,2872.4181000000003,63348.030704,63348.030704,41792.021407,21556.009297,10808.220868,60475.612604
27.0,26.0,4.876623153686523,13306.119997,38581.079620000004,24904.745698,469.224434,67337.415492,88440.86649399999,88910.090928,63485.825318,25424.26561,12118.145612999999,21103.451001
27.0,27.0,0.0,0,0,0,0,0,0,0,0,0,0,0
27.0,28.0,0.0,0,0,0,0,0,0,0,0,0,0,0
27.0,29.0,0.0,0,0,0,0,0,0,0,0,0,0,0
27.0,30.0,0.0,0,0,0,0,0,0,0,0,0,0,0
27.0,31.0,0.3019351363182068,833.636104,557.346872,45.73090599999998,26.640904,1673.683414,2019.0258799999997,2045.666784,603.0777790000001,1442.5890060000002,608.952902,345.34246599999994
27.0,32.0,0.0,0,0,0,0,0,0,0,0,0,0,0
27.0,33.0,0.0889204144477844,70.75470699999998,1307.831011,0.01483,0.5781409999999588,1013.897257,1858.285187,1858.863328,1307.8458409999998,551.0174870000001,480.26277999999996,844.38793
27.0,34.0,0.159212052822113,3044.7440140000003,944.39386,307.884406,67.72112699999995,2391.7310820000002,5579.690793,5647.41192,1252.278266,4395.133654,1350.3896399999999,3187.95971
27.0,35.0,0.0702390745282173,96.87189199999993,266.82691900000003,55.51673199999994,0,509.29682499999996,614.472626,614.472626,322.34365099999997,292.12897399999997,195.25708199999997,105.17580099999998
27.0,36.0,0.1002077460289001,503.10734,2273.5756269999997,548.61314,74.55821599999996,924.3340429999997,3485.538854,3560.09707,2822.188767,737.9083029999999,234.80096299999997,2561.2048099999997
27.0,37.0,0.5847604274749756,51748.19041,1631.2563000000002,53.353035999999996,7.829171999999948,5606.19894,55008.409397,55016.23857,1684.609336,53331.629234,1583.4388230000002,49402.210458
27.0,38.0,0.1785643100738525,1656.1630690000002,375.16785500000003,0,0,2279.833335,2566.096564,2566.096564,375.16785500000003,2190.9287090000003,534.7656400000001,286.26322899999997
27.0,39.0,0.2594518661499023,3674.965505,3166.8243820000002,602.62183,218.233852,5134.4062269999995,9441.282003000002,9659.515855,3769.4462120000003,5890.069644,2215.104139,4306.875776
27.0,40.0,0.600634753704071,8994.050266,6056.574463,1240.675263,66.94932499999999,15429.578578,20949.200651,21016.149975999997,7297.249726000002,13718.90025,4724.8499839999995,5519.622072
27.0,41.0,0.1146626323461532,7312.796698000001,2189.064632,419.83110800000003,1036.614543,10101.629093999998,10125.303827,11161.91837,2608.89574,8553.02263,1240.225932,23.67473299999995
27.0,42.0,0.662505567073822,5940.887534,6189.150096,1011.672013,10.705220999999945,18925.374318000002,20128.658801,20139.364022,7200.822109,12938.541913,6997.654379,1203.2844829999997
27.0,43.0,0.0,0,0,0,0,0,0,0,0,0,0,0
27.0,44.0,2.963569402694702,364.62472199999996,8992.966901,1975.460503,0,362.564737,43967.404443,43967.404443,10968.427403,32998.977040000005,32634.352318,43604.839706
27.0,45.0,3.3708012104034424,969.167338,19763.313665,6970.278496,0,3643.147585,61145.246636,61145.246636,26733.592160999997,34411.654474999996,33442.487138,57502.099051
27.0,46.0,4.562417030334473,8292.4684,9476.022461,1883.86604,4498.675879,3776.753036,27993.450601,32492.126480000003,11359.888501000001,21132.237978999998,12839.769578000001,24216.697565000002
28.0,1.0,53.007911682128906,1128636.26319,615960.535285,195880.41399099998,487758.420905,565169.804135,1613040.979639,2100799.400545,811840.9492759998,1288958.451268,160322.18807899999,1047871.1755039998
28.0,2.0,0.1734079271554947,2791.946384,3519.055167,678.801836,368.44601299999994,6706.773591,7471.8258049999995,7840.271817999999,4197.857003,3642.414815,850.468431,765.052214
28.0,3.0,2.1413004398345947,4649.849835,10206.504990000001,1106.622353,0.1402489999999758,16633.583337,16633.583337,16633.723585000003,11313.127343,5320.596242,670.746407,0
28.0,4.0,16.368314743041992,1766474.0344069998,320961.32857899996,46829.466768,1575225.188205,776335.1371659999,779226.2684899999,2354451.456695,367790.795347,1986660.6613480002,220186.62694100002,2891.131324
28.0,5.0,18.830659866333008,188564.255115,974775.67531,157496.738832,619637.471339,323213.041227,1024731.0829620002,1644368.5543010002,1132272.414142,512096.140159,323531.885044,701518.041736
28.0,6.0,0.7634761929512024,94.21628699999997,21367.615164,17228.149768000003,437.966777,12166.721318999998,45107.427818,45545.394595,38595.764932,6949.629663999999,6855.413376999999,32940.706499
28.0,7.0,1.0650612115859983,7458.714072999999,42455.756402,4287.6340979999995,14915.802637,43595.51242300001,43595.51242300001,58511.31506000001,46743.3905,11767.92456,4309.210487,0
28.0,8.0,1.4570783376693726,10579.301266999999,297874.194998,195982.69830400002,108166.640406,403254.357846,437509.53280199994,545676.173208,493856.89330199995,51819.279906,41239.978638,34255.17495500001
28.0,9.0,0.0,0,0,0,0,0,0,0,0,0,0,0
28.0,10.0,0.7218093276023865,44539.669422,84697.810857,51832.595799,80251.641971,104010.14310999996,128827.41824700001,209079.060219,136530.406656,72548.653563,28008.984141,24817.275136999997
28.0,11.0,0.2166221439838409,1175.208151,7716.021927,8091.55582,1247.728926,5468.520587,19193.346854,20441.07578,15807.577747,4633.498033,3458.2898820000005,13724.826267
28.0,12.0,0.6197220683097839,14057.147420000001,27322.69346,11194.522273,1158.954835,60510.734240000005,60510.734240000005,61669.689076,38517.215732000004,23152.473343000005,9095.325922999999,0
28.0,13.0,0.3550857603549957,94.56661599999995,13268.387173000001,3498.208982,0,18760.920146,18761.380438,18761.380438,16766.596155,1994.784283,1900.2176670000001,0.46029299999996576
28.0,14.0,6.983313083648682,82527.568235,130308.960214,135342.945021,32757.128041000004,245770.231245,392860.62787900004,425617.75592,265651.905235,159965.850686,77438.28245000001,147090.39663399998
28.0,15.0,0.3823854923248291,3142.536914,8659.304496,2912.4739409999997,0.13204199999995553,10523.399692,22465.717155000002,22465.849197,11571.778437,10894.07076,7751.533846000001,11942.317463999998
28.0,16.0,0.902999460697174,25057.125677999997,65695.535157,20198.222432,7311.306186000002,51637.907626,131064.507045,138375.813231,85893.757589,52482.055643,27424.929964,79426.59941899999
28.0,17.0,0.0794591307640075,639.112205,2589.426835,839.5411200000001,931.570641,2684.402268,4027.754688,4959.325329,3428.9679560000004,1530.357373,891.2451679999999,1343.35242
28.0,18.0,4.673332214355469,25755.28816,63096.724295,22968.369992,6240.387695,92111.166165,143067.21665199997,149307.60434700001,86065.09428800001,63242.510059,37487.2219,50956.05048700001
28.0,19.0,1.2031667232513428,276104.30634400004,60643.941532,55331.244342000005,0,74329.30933799999,407636.712413,407636.712413,115975.18587400002,291661.52653900004,15557.220196,333307.4030749999
28.0,20.0,2.3166725635528564,0,10366.347785,1250.066392,0,22072.988609,23036.880787,23036.880787,11616.414176999999,11420.46661,11420.46661,963.8921780000001
28.0,21.0,27.840557098388672,198076.98677899997,929063.896539,187614.98390999998,0,409136.08512400003,1694836.260053,1694836.260053,1116678.88045,578157.379603,380080.392824,1285700.174929
28.0,22.0,5.525569915771484,14158.512702000004,72613.022069,7495.557506,53.19858199999999,66441.672066,108586.076736,108639.27531800001,80108.57957500001,28530.695743,14372.183042000002,42144.404669999996
28.0,23.0,19.55931282043457,178748.695725,349087.27683100005,0,210523.15989299997,364871.406288,529912.6614069999,740435.8213,349087.27683100005,391348.544469,212599.848744,165041.25511899998
28.0,24.0,27.82084274291992,143719.57670399998,380926.2826900001,50610.410514999996,0,189451.795171,682731.770653,682731.770653,431536.693205,251195.07744800003,107475.500744,493279.97548200004
28.0,25.0,10.515514373779297,55931.513095999995,157386.957094,37995.225254,0,37608.96536,302102.558804,302102.558804,195382.182348,106720.376456,50788.863360999996,264493.593445
28.0,26.0,6.1165971755981445,102945.26107400001,412711.600859,0,2683.2747540000005,506339.213002,592408.521987,595091.796741,412711.600859,182380.195882,79434.93480799999,86069.30898500001
28.0,27.0,0.0,0,0,0,0,0,0,0,0,0,0,0
28.0,28.0,0.0,0,0,0,0,0,0,0,0,0,0,0
28.0,29.0,6.727558612823486,160014.21935899998,129975.35103499999,12493.024091,69883.810721,285965.266625,293142.705754,363026.516476,142468.375126,220558.141349,60543.92199,7177.439128999999
28.0,30.0,0.3861133456230163,7739.9198959999985,3760.13682,613.319407,49.86647099999995,9022.624429,15795.481479000004,15845.347950000005,4373.456227,11471.891723,3731.9718279999997,6772.857049
28.0,31.0,0.3945658206939697,3611.480054,5985.953031,575.7072089999999,424.318214,12973.631281999998,13378.02402,13802.342235,6561.660239999999,7240.681994,3629.201941,404.392738
28.0,32.0,0.0714471340179443,2989.5138890000003,4809.087536,1657.448963,0,11270.285113,12592.266615999999,12592.266615999999,6466.5364979999995,6125.7301179999995,3136.216228,1321.981503
28.0,33.0,1.9243749380111692,3553.9963369999996,26066.414617,1082.7953989999999,58.092926999999946,28147.109149,37443.519701,37501.612627999995,27149.210017,10352.402611000001,6798.406274000001,9296.410552
28.0,34.0,0.5921463370323181,10402.941123,4832.927845,1617.0084279999999,427.498097,13189.536938999998,22677.945197,23105.443294,6449.936272999999,16655.507020999998,6252.565898,9488.408258
28.0,35.0,0.3166555166244507,1344.677928,2625.505099,0,17.955612999999936,3417.113885,4834.221787,4852.1774,2625.505099,2226.672301,881.9943720000001,1417.1079019999997
28.0,36.0,2.6358020305633545,12166.998072,46230.586297,11185.488232,2268.197906,25715.62198,77354.92079899998,79623.118705,57416.074529000005,22207.044176000003,10040.046104000001,51639.298818999996
28.0,37.0,2.135045289993286,682890.042686,367502.735224,13893.894353000002,3261.2573780000002,422502.977122,1136123.883532,1139385.14091,381396.62957700004,757988.511333,75098.46864800001,713620.9064099999
28.0,38.0,0.2867538034915924,17875.474495,1639.919155,4225.223623,0,29718.418310999998,31609.522548999998,31609.522548999998,5865.142778,25744.379770999996,7868.905276000002,1891.1042380000001
28.0,39.0,4.690856456756592,94396.718163,121848.81014599999,19347.712248,5775.244943999999,148243.885064,355940.073553,361715.31849700003,141196.522394,220518.79610200002,126122.077939,207696.188489
28.0,40.0,2.881763458251953,52536.041628,46718.535775,9939.98789,841.7261710000001,180540.359566,183703.54504399997,184545.271215,56658.523665,127886.74755000001,75350.705921,3163.185478
28.0,41.0,0.6309271454811096,73591.28354599998,91285.06213599998,16243.45592,27482.565163000003,177840.70096400002,178650.47390699998,206133.03907,107528.51805599999,98604.52101400001,25013.237467999996,809.7729429999998
28.0,42.0,6.718005657196045,119277.659142,142687.590668,15728.027289000001,36.17067299999992,441762.00711,490009.010694,490045.181367,158415.61795699998,331629.56341,212351.90426699998,48247.003583
28.0,43.0,20.73863983154297,10015.197635,119375.10170999999,38753.439474000006,726.4349579999999,0,529051.907405,529778.342363,158128.541184,371649.801179,361634.603544,529051.907405
28.0,44.0,26.11783218383789,9097.820527,56954.288748,12612.844126,0,6694.247901999999,349839.727035,349839.727035,69567.132874,280272.59416100004,271174.773634,343145.479133
28.0,45.0,14.604776382446287,208423.89963799997,271934.644512,91136.062822,0,84331.35543099999,978186.766147,978186.766147,363070.707334,615116.058813,406692.159175,893855.410716
28.0,46.0,23.170499801635746,157155.259069,63909.305532000006,13118.438374000001,0.000103,23934.281195,303375.130741,303375.130844,77027.743907,226347.38693799998,69192.12786800001,279440.849546
29.0,1.0,1.021619200706482,7258.761458000001,13753.0653,3928.5731069999997,4257.944428,21386.771762,23547.179540999998,27805.123969,17681.638407,10123.485562000002,2864.724104,2160.407779
29.0,2.0,0.1740776598453521,521.061113,2990.007919,569.996528,49.75336599999995,3996.256196,4927.168599,4976.921966,3560.004446,1416.917519,895.8564059999999,930.912403
29.0,3.0,0.0044934954494237,9.757659999999936,21.418240999999984,2.322234999999949,0.000294,34.90539599999998,34.90539599999998,34.90568999999997,23.740475999999934,11.165213999999962,1.4075539999999462,0
29.0,4.0,0.0,0,0,0,0,0,0,0,0,0,0,0
29.0,5.0,0.2655782997608185,388.619005,7878.653168,989.817198,0,1751.7101400000001,10454.273028,10454.273028,8868.470366,1585.802661,1197.183656,8702.562888
29.0,6.0,0.1098439246416091,197.524561,835.9215560000001,431.834999,1.3351169999999848,484.25274599999995,1714.30574,1715.640858,1267.756555,447.884303,250.35974099999996,1230.0529940000001
29.0,7.0,0.3993501365184784,690.917601,9245.176618,926.5346189999998,3090.242155,9175.811365000001,9175.811365000001,12266.05352,10171.711237000001,2094.3422830000004,1403.424682,0
29.0,8.0,0.0,0,0,0,0,0,0,0,0,0,0,0
29.0,9.0,0.0,0,0,0,0,0,0,0,0,0,0,0
29.0,10.0,0.0,0,0,0,0,0,0,0,0,0,0,0
29.0,11.0,0.0,0,0,0,0,0,0,0,0,0,0,0
29.0,12.0,0.0,0,0,0,0,0,0,0,0,0,0,0
29.0,13.0,0.0,0,0,0,0,0,0,0,0,0,0,0
29.0,14.0,0.0,0,0,0,0,0,0,0,0,0,0,0
29.0,15.0,0.0,0,0,0,0,0,0,0,0,0,0,0
29.0,16.0,0.0,0,0,0,0,0,0,0,0,0,0,0
29.0,17.0,0.0,0,0,0,0,0,0,0,0,0,0,0
29.0,18.0,0.1164441183209419,264.309868,1671.1751769999998,447.80981099999997,123.63783099999998,2869.5924309999996,2869.5924309999996,2993.230262,2118.9849879999997,874.245274,609.9354060000001,0
29.0,19.0,0.0,0,0,0,0,0,0,0,0,0,0,0
29.0,20.0,0.4412611126899719,0,1484.8145439999998,155.886795,0,2208.3009620000003,2957.8313299999995,2957.8313299999995,1640.701339,1317.12999,1317.12999,749.530368
29.0,21.0,1.3533722162246704,4428.277382,61794.60651499999,10606.322321,0,26317.013316,84849.241846,84849.241846,72400.92883599999,12448.313010999998,8020.035628999999,58532.22853
29.0,22.0,0.1421023607254028,2467.585425,3728.21364,950.707443,4.895251999999989,2261.7651509999996,8039.09891,8043.994162000001,4678.921083,3365.0730790000002,897.4876539999999,5777.333759
29.0,23.0,0.8800355195999146,5179.697898,38463.250226,0,18806.561064999998,21383.650805999998,29141.205820000003,47947.766885000005,38463.250226,9484.516658,4304.81876,7757.5550140000005
29.0,24.0,2.78959059715271,8969.64718,52100.803843,3944.655819,0,11430.997704000001,72876.293607,72876.293607,56045.459662,16830.833944,7861.186763999998,61445.295903000006
29.0,25.0,2.545008659362793,10991.537817999999,30684.516262999998,7484.712493,0,3388.9612,58941.15375,58941.15375,38169.228756,20771.924994,9780.387176,55552.19255
29.0,26.0,0.752299964427948,4751.10102,19283.2335,0,7228.610530999999,14911.357517999999,23008.132209,30236.742739999998,19283.2335,10953.509238999999,6202.408219,8096.77469
29.0,27.0,0.0,0,0,0,0,0,0,0,0,0,0,0
29.0,28.0,0.0,0,0,0,0,0,0,0,0,0,0,0
29.0,29.0,0.0,0,0,0,0,0,0,0,0,0,0,0
29.0,30.0,0.0,0,0,0,0,0,0,0,0,0,0,0
29.0,31.0,0.0,0,0,0,0,0,0,0,0,0,0,0
29.0,32.0,0.0,0,0,0,0,0,0,0,0,0,0,0
29.0,33.0,0.0,0,0,0,0,0,0,0,0,0,0,0
29.0,34.0,0.0,0,0,0,0,0,0,0,0,0,0,0
29.0,35.0,0.1352768689393997,735.7568570000001,1143.370284,262.37707499999993,47.83929799999996,737.3493430000001,2618.4775630000004,2666.31686,1405.747359,1260.5695019999998,524.812645,1881.12822
29.0,36.0,0.4442554414272308,2597.673487,15339.813236,3761.2545419999997,535.596266,1823.157846,21989.464538000004,22525.060803,19101.067777999997,3423.993026,826.319539,20166.306690999998
29.0,37.0,0.2068149745464325,30100.002474,21812.708712,780.7903140000001,235.407838,14930.664179000001,58870.586698,59105.994536,22593.499025000005,36512.49551,6412.493036,43939.92252
29.0,38.0,0.0,0,0,0,0,0,0,0,0,0,0,0
29.0,39.0,0.0975720435380935,1234.059518,2292.5557289999997,189.75854999999999,0,2939.0417529999995,4528.042409999999,4528.042409999999,2482.314278,2045.728132,811.6686139999998,1589.000657
29.0,40.0,0.2813412249088287,2026.714236,8098.395847,1585.281144,554.553769,9337.536532999999,14158.944739999999,14713.498508,9683.676991,5029.821517,3003.1072810000005,4821.408206
29.0,41.0,0.0088555514812469,600.72189,643.414901,89.36672799999992,282.38858799999997,1455.316843,1460.92137,1743.309958,732.781628,1010.5283290000002,409.806439,5.604526999999958
29.0,42.0,0.0431541129946708,7111.891766,3468.531983,219.79843399999996,2454.1527659999997,8731.751247,10115.242995,12569.395761,3688.3304169999997,8881.065344000002,1769.1735780000001,1383.491748
29.0,43.0,0.0,0,0,0,0,0,0,0,0,0,0,0
29.0,44.0,0.4384055137634277,465.197479,730.7268419999999,160.39236999999997,0,3519.8180230000003,3519.8180230000003,3519.8180230000003,891.119212,2628.6988109999998,2163.501332,0
29.0,45.0,0.8834026455879211,1761.0697879999998,7570.119256999999,2386.373552,0,627.763281,25098.812909,25098.812909,9956.492809,15142.320099999999,13381.250311000002,24471.049627
29.0,46.0,1.6984800100326538,2756.247167,3275.278079,628.9478700000001,0,1036.5366219999999,8479.300416,8479.300416,3904.2259500000005,4575.074466,1818.827299,7442.763794
30.0,1.0,22.319107055664062,80025.099712,183213.38555800004,53771.51349399999,68603.152587,241539.07926300002,306253.343836,374856.49642299995,236984.899052,137871.59737200002,57846.49766,64714.264572
30.0,2.0,0.1767774224281311,1277.8448300000002,2334.554995,404.485387,122.81188699999997,3778.1812,4271.260241999999,4394.072129000001,2739.0403819999997,1655.031747,377.18691699999994,493.07904199999996
30.0,3.0,0.0,0,0,0,0,0,0,0,0,0,0,0
30.0,4.0,2.594482898712158,101948.073983,25376.664139,0,98297.133091,36230.073879999996,48621.719301000005,146918.852392,25376.664139,121542.188253,19594.11427,12391.645422
30.0,5.0,4.677276611328125,28309.283319,413054.146274,63220.078321,320804.074937,185847.47938200002,242061.343701,562865.418638,476274.22459399997,86591.194043,58281.910724999994,56213.864319
30.0,6.0,0.1748960316181183,33.052392999999945,3650.60702,1888.3352450000002,0,1433.5612460000002,6392.913585,6392.913585,5538.942265000001,853.9713200000001,820.918927,4959.3523399999995
30.0,7.0,0.582560122013092,2395.2440540000002,15164.866344,1659.8894609999998,0,21591.243229,21591.243229,21591.243229,16824.755805,4766.487424,2371.24337,0
30.0,8.0,0.2104738354682922,140.09760299999996,9539.158377,1798.375604,0,13243.968159999999,13787.55551,13787.55551,11337.533980999999,2450.021529,2309.923927,543.58735
30.0,9.0,0.0,0,0,0,0,0,0,0,0,0,0,0
30.0,10.0,0.0,0,0,0,0,0,0,0,0,0,0,0
30.0,11.0,0.0,0,0,0,0,0,0,0,0,0,0,0
30.0,12.0,0.6036282181739807,3974.830407,77956.491958,14371.666655,0,112648.30782900001,112648.30782900001,112648.30782900001,92328.15861299999,20320.149216,16345.318809,0
30.0,13.0,0.0,0,0,0,0,0,0,0,0,0,0,0
30.0,14.0,0.7884833216667175,4590.3642979999995,8662.438591,4742.6205899999995,0,16031.266300999998,22277.401019999998,22277.401019999998,13405.059179999998,8872.34184,4281.977542,6246.13472
30.0,15.0,0.0,0,0,0,0,0,0,0,0,0,0,0
30.0,16.0,0.1773340702056884,3608.8467330000003,10767.006978,3028.696687,4437.351464,7040.120154,15765.829168999999,20203.180633000004,13795.703665,6407.476968000001,2798.6302339999997,8725.709014999999
30.0,17.0,0.0040460093878209,32.54322899999998,131.852032,42.74892299999994,47.43504199999997,205.09079799999998,205.09080099999994,252.52584399999998,174.60095499999994,77.92488799999997,45.38165999999997,0.0000029999999999999997
30.0,18.0,1.0196490287780762,3818.57659,14273.176355,3694.0330769999996,0,18845.944485000004,28268.327680000002,28268.327680000002,17967.209432,10301.118247999999,6482.541658000001,9422.383194
30.0,19.0,0.0,0,0,0,0,0,0,0,0,0,0,0
30.0,20.0,0.9505290985107422,30145.455879000005,2809.510919,301.03744599999993,0,5620.947539,39101.724099,39101.724099,3110.5483649999996,35991.175734,5845.719855,33480.77656
30.0,21.0,6.564276218414307,55815.330049000004,247022.62606,42558.923818,0,103173.954115,408931.59311400005,408931.59311400005,289581.54987799993,119350.043236,63534.71318599999,305757.63899899996
30.0,22.0,2.1831905841827397,9629.547429999999,44556.992017,5144.354902,1.583690999999986,39533.384638,85013.379716,85014.96340800001,49701.346919,35313.616489,25684.069058,45479.99507800001
30.0,23.0,6.553934574127197,37831.207042,80834.30850200001,0,56346.903289999995,96544.70023300001,131052.404013,187399.30730299998,80834.30850200001,106564.998801,68733.791759,34507.70378
30.0,24.0,13.819796562194824,94314.727093,95329.764862,11138.243568,0,65209.321724,252427.78788000002,252427.78788000002,106468.00843000002,145959.77945,51645.052357,187218.466156
30.0,25.0,3.493687868118286,14115.363779,43093.45970100001,10322.163024,0,10006.675736,84093.83514999998,84093.83514999998,53415.622725,30678.212425,16562.848647,74087.159414
30.0,26.0,2.795936822891236,15929.752416000001,77618.18109299999,56037.928998999996,0,137535.188781,167902.53949000002,167902.53949000002,133656.11009200002,34246.429398,18316.676982,30367.350709000002
30.0,27.0,0.0,0,0,0,0,0,0,0,0,0,0,0
30.0,28.0,0.0,0,0,0,0,0,0,0,0,0,0,0
30.0,29.0,0.0,0,0,0,0,0,0,0,0,0,0,0
30.0,30.0,0.6245497465133667,3615.856551,4169.373981,667.487413,169.36018399999995,4030.019601,13101.863153999999,13271.223338,4836.861394,8434.361944000002,4818.5053929999995,9071.843553
30.0,31.0,0.023573312908411,952.457712,988.244811,124.40222799999995,49.702677,275.394135,2274.611645,2324.314322,1112.6470390000002,1211.667283,259.209571,1999.21751
30.0,32.0,0.0,0,0,0,0,0,0,0,0,0,0,0
30.0,33.0,0.2898418307304382,405.59216100000003,4582.24148,0,2.0012339999999895,4631.44043,6460.5208170000005,6462.522051000001,4582.24148,1880.280571,1474.68841,1829.080387
30.0,34.0,0.1377432942390442,1292.8446000000001,1779.9338019999998,1265.445889,24.50983699999998,3386.06245,5190.747525,5215.257361999999,3045.379691,2169.877671,877.033071,1804.6850749999999
30.0,35.0,0.173901155591011,1059.546209,2400.741944,536.799221,3.50768599999998,2886.522973,4748.9688080000005,4752.476494,2937.5411639999998,1814.93533,755.3891210000002,1862.445835
30.0,36.0,0.5575089454650879,3186.3871090000002,14489.795479999999,4169.322034000001,1306.453327,7370.899469000001,22676.270570999997,23982.723898,18659.117513999998,5323.606384,2137.2192750000004,15305.371101000002
30.0,37.0,0.4393778443336487,190360.21812600002,300135.050988,8961.320748,300.53892,60742.477593999996,511552.98047099996,511853.519391,309096.371736,202757.147654,12396.929528,450810.502877
30.0,38.0,0.0743443593382835,8167.458516,372.735951,951.6567239999999,0,7720.233379,11046.322391,11046.322391,1324.392674,9721.929717,1554.4712009999998,3326.089012
30.0,39.0,0.4910812675952911,10161.086994,10098.034905,921.522949,787.776684,13001.175349,27162.749305999998,27950.525990000002,11019.557853999999,16930.968136,6769.881142,14161.573957000002
30.0,40.0,0.6355736255645752,17560.381684,10598.110977000002,2092.1436769999996,527.836683,37166.920702,38730.262338,39258.099020999995,12690.254653999998,26567.844366999998,9007.462682999998,1563.341636
30.0,41.0,0.0962601825594902,8805.325306,11929.56595,1811.3816700000002,2780.072254,23542.458021000002,23699.846294,26479.918547999998,13740.947619,12738.970928,3933.6456229999994,157.38827399999997
30.0,42.0,0.7927797436714172,9017.568449,19863.185618,1452.243059,18.236873999999975,51183.426079,54368.557967999994,54386.794842,21315.428677,33071.366165,24053.797715999997,3185.1318890000002
30.0,43.0,0.0,0,0,0,0,0,0,0,0,0,0,0
30.0,44.0,4.617081642150879,313.958482,13556.088999,2986.850826,0,3726.2745170000003,69838.498657,69838.498657,16542.939824999998,53295.558832,52981.60035,66112.22414
30.0,45.0,5.276283264160156,532.538982,81119.542995,26157.169942,0,14822.329770000004,267814.42602600006,267814.42602600006,107276.712936,160537.71309,160005.174108,252992.09625699997
30.0,46.0,5.086317539215088,8835.191199,10471.565646999998,2015.354376,0.000008,2603.340541,33224.673252,33224.67326,12486.920023,20737.753237000004,11902.562037999998,30621.332711000003
31.0,1.0,14.73696231842041,108549.59047899999,266003.29951800004,81811.79185499999,92765.140193,397984.388733,437687.96911199996,530453.109305,347815.091372,182638.01793300002,74088.42745399999,39703.580379
31.0,2.0,2.629124164581299,361518.25015700003,159479.723364,32319.643200000002,136.341815,493561.03849799995,596080.177628,596216.519443,191799.366564,404417.152879,42898.902723,102519.13913000001
31.0,3.0,0.1581777483224868,9682.47812,38160.622123,1609.1557630000004,65.99232299999996,50912.995986,50912.995986,50978.98830900001,39769.77788600001,11209.210422,1526.732302,0
31.0,4.0,3.1220428943634038,15246.179225,7149.06382,1058.147874,18246.128356,8156.631705000001,9053.355184,27299.483539999997,8207.211694000001,19092.271846,3846.092622,896.723479
31.0,5.0,10.628278732299805,484913.92467499996,2109417.5297020003,320111.451331,1038522.8442650001,840211.094012,2101779.237613,3140302.0818779995,2429528.981033,710773.1008449999,225859.17617,1261568.1436009998
31.0,6.0,0.574235737323761,132.58639099999994,21097.183994,14481.589499000002,4882.048247,8624.509545,35357.143973000006,40239.19222,35578.773492,4660.418727,4527.832337,26732.634428
31.0,7.0,6.495802879333496,33757.206234,326689.500451,37281.019989,115969.259108,318019.172145,318019.172145,433988.431253,363970.520441,70017.910812,36260.704578,0
31.0,8.0,0.3924346268177032,812.3129700000001,17986.385362,2819.854227,0,26479.620829999996,26499.881025,26499.881025,20806.239589,5693.641436,4881.328466,20.260194999999946
31.0,9.0,0.0,0,0,0,0,0,0,0,0,0,0,0
31.0,10.0,0.1000628322362899,2450.874182,7485.409611,1416.5554969999998,0,12780.705085000001,13176.705608999999,13176.705608999999,8901.965108,4274.740501,1823.866319,396.00052400000004
31.0,11.0,0.0,0,0,0,0,0,0,0,0,0,0,0
31.0,12.0,0.593440592288971,12775.610635000001,45421.026471,7174.636270999999,97.26123399999994,74253.23838200001,74253.23838200001,74350.499616,52595.662742,21754.836873999997,8979.226239,0
31.0,13.0,0.131519541144371,179.47113699999994,3752.037102,968.6139469999999,4.5663729999999765,5488.70706,5488.910097,5493.47647,4720.651049,772.82542,593.354284,0.20303699999997238
31.0,14.0,1.914742112159729,13671.444784,32557.432226999998,20332.222694000004,126.827889,45184.231329999995,82179.435736,82306.263626,52889.654920999994,29416.608705000002,15745.163920999998,36995.204406
31.0,15.0,0.1285119950771331,2164.9544010000004,2218.634748,753.167693,12.12738799999993,1368.62177,7233.707899000001,7245.835286999999,2971.80244,4274.032846,2109.0784450000006,5865.086129999999
31.0,16.0,0.1559870243072509,2457.497264,9147.646565000001,1405.230431,0,6375.924836,16742.920284,16742.920284,10552.876994999999,6190.043288999999,3732.5460249999996,10366.995448
31.0,17.0,0.0452036671340465,148.633407,3427.389042,1119.40349,984.886822,3036.8882559999997,4255.624733,5240.511555,4546.792531,693.719024,545.0856160000001,1218.736477
31.0,18.0,2.564095020294189,11799.445295,39487.439005,13741.615481,3176.403799,50322.147364,85602.914236,88779.31803499999,53229.05448599999,35550.263548999996,23750.818253999998,35280.766871
31.0,19.0,0.9147073030471802,0,24330.513907,22034.152544,0,32123.540720000008,52426.431212,52426.431212,46364.666451,6061.764761,6061.764761,20302.890492
31.0,20.0,1.8036359548568728,192503.297029,117420.76886600001,9132.997508999999,0,112913.262669,364817.609174,364817.609174,126553.76637600001,238263.842798,45760.54577,251904.34650500005
31.0,21.0,22.55778694152832,276669.147557,486309.689621,84080.92486099999,0,209860.511097,999056.127705,999056.127705,570390.614482,428665.513223,151996.36566599997,789195.6166079999
31.0,22.0,2.9553568363189697,13141.905780000001,54740.124610000006,5335.814328,25.603614999999973,41165.082444,79079.85830900002,79105.46192399999,60075.938938,19029.522987,5887.617206,37914.775865
31.0,23.0,7.626553058624268,87430.37168999999,191998.31249300003,0,42749.801473,172625.607694,289158.58465599996,331908.38613,191998.31249300003,139910.07363600002,52479.701946,116532.976962
31.0,24.0,16.549734115600586,72349.807642,253036.122613,25375.892526,0,105368.332639,418223.465729,418223.465729,278412.01513899997,139811.45059,67461.642948,312855.13309
31.0,25.0,6.717740535736084,25609.496935,123873.522662,29723.700074000004,0,20552.750933,215090.810696,215090.810696,153597.222736,61493.58796,35884.091025,194538.059763
31.0,26.0,6.8053059577941895,45167.868470999994,267200.402641,173499.868607,4095.493769,421360.62726399995,588035.105324,592130.599094,440700.27124699997,151430.327846,106262.45937600001,166674.478061
31.0,27.0,0.0,0,0,0,0,0,0,0,0,0,0,0
31.0,28.0,0.0,0,0,0,0,0,0,0,0,0,0,0
31.0,29.0,0.0,0,0,0,0,0,0,0,0,0,0,0
31.0,30.0,0.1290942281484604,1680.1679189999998,2001.350657,285.61493099999996,0,1100.157005,5254.971816,5254.971816,2286.965587,2968.006229,1287.83831,4154.814811
31.0,31.0,0.4964512884616852,1665.013557,2766.209265,224.07089699999997,217.544067,12923.567303,13336.762831,13554.306898,2990.280162,10564.026736,8899.013179,413.195528
31.0,32.0,0.0064313942566514,948.793641,1051.564552,359.078736,266.23665399999993,2481.7416140000005,2566.8421000000003,2833.0787539999997,1410.643289,1422.435465,473.641824,85.100486
31.0,33.0,0.9355353116989136,2306.080101,21556.871741,29.76015099999995,27.804832999999974,23941.594219,31474.089501,31501.894335000005,21586.631893,9915.262442,7609.182340999999,7532.495282999998
31.0,34.0,0.7324170470237732,12388.207637,8856.203689,2797.6774330000003,13.69245599999995,16140.125485999997,35544.978322,35558.670778,11653.881122,23904.789655999997,11516.582019000001,19404.852837000002
31.0,35.0,0.5582427382469177,2588.178469,5930.590978,1243.015502,1.3315429999999302,7589.287185,13208.231557,13209.563098999999,7173.6064799999995,6035.9566190000005,3447.778151,5618.944372
31.0,36.0,1.8793132305145264,13209.636295,56182.818458999995,13158.048806,2017.9866989999998,16941.762712,88733.25862,90751.245319,69340.867265,21410.378054,8200.741758,71791.49590799998
31.0,37.0,0.6386212110519409,758001.551964,767152.5076080001,23173.426702,275.54801100000003,348782.82997900003,1581258.0251870002,1581533.5731990002,790325.9343090001,791207.638889,33206.086925,1232475.195208
31.0,38.0,0.6221165657043457,24413.213599000002,6313.331919,16115.054592,207.413556,26695.646318,63839.757067,64047.170623,22428.38651,41618.784113,17205.570514,37144.110749
31.0,39.0,1.8327758312225344,36288.93951,17106.510287,1592.364039,926.006958,46647.34553,77923.64500599998,78849.651964,18698.874326,60150.777638,23861.838128,31276.299475999997
31.0,40.0,3.6896233558654794,43521.352914999996,24610.121461,5766.192664,0,112178.17902199998,113474.33476399998,113474.33476399998,30376.314124999997,83098.02063900001,39576.667725,1296.155742
31.0,41.0,0.5728480815887451,29950.659844,47174.560521,8507.697560999999,9430.878310999999,90447.38481099998,90783.53643800001,100214.41474899999,55682.25808200001,44532.156667,14581.496822,336.151627
31.0,42.0,2.5051357746124268,45549.758364,57350.209365,12252.911774999999,23252.526103,142388.220838,145736.14588999999,168988.671993,69603.12114,99385.55085300001,53835.79248899999,3347.9250519999996
31.0,43.0,8.256234169006348,2974.1546490000005,57450.062491000004,18370.707340999998,0,624.1129599999999,225639.240278,225639.240278,75820.76983199999,149818.47044499998,146844.31579700002,225015.127318
31.0,44.0,35.95940017700195,66638.283421,78240.087881,17686.305509000005,0,10512.916506000001,532400.940534,532400.940534,95926.39339,436474.54714400007,369836.26372399996,521888.024028
31.0,45.0,15.44906997680664,238756.712047,211421.71764900003,69114.921959,0,37040.670237,649346.693956,649346.693956,280536.639609,368810.05434699997,130053.34230100001,612306.0237189999
31.0,46.0,16.8432559967041,54861.218354000004,71039.23686799999,15095.092143,0,47633.435983,265327.821208,265327.821208,86134.329011,179193.49219699999,124332.273842,217694.385224
32.0,1.0,1.7036768198013306,20721.96197,18823.090485999997,5345.095356,7214.087310999999,36411.588709,44018.298876,51232.386187000004,24168.185842,27064.200345,6342.238375,7606.710166999999
32.0,2.0,0.545340359210968,270.28747599999997,7176.363600999999,1221.745644,0,11893.0797,12569.604466,12569.604466,8398.109244000001,4171.4952220000005,3901.207746,676.524766
32.0,3.0,0.0,0,0,0,0,0,0,0,0,0,0,0
32.0,4.0,0.0,0,0,0,0,0,0,0,0,0,0,0
32.0,5.0,0.4214019775390625,2328.206226,19451.429566,2455.3818730000003,5640.224182,18758.094316000002,22285.996720999996,27926.220902999998,21906.811439,6019.409463999999,3691.203238,3527.902404
32.0,6.0,0.0377097427845001,12.619877999999998,1491.293929,761.592301,0.22081999999995544,917.787751,2456.679209,2456.900029,2252.88623,204.01379799999995,191.39391999999995,1538.8914579999996
32.0,7.0,0.3203939795494079,568.144724,9658.73747,944.066579,3027.4107369999997,9069.210368000002,9069.210368000002,12096.621106,10602.804049,1493.8170559999999,925.6723320000001,0
32.0,8.0,0.0,0,0,0,0,0,0,0,0,0,0,0
32.0,9.0,0.0,0,0,0,0,0,0,0,0,0,0,0
32.0,10.0,0.0,0,0,0,0,0,0,0,0,0,0,0
32.0,11.0,0.0,0,0,0,0,0,0,0,0,0,0,0
32.0,12.0,0.0429467037320137,348.14938199999995,1520.6581489999996,237.30307399999995,8.437437999999998,2328.448237,2328.448237,2336.885675,1757.9612240000001,578.924452,230.77506899999997,0
32.0,13.0,0.0,0,0,0,0,0,0,0,0,0,0,0
32.0,14.0,0.0538748614490032,310.263299,978.904852,0,0,1187.255906,1557.7310889999997,1557.7310889999997,978.904852,578.826237,268.56293800000003,370.475183
32.0,15.0,0.0,0,0,0,0,0,0,0,0,0,0,0
32.0,16.0,0.0,0,0,0,0,0,0,0,0,0,0,0
32.0,17.0,0.0016639385139569,5.471171999999955,126.16164699999997,41.20507,36.253524999999996,156.64887799999994,156.64887899999997,192.90240399999993,167.366716,25.535687999999954,20.064516,0.0000019999999999999995
32.0,18.0,0.0454938374459743,24.344767999999945,1052.809307,264.278149,50.35802099999999,1140.191783,1551.177347,1601.535368,1317.0874549999999,284.447912,260.10314500000004,410.985564
32.0,19.0,0.0,0,0,0,0,0,0,0,0,0,0,0
32.0,20.0,0.0632967129349708,1096.4682830000002,812.976957,65.13792599999996,0,2738.338815,2886.607437,2886.607437,878.1148830000001,2008.4925540000002,912.02427,148.268623
32.0,21.0,0.5440382361412048,2763.3747140000005,14930.375329999999,2614.017895,0,2521.057639,22903.444125,22903.444125,17544.393225,5359.050901,2595.676187,20382.386487000003
32.0,22.0,0.1468538343906402,9.931654999999942,3487.6800679999997,61.33480499999998,0.1272379999999372,2128.555707,3727.7699000000002,3727.897138,3549.014873,178.88226599999996,168.95061099999995,1599.2141930000003
32.0,23.0,1.2636988162994385,7789.922188000001,17576.808055,0,1673.703308,16146.421803999998,27974.171844,29647.875151999997,17576.808055,12071.067095999999,4281.144908,11827.75004
32.0,24.0,1.424402117729187,3038.148576,37219.440986,2775.165751,0,10207.926675,47882.543314,47882.543314,39994.606737,7887.936577999999,4849.788002,37674.61663900001
32.0,25.0,0.6823321580886841,2000.4801870000001,14542.062847,3499.895649,0,1934.103998,23116.407637,23116.407637,18041.958496,5074.449142,3073.968954,21182.303638999998
32.0,26.0,0.3145361542701721,6055.680755,19391.948552000005,12926.281234000002,212.41996899999995,24874.017000000003,41279.82449,41492.24446,32318.229786,9174.014674,3118.3339189999997,16405.80749
32.0,27.0,0.0,0,0,0,0,0,0,0,0,0,0,0
32.0,28.0,0.0,0,0,0,0,0,0,0,0,0,0,0
32.0,29.0,0.0,0,0,0,0,0,0,0,0,0,0,0
32.0,30.0,0.0,0,0,0,0,0,0,0,0,0,0,0
32.0,31.0,0.0,0,0,0,0,0,0,0,0,0,0,0
32.0,32.0,0.0004906983231194,72.39043399999996,80.23156399999998,27.396745999999972,20.31316099999994,192.475251,195.843189,216.15634999999995,107.62830999999994,108.52804,36.137605999999984,3.3679379999999384
32.0,33.0,0.0,0,0,0,0,0,0,0,0,0,0,0
32.0,34.0,0.0,0,0,0,0,0,0,0,0,0,0,0
32.0,35.0,0.0,0,0,0,0,0,0,0,0,0,0,0
32.0,36.0,0.0315868146717548,50.00384799999994,573.1551010000001,135.58946799999995,20.095373999999936,238.508818,953.0928329999999,973.188207,708.7445679999998,264.44363899999996,214.439791,714.584015
32.0,37.0,0.0083887400105595,1068.50501,719.2733760000001,0,0.15600799999998116,1871.062241,1957.103944,1957.259952,719.2733760000001,1237.986576,169.481566,86.04170299999998
32.0,38.0,0.0,0,0,0,0,0,0,0,0,0,0,0
32.0,39.0,0.0,0,0,0,0,0,0,0,0,0,0,0
32.0,40.0,0.7633029222488403,2695.549596,7287.446198000001,1436.316732,25506.166654,2028.5683549999999,4824.202458,30330.369111999997,8723.762929999999,21606.606182999996,18911.056587000003,2795.634103
32.0,41.0,0.0,0,0,0,0,0,0,0,0,0,0,0
32.0,42.0,0.0506043098866939,2341.0352510000002,1410.2439669999999,99.62884499999996,0.45284499999998595,1156.421621,4972.002219,4972.455064,1509.8728109999997,3462.582253,1121.547002,3815.580598
32.0,43.0,2.10003924369812,756.504094,14612.880741,4672.736203,0,217.06454000000002,57393.13878,57393.13878,19285.616942999997,38107.521837,37351.017741999996,57176.07424
32.0,44.0,0.0,0,0,0,0,0,0,0,0,0,0,0
32.0,45.0,1.4351186752319336,10603.434917999999,19666.597086,6305.438742,0,2316.90658,55156.743923,55156.743923,25972.035828,29184.708094999998,18581.273177,52839.83734300001
32.0,46.0,0.540193498134613,111.99973199999994,2510.9461969999998,505.438431,0,281.080267,6126.989633,6126.989633,3016.3846280000002,3110.6050050000003,2998.6052729999997,5845.909367
33.0,1.0,56.19728469848633,254762.40979499999,651653.513845,203189.064203,343863.261189,665464.686828,1011757.669914,1355620.931103,854842.5780480001,500778.353054,246015.94325900002,346292.98308599996
33.0,2.0,0.2154842913150787,1002.931307,3830.351996,661.57649,6.9959529999999965,5970.941273,6966.174373000001,6973.170326,4491.928486,2481.2418390000003,1478.310532,995.2330999999999
33.0,3.0,0.0,0,0,0,0,0,0,0,0,0,0,0
33.0,4.0,1.0921281576156616,5659.450653,7412.5353860000005,1047.6790059999998,10299.224787999998,4553.0160989999995,5107.830741,15407.055529,8460.214391999998,6946.841136999999,1287.390484,554.814642
33.0,5.0,8.011909484863281,90988.68371900001,951018.1317009999,159448.30537100002,645124.260973,417260.2428,663953.662507,1309077.9234799999,1110466.437072,198611.486408,107622.80268899999,246693.41970700002
33.0,6.0,0.2870393693447113,25.528247,8067.235145999999,4227.219099,58.59503399999998,3075.6452839999997,14453.984602,14512.579636,12294.454244999999,2218.125391,2192.597144,11378.339318000002
33.0,7.0,0.7896133661270142,3236.707362,27490.940103,7172.226834000002,11461.987072,30767.094611000004,30767.094611000004,42229.081682000004,34663.166937,7565.9147459999995,4329.207384,0
33.0,8.0,0.2567882537841797,1138.063014,9749.673244000001,1692.939569,2640.5966639999997,11706.727232,11706.783690999999,14347.380354,11442.612812,2904.767542,1766.704528,0.056459
33.0,9.0,0.0,0,0,0,0,0,0,0,0,0,0,0
33.0,10.0,0.20150126516819,27767.980785,28087.58466,16903.646996,26316.903246,56146.326512,57187.809918,83504.71316400002,44991.231655999996,38513.481508000004,10745.500722999997,1041.483406
33.0,11.0,0.208108365535736,8569.441125,31877.444038999998,27084.675061,7897.60769,27936.301517000004,64427.22199599999,72324.829686,58962.1191,13362.710587,4793.269462,36490.920479
33.0,12.0,0.4646530747413635,86202.690067,296194.04602,75122.27551,8657.966188,360671.208145,464996.678265,473654.644453,371316.32152999996,102338.32292300001,16135.632856,104325.47012
33.0,13.0,0.0340668745338916,1.1085819999999325,1298.69501,0,6.221305999999933,1373.5225839999998,1373.6165509999998,1379.837857,1298.69501,81.14284699999993,80.03426499999993,0.09396699999995825
33.0,14.0,1.8760379552841189,10951.29726,27831.597566999997,15769.883602000002,9.511153999999976,43426.248917,69789.2077,69798.71885399999,43601.48117,26197.237684,15245.940423999999,26362.958783000002
33.0,15.0,0.080319657921791,1720.740785,2322.389804,784.9058860000001,0.091045999999954,2466.886257,5851.682438,5851.773485000001,3107.2956900000004,2744.477795,1023.7370099999998,3384.796181
33.0,16.0,0.267431378364563,6175.505316,18723.006372000003,4467.772297,1692.0729160000003,12567.353240999999,32666.988909,34359.061825000004,23190.778669,11168.283156000001,4992.777840000001,20099.635668000003
33.0,17.0,0.011495042592287,37.79662799999998,871.565419,284.65790000000004,250.451131,1052.56503,1082.180971,1332.632102,1156.223319,176.40878399999997,138.612156,29.615940999999996
33.0,18.0,1.5840727090835571,6358.155411,31918.100979,15948.755793,3506.194767,35861.169529,64512.445863,68018.64063,47866.856772,20151.783858,13793.628447000001,28651.276334000002
33.0,19.0,1.1210483312606812,84877.763984,43887.60912,40686.335408,0,186370.303832,186370.306422,186370.306422,84573.944529,101796.36189300001,16918.597909,0.00259
33.0,20.0,0.8610131144523621,23280.174095000002,14568.151634,1387.4689759999999,0,42786.707525000005,50582.426696999995,50582.426696999995,15955.620610000004,34626.806087,11346.631992,7795.719172
33.0,21.0,10.939777374267578,41700.382816000005,197033.036578,35329.321735,0,80225.610972,338087.67627900006,338087.67627900006,232362.35831299998,105725.317966,64024.93515,257862.06530800002
33.0,22.0,2.987914562225342,7760.835673,40911.009369,3455.378224,148.84025699999998,29106.053861,58497.147961,58645.988217,44366.387592,14279.600624999997,6518.764952,29391.0941
33.0,23.0,20.756391525268555,152498.17361,295327.43384300004,0,245794.521368,192157.67611000006,327280.615776,573075.1371439999,295327.43384300004,277747.703301,125249.52969,135122.939666
33.0,24.0,12.570066452026367,30929.321044,211323.71268799997,17907.959084,0,80310.222767,305875.927542,305875.927542,229231.671773,76644.25576900001,45714.934725,225565.704775
33.0,25.0,5.739049434661865,19394.096206000002,86855.115006,21057.585296,0,20144.325305,159795.985151,159795.985151,107912.700302,51883.284848999996,32489.188643,139651.65984600002
33.0,26.0,5.193344593048096,76878.84561900001,281324.193519,183030.460424,25712.256903999998,495304.92130299995,590752.9715570001,616465.228461,464354.65394399996,152110.57451799998,75231.728898,95448.050254
33.0,27.0,0.0,0,0,0,0,0,0,0,0,0,0,0
33.0,28.0,0.0,0,0,0,0,0,0,0,0,0,0,0
33.0,29.0,3.035731792449951,2509.375321,106363.671141,5469.335859000001,12308.048374999998,135000.03691399997,135017.313044,147325.36141800001,111833.00699999998,35492.354419,32982.979097999996,17.27612899999997
33.0,30.0,0.0768858268857002,17896.995592,462.035929,0,0,4726.362386,19175.834254,19175.834254,462.035929,18713.798325999996,816.802734,14449.471868999999
33.0,31.0,0.2258608192205429,2268.385714,18495.406428000002,0,740.364094,24590.064746,25705.237554,26445.601648,18495.406428000002,7950.1952200000005,5681.809507,1115.172808
33.0,32.0,0.0240585263818502,3549.243161,3933.6876850000003,1343.239902,995.937214,7389.713506,9602.030624,10597.967838,5276.927587,5321.040251,1771.7970899999998,2212.317118
33.0,33.0,0.6472375392913818,34.49270299999996,16149.029881,8.76049099999996,0,19886.621462,23392.040996,23392.040996,16157.790372,7234.250623999998,7199.757920999999,3505.419534
33.0,34.0,0.8254692554473877,11478.697323999999,26339.884809,14219.460987,191.716785,50197.064936,66705.679304,66897.396089,40559.345796,26338.050292,14859.352968000001,16508.614367000002
33.0,35.0,0.3967218697071075,1726.4067630000002,3686.923002,791.2195509999999,0,5076.800552,8738.097020999998,8738.097020999998,4478.142553,4259.954468,2533.5477039999996,3661.296469
33.0,36.0,2.4613592624664307,10406.538901999998,27418.993250000003,6494.938356,997.679356,27120.10172,46930.879083,47928.558438,33913.931606,14014.626832000002,3608.08793,19810.777363
33.0,37.0,0.6051109433174133,190099.48333400002,62803.180875,3746.081779,98.58613000000001,135311.65844199999,272586.085415,272684.671544,66549.262654,206135.40888999996,16035.925556,137274.42697200002
33.0,38.0,0.5088728070259094,20754.64838,2798.324261,7144.044129000001,1360.752014,46818.643191999996,46934.631142,48295.383157,9942.368391,38353.014766,17598.366386,115.98795099999997
33.0,39.0,0.9134481549263,16701.505798,38617.772615,4374.834295000001,802.904405,38525.446012,67153.654618,67956.559023,42992.60691,24963.952113000003,8262.446315,28628.208606
33.0,40.0,1.8405739068984983,23883.761389,15852.986943999998,3230.8635050000003,0,51424.963597,61194.914617,61194.914617,19083.85045,42111.064168,18227.302777999997,9769.95102
33.0,41.0,0.6576275825500488,18003.097749,19143.900578999997,3154.2559,5769.604485,40595.523374000004,48114.826741,53884.43122600001,22298.156478999997,31586.274746999992,13583.176997999999,7519.303368
33.0,42.0,5.038280010223389,49246.225652,74268.96332099999,6948.369239000001,19871.335175,178489.283675,186527.104488,206398.439663,81217.33256,125181.107102,75934.88145100001,8037.820813
33.0,43.0,8.26839542388916,2978.5406019999996,57534.665254,18397.765306999998,0,1440.2115609999998,225971.528057,225971.528057,75932.43056099999,150039.097497,147060.55689500002,224531.31649599998
33.0,44.0,8.694087028503418,2375.097276,24314.018558,5355.245877,0,1834.9042879999997,101473.249318,101473.249318,29669.264434999997,71803.98488300001,69428.88760700001,99638.34502999998
33.0,45.0,6.862496852874756,99847.36142200002,97061.28382799999,30951.536410000008,0,22904.167196000002,279069.898115,279069.898115,128012.820239,151057.077876,51209.716454,256165.730919
33.0,46.0,10.477800369262695,14690.033985,34754.665833,6818.540652999999,852.2781070000001,15067.43465,98698.47265599998,99550.75076199998,41573.206486999996,57977.54427599999,43287.510291,83631.03800599999
34.0,1.0,19.61157989501953,82212.591706,234927.333289,68837.418567,86472.932175,341907.974194,374765.341006,461238.27318099997,303764.75185600005,157473.521325,75260.929619,32857.366813
34.0,2.0,0.3351035118103027,829.7564160000001,8586.638687,1639.452279,757.615548,12914.174324,13047.254762,13804.870310000002,10226.090966000002,3578.779343,2749.022927,133.08043799999996
34.0,3.0,0.0,0,0,0,0,0,0,0,0,0,0,0
34.0,4.0,0.8728123307228088,2865.405926,2911.3183,465.11835800000006,0,5155.854908,7060.020089,7060.020089,3376.436658,3683.583431,818.1775049999999,1904.165181
34.0,5.0,9.367887496948242,161449.690267,629011.140352,89103.83246399998,428328.009749,332320.016629,537282.365858,965610.3756060001,718114.972816,247495.402791,86045.712524,204962.349229
34.0,6.0,0.1359796822071075,3.1148569999999687,6248.650083,3288.2082650000007,0,1394.6813650000001,10280.816268,10280.816268,9536.858347999998,743.95792,740.8430639999999,8886.134903
34.0,7.0,0.564616858959198,1572.1066530000003,16405.241739,1675.9843919999998,5392.77523,16340.978902,16340.978902,21733.754132,18081.226131,3652.5280009999997,2080.421348,0
34.0,8.0,0.0745537802577018,150.49348999999995,2779.471924,0,0,3694.985647,3852.925212,3852.925212,2779.471924,1073.453288,922.959798,157.93956499999993
34.0,9.0,0.0,0,0,0,0,0,0,0,0,0,0,0
34.0,10.0,0.1120354607701301,7037.725468,15137.092180000003,8108.375305,10688.053904,19432.247063,23065.851771999998,33753.905677,23245.467484999997,10508.438191,3470.7127240000004,3633.6047089999997
34.0,11.0,0.0,0,0,0,0,0,0,0,0,0,0,0
34.0,12.0,0.281355082988739,2959.4341179999997,22933.186543,4453.932423,73.38876299999994,33026.068547,33026.068547,33099.457310000005,27387.118967,5712.338342999999,2752.9042249999998,0
34.0,13.0,0.0999547690153122,12.741547999999991,4175.622855,1058.8904949999999,0,5612.564712,5613.2609410000005,5613.2609410000005,5234.51335,378.74759099999994,366.006043,0.6962289999999581
34.0,14.0,0.5164874196052551,2460.1502400000004,7681.987346,4385.636024,0,12289.872471,17346.441559,17346.441559,12067.623368999999,5278.81819,2818.667951,5056.5690890000005
34.0,15.0,0.0952628776431083,680.459204,1770.2791619999998,584.865425,3.2054519999999282,1860.2483220000001,5015.056499,5018.261951,2355.1445870000002,2663.1173639999997,1982.6581600000002,3154.808177
34.0,16.0,0.0,0,0,0,0,0,0,0,0,0,0,0
34.0,17.0,0.1135568767786026,373.38444100000004,8610.004637000002,2812.073184,2474.150728,3605.2605840000006,10690.630733,13164.781461,11422.077820000002,1742.7036409999998,1369.3192000000001,7085.370148999999
34.0,18.0,0.6281175017356873,2406.538684,8977.938449,2892.926191,639.773294,9769.351973,18304.313081,18944.086374000002,11870.86464,7073.221734000002,4666.683050000001,8534.961108000001
34.0,19.0,0.5102358460426331,36828.709602,72535.75423,64711.849808000006,0,158203.757286,187743.95287,187743.95287,137247.604038,50496.348832,13667.639229999999,29540.195584
34.0,20.0,0.8206989765167236,18919.340004,9134.091062000001,811.25646,0,34075.150089999996,38422.28160000001,38422.28160000001,9945.347522,28476.934078000002,9557.594074,4347.131509
34.0,21.0,7.149873733520508,25342.347399,114883.911407,20541.385352999998,0,39025.559745,195369.86432200004,195369.86432200004,135425.29676,59944.567563000004,34602.220164000006,156344.304578
34.0,22.0,1.5003702640533447,129.36742499999997,19069.709018,68.20380899999999,31.64726299999996,10792.174826,21279.415964,21311.063228,19137.912827,2173.1504,2043.782976,10487.241138
34.0,23.0,5.890739917755127,47104.440784,124664.132438,0,37985.909912999996,108003.693117,161385.92701800002,199371.83693000002,124664.132438,74707.704493,27603.263709,53382.233901
34.0,24.0,11.981071472167969,48214.55643,190843.71789,17999.798869999995,0,70470.66522000001,300818.39461799996,300818.39461799996,208843.516759,91974.877859,43760.321429,230347.729398
34.0,25.0,3.621270656585693,12106.786827,57107.426219999994,13686.530890000002,0,11857.916094,102364.425293,102364.425293,70793.95711,31570.468183,19463.681356,90506.5092
34.0,26.0,3.32635235786438,44062.390298,189284.553296,124276.692556,2035.231006,350379.150077,391953.03665200004,393988.267659,313561.245852,80427.02180600002,36364.631508,41573.886575000004
34.0,27.0,0.0,0,0,0,0,0,0,0,0,0,0,0
34.0,28.0,0.0,0,0,0,0,0,0,0,0,0,0,0
34.0,29.0,0.0,0,0,0,0,0,0,0,0,0,0,0
34.0,30.0,0.4659829139709472,4738.355099,1425.248116,202.92682399999998,0,3193.3949430000002,9457.345044,9457.345044,1628.1749399999999,7829.170104000001,3090.815004,6263.950101
34.0,31.0,0.146508052945137,2465.894369,5804.051484,465.636113,0,10611.193454,10644.233862000001,10644.233862000001,6269.687596,4374.546266,1908.651897,33.040407999999985
34.0,32.0,0.0244243405759334,3603.208293,3993.498571,1363.663792,1011.079955,8845.024301,9748.027638,10759.107592999999,5357.162364,5401.94523,1798.736937,903.003337
34.0,33.0,0.5876237750053406,1816.7941700000001,18288.247085,18.835618999999966,16.709712999999958,7435.9769049999995,25090.20386,25106.913573,18307.082704,6799.830868999999,4983.036699,17654.226953999998
34.0,34.0,0.1286620646715164,2041.994813,2246.3167240000002,0,2.190994999999947,5457.08526,5457.08526,5459.276255000001,2246.3167240000002,3212.959531,1170.964718,0
34.0,35.0,0.2204814255237579,1098.6300210000002,1612.364387,0,0,3513.517055,3795.1195310000003,3795.1195310000003,1612.364387,2182.7551439999997,1084.125123,281.6024749999999
34.0,36.0,0.2114244401454925,1522.849781,4640.279723,1080.025721,162.12715699999993,1808.3938660000003,7713.075410999998,7875.202569,5720.305444,2154.897125,632.047344,5904.681545
34.0,37.0,0.2289589345455169,100737.106059,71177.67099099999,3115.1024019999995,76.40868699999997,59458.209532,183051.826344,183128.235031,74292.77339300001,108835.46163800001,8098.355579,123593.61681200001
34.0,38.0,0.23061503469944,8970.817987,4337.220807,0,47.16461199999998,18568.670803,20146.735176000002,20193.899787000002,4337.220807,15856.67898,6885.860993,1578.064372
34.0,39.0,0.5266228914260864,9187.916703999997,8639.057499,745.690042,194.79807799999998,4778.730116,22741.791566,22936.589644,9384.747540999999,13551.842103,4363.925399000001,17963.06145
34.0,40.0,1.371527910232544,21800.831556,13197.442384,2658.1844530000003,0,51481.200211999996,52001.097606999996,52001.097606999996,15855.626836,36145.470771,14344.639215000005,519.897395
34.0,41.0,0.100193053483963,9557.653901000001,14925.537422,2094.642816,5203.931095999999,21955.005024,23587.841795,28791.772890999997,17020.180238,11771.592653,2213.938752,1632.836772
34.0,42.0,1.274728536605835,15192.786978999999,11460.830007,785.371242,1.264283999999931,52371.142957,54910.382319,54911.646603,12246.201249,42665.445354,27472.658375000006,2539.239362
34.0,43.0,5.369007587432861,1934.086513,37359.620494999996,11946.424765,0,347.03216199999997,146732.59265600002,146732.59265600002,49306.04526,97426.547395,95492.460882,146385.560494
34.0,44.0,4.832375526428223,6662.413968000001,13105.546879,2870.759131,0,1101.648154,53106.414641,53106.414641,15976.306010000004,37130.108631,30467.694663,52004.76648700001
34.0,45.0,4.2068190574646,73969.50207799999,72730.774114,23199.25589,0,14166.508237999999,203900.12012899996,203900.12012899996,95930.030004,107970.090125,34000.588048,189733.611892
34.0,46.0,4.597059726715088,9088.03375,22182.862812,4547.685536,1418.4973949999999,4290.056519,58773.272042000004,60191.769436999995,26730.548348,33461.221089000006,24373.18734,54483.215523
35.0,1.0,14.685834884643556,55486.552395,223534.33853200002,67390.32128599999,63890.647645,301586.243052,330700.129845,394590.77749,290924.65981800004,103666.117672,48179.565276,29113.886793
35.0,2.0,4.980952262878418,3586.67806,67749.415488,12371.512665,0,103802.058058,117926.18506799999,117926.18506799999,80120.928153,37805.256916,34218.578855,14124.12701
35.0,3.0,0.0337478294968605,201.23213799999996,441.708205,47.891434999999966,0.00607,719.8536860000002,719.8536860000002,719.8597550000001,489.59963999999997,230.260115,29.027976999999968,0
35.0,4.0,1.9663480520248413,10456.814957999999,7589.775151000001,1065.55625,14601.487973,5458.416478,7208.219364,21809.707337,8655.331401000001,13154.375936999999,2697.5609790000003,1749.802886
35.0,5.0,10.417552947998049,218576.546467,1373446.130722,276117.82465599995,880927.9317559999,618289.215478,1174489.4293890002,2055417.3611460002,1649563.9553780002,405853.405768,187276.859301,556200.2139120001
35.0,6.0,0.319057822227478,248.86609499999997,18956.380257,9626.436665000001,2513.7693209999998,5549.392954999999,31450.47821,33964.247531999994,28582.816923000002,5381.430609,5132.564514,25901.085255
35.0,7.0,0.7105475664138794,6974.327393,55854.316754,6170.004604,21660.966869,51876.770864000006,51876.770864000006,73537.737733,62024.321358,11513.416375,4539.088982,0
35.0,8.0,0.3332597911357879,231.40355499999998,15936.61891,2478.548053,3784.566585000001,14546.469665999997,19809.795044000002,23594.361628999995,18415.166963,5179.194666,4947.7911110000005,5263.325378
35.0,9.0,0.0,0,0,0,0,0,0,0,0,0,0,0
35.0,10.0,0.1183870434761047,2359.588695,9273.463566999999,1463.5145170000005,5061.31242,8297.922999,11104.533711,16165.846131,10736.978084,5428.868047,3069.2793520000005,2806.610711
35.0,11.0,0.126761108636856,1036.046801,15879.107881,11149.267604,1918.546126,11142.797872000003,29401.434749,31319.980875000005,27028.375484999997,4291.605388999999,3255.5585880000003,18258.636877
35.0,12.0,0.4341258108615875,13432.232031,44945.846405000004,7181.736542000001,14.66457899999999,74555.71904800001,74555.71904800001,74570.38362699999,52127.582946999995,22442.80068,9010.568648999999,0
35.0,13.0,0.1575426608324051,8251.215596999999,17456.424041,8978.677953999999,20097.350179,18092.139208,18092.807709,38190.157888,26435.101995,11755.055893,3503.8402960000003,0.6685009999999527
35.0,14.0,1.6263322830200195,18812.889395999995,51229.99908,30791.242348,67.06317599999997,80757.587112,122204.13822299999,122271.201399,82021.241428,40249.959971000004,21437.070573999998,41446.551111
35.0,15.0,0.1730944663286209,277.279462,9461.498129,3122.487607,22.830014999999932,5814.405362,16044.751060000002,16067.581075,12583.985735999999,3483.595339,3206.315877,10230.345698
35.0,16.0,0.188531219959259,8589.940141,27833.576126,3747.8806240000004,2180.206542,19145.333989000002,44002.20838999999,46182.414932,31581.45675,14600.958181999997,6011.018041,24856.874401
35.0,17.0,0.0979660674929618,1619.0445579999998,6154.923878,2717.7630759999997,2555.354479,10848.056817,10848.057834,13403.412312999999,8872.686954,4530.725359,2911.6808009999995,0.001018
35.0,18.0,1.9064228534698489,13825.644575,45223.440721,12692.181136,3048.9473570000005,50073.605677,93533.33987399998,96582.28723100001,57915.621857,38666.665374,24841.020799,43459.734197000005
35.0,19.0,1.163137912750244,33154.136604,88972.25579600001,78864.860128,0,176697.547999,227580.291221,227580.291221,167837.115924,59743.175297,26589.038693,50882.743222000005
35.0,20.0,1.0201505422592163,17707.435461999998,13233.731291,1182.748659,0,48064.024935,48597.384183,48597.384183,14416.479950000003,34180.904233,16473.46877,533.359248
35.0,21.0,14.552661895751951,107432.855975,365556.04077699996,64529.410645,0,138783.83534,652742.2270579999,652742.2270579999,430085.45142199995,222656.775636,115223.919662,513958.391718
35.0,22.0,2.743271350860596,1418.076256,32265.841097,4612.535752,117.81858099999997,28647.521326999995,43908.967191,44026.785771999996,36878.376849,7148.408923,5730.332667,15261.445864
35.0,23.0,9.932690620422363,89246.93485800001,138324.03168400002,0,61421.506254,143965.87985599999,212046.796442,273468.302696,138324.03168400002,135144.27101199998,45897.336154000004,68080.916586
35.0,24.0,13.61540699005127,70269.404597,226088.542951,21758.797057,0,86291.753338,371170.991574,371170.991574,247847.340009,123323.65156500001,53054.246968,284879.238236
35.0,25.0,7.125254154205322,26240.246575,103244.894557,24862.776244,0,19274.173013,190798.693454,190798.693454,128107.670801,62691.022653,36450.776078999996,171524.520441
35.0,26.0,8.795682907104492,69094.467245,250485.40289199998,162978.53471500002,4621.85154,384814.081954,565860.7625150001,570482.614055,413463.937607,157018.676448,87924.209203,181046.680561
35.0,27.0,0.0,0,0,0,0,0,0,0,0,0,0,0
35.0,28.0,0.0,0,0,0,0,0,0,0,0,0,0,0
35.0,29.0,0.0,0,0,0,0,0,0,0,0,0,0,0
35.0,30.0,0.1742143332958221,2563.428185,1912.7644440000004,274.5811969999999,0,1546.936754,5493.8454169999995,5493.8454169999995,2187.3456410000003,3306.4997759999997,743.071591,3946.9086629999997
35.0,31.0,0.2714263498783111,5268.578249,2620.7878499999997,213.309713,221.27454999999998,5777.642401,10288.823515,10510.098064999998,2834.0975630000003,7676.000502000002,2407.422254,4511.181114
35.0,32.0,0.0,0,0,0,0,0,0,0,0,0,0,0
35.0,33.0,0.5445366501808167,356.57949399999995,11773.402262,22.915422999999997,2.7131629999999243,6111.905032,15733.995422000004,15736.708585,11796.317685,3940.3909000000003,3583.8114060000003,9622.09039
35.0,34.0,0.9166741967201232,18109.078099,7885.931707000001,2638.596104,58.06772999999996,21340.993323000002,38162.414985,38220.482715,10524.527810000001,27695.954905000002,9586.876805,16821.421662999997
35.0,35.0,1.363345503807068,848.0783489999999,8500.994799000002,1770.6044129999998,5.569736999999984,13726.446192000001,16650.883365,16656.453102,10271.599212000001,6384.85389,5536.775541,2924.437173
35.0,36.0,1.2102681398391724,352.293687,22520.924698000003,5261.7792,825.8425810000001,6252.737738,38981.785930000005,39807.628511,27782.703898,12024.924613,11672.630927,32729.048192000006
35.0,37.0,0.3982918262481689,304415.24209,169037.81205799998,6994.7209680000005,28.203616999999934,153951.02165900002,509891.00662,509919.210237,176032.53302600002,333886.67721099994,29471.43512,355939.98496100004
35.0,38.0,0.1932161599397659,8963.30788,1628.4782060000005,4155.692916,0,18576.641895999997,19682.832392000004,19682.832392000004,5784.171123,13898.661269,4935.35339,1106.1904960000002
35.0,39.0,1.1127057075500488,32691.826525,24812.922908,2225.928496,603.6541990000001,24378.824089,75239.517941,75843.17213999998,27038.851405,48804.320735999994,16112.49421,50860.693852000004
35.0,40.0,1.3703374862670898,27151.375017000002,20858.047088000003,5893.168052999999,987.1440739999999,67017.565296,67192.145234,68179.289309,26751.215140999997,41428.074168,14276.69915,174.57993799999997
35.0,41.0,0.3172618448734283,44279.52462,82544.18728499999,11709.175756999999,12662.255469000002,124796.869783,136320.326761,148982.58223,94253.363042,54729.219187,10449.694568,11523.456978
35.0,42.0,1.4692227840423584,27892.380131,18064.804016,1610.112913,1.1340909999999305,83993.356576,89637.30857899999,89638.44267,19674.916928000002,69963.525742,42071.145611,5643.952003
35.0,43.0,7.170358657836914,3394.104481,45987.110656,40609.686232,0,3951.9037339999995,206240.702947,206240.702947,86596.796888,119643.906058,116249.801577,202288.799213
35.0,44.0,19.092750549316406,17463.144053,26657.861646,5878.083105,0,1373.694669,119734.354617,119734.354617,32535.94475,87198.409867,69735.265814,118360.659948
35.0,45.0,11.875325202941896,184175.67252700002,201152.966165,66040.635089,0,37721.907893,746380.322952,746380.322952,267193.601254,479186.72169800004,295011.04917099996,708658.41506
35.0,46.0,12.901969909667969,19940.411583,27891.070546,6281.204411,171.80119899999997,11073.879509,83040.50058299999,83212.301782,34172.274956999994,49040.026825,29099.615241000003,71966.62107299999
36.0,1.0,0.691057026386261,6451.022434,4086.0484370000004,1145.092773,1953.395893,10860.442761999999,11885.113344,13838.509236000002,5231.141209,8607.368027,2156.345593,1024.670581
36.0,2.0,1.1566022634506226,4075.9545430000003,40526.443869,0,0,49284.153852,50939.647597999996,50939.647597999996,40526.443869,10413.203729,6337.249185999999,1655.493746
36.0,3.0,0.0287215560674667,171.26140099999998,375.921892,40.758669999999974,0.0051660000000000005,612.641459,612.641459,612.6466250000001,416.68056099999995,195.966063,24.70466199999997,0
36.0,4.0,0.0,0,0,0,0,0,0,0,0,0,0,0
36.0,5.0,0.6639538407325745,3480.368092,33986.248144,4378.103946,11803.00921,24980.561836,37312.049416,49115.058625000005,38364.352091,10750.706535,7270.338443,12331.487579
36.0,6.0,0.0,0,0,0,0,0,0,0,0,0,0,0
36.0,7.0,1.1638239622116089,32364.300176,234933.23432000002,27044.128721,100729.21150700001,204472.04324399997,204472.04324399997,305201.254751,261977.363041,43223.891709999996,10859.591533,0
36.0,8.0,0.0,0,0,0,0,0,0,0,0,0,0,0
36.0,9.0,0.0,0,0,0,0,0,0,0,0,0,0,0
36.0,10.0,0.0,0,0,0,0,0,0,0,0,0,0,0
36.0,11.0,0.0,0,0,0,0,0,0,0,0,0,0,0
36.0,12.0,0.0,0,0,0,0,0,0,0,0,0,0,0
36.0,13.0,0.0,0,0,0,0,0,0,0,0,0,0,0
36.0,14.0,0.1084647625684738,363.97993799999995,3269.587414,0,8.712240999999938,3012.7489,4717.287789,4726.00003,3269.587414,1456.412616,1092.4326780000001,1704.5388879999998
36.0,15.0,0.0,0,0,0,0,0,0,0,0,0,0,0
36.0,16.0,0.0,0,0,0,0,0,0,0,0,0,0,0
36.0,17.0,0.0008865707204677,14.651982999999982,55.70065599999993,24.59513499999993,23.12537099999997,73.84903599999997,98.17244799999996,121.29781899999993,80.29579099999994,41.00202899999998,26.350046,24.32341199999998
36.0,18.0,0.0943804234266281,1389.671173,1914.299691,0,144.21907999999996,4274.77121,4274.77121,4418.99029,1914.299691,2504.6905989999996,1115.0194259999998,0
36.0,19.0,0.0,0,0,0,0,0,0,0,0,0,0,0
36.0,20.0,0.1017693281173706,4480.738737000001,3285.0852830000003,281.74512500000003,0,885.0781039999999,9707.139749000002,9707.139749000002,3566.8304070000004,6140.309341,1659.570604,8822.061644000001
36.0,21.0,1.2013673782348633,12621.244146000001,43204.96183,7522.270039,0,6492.509163,74348.960316,74348.960316,50727.231869,23621.728446999998,11000.484300999999,67856.45115400001
36.0,22.0,0.1606324166059494,67.20505799999995,1866.9465350000003,7.494910999999933,18.70197899999998,1287.8995770000001,2116.208048,2134.910026,1874.441446,260.46858000000003,193.26352199999997,828.308471
36.0,23.0,0.712466835975647,2694.8846829999998,15282.016474,0,425.504369,9332.147017000001,22188.914612,22614.418981,15282.016474,7332.402507000001,4637.517825,12856.767594
36.0,24.0,2.552451610565185,6251.494422,26306.376353,3309.1208939999997,0,8207.043233,52748.19288,52748.19288,29615.497247,23132.695633,16881.201211,44541.149647
36.0,25.0,0.4632019698619842,1617.0810639999997,11277.109259999997,2688.9980499999997,0,1842.378292,17811.444774,17811.444774,13966.107311000002,3845.3374630000003,2228.256399,15969.066481
36.0,26.0,1.0617583990097046,12137.685696,35998.23784,23196.631430999998,352.46343599999994,57230.998351,82818.044847,83170.50828299999,59194.869271,23975.639013,11837.953316,25587.046496
36.0,27.0,0.0,0,0,0,0,0,0,0,0,0,0,0
36.0,28.0,0.0,0,0,0,0,0,0,0,0,0,0,0
36.0,29.0,0.0,0,0,0,0,0,0,0,0,0,0,0
36.0,30.0,0.0,0,0,0,0,0,0,0,0,0,0,0
36.0,31.0,0.0,0,0,0,0,0,0,0,0,0,0,0
36.0,32.0,0.0,0,0,0,0,0,0,0,0,0,0,0
36.0,33.0,0.0270326789468526,162.06008499999996,553.058498,0.041121,0.000418,228.263228,846.403264,846.403682,553.099619,293.304063,131.243978,618.140036
36.0,34.0,0.0348012782633304,669.880553,685.5485649999999,0,0,526.892733,1576.992321,1576.992321,685.5485649999999,891.443756,221.56320299999993,1050.0995890000002
36.0,35.0,0.0420517176389694,472.983805,816.2469470000001,0,0,444.292004,1473.906256,1473.906256,816.2469470000001,657.659309,184.675503,1029.6142519999999
36.0,36.0,0.0,0,0,0,0,0,0,0,0,0,0,0
36.0,37.0,0.0152737461030483,25934.132136,13189.767456999998,0,19.456392999999977,25807.687727,40169.671751,40189.128144,13189.767456999998,26999.360687,1065.228551,14361.984024
36.0,38.0,0.0,0,0,0,0,0,0,0,0,0,0,0
36.0,39.0,0.0,0,0,0,0,0,0,0,0,0,0,0
36.0,40.0,0.3703881800174713,9867.214559,6640.79582,1378.59179,76.17251299999995,1695.761957,25936.442722,26012.615235,8019.38761,17993.227626,8126.013067000001,24240.680765
36.0,41.0,0.035314742475748,3262.5774770000003,7495.532609999998,1040.29148,1312.52845,11659.692088,11723.734607,13036.263058,8535.82409,4500.438968,1237.8614910000001,64.04252000000001
36.0,42.0,0.2241105288267135,9093.963917,3440.2435210000003,732.469302,4.268557999999923,4853.771484,26360.10064,26364.369198,4172.712823,22191.656375000002,13097.692458,21506.329156000003
36.0,43.0,2.827049493789673,1338.189661,18131.285101,16011.134172999999,0,1558.112529,81314.28418,81314.28418,34142.419274,47171.864906999996,45833.675246,79756.17165100001
36.0,44.0,0.0,0,0,0,0,0,0,0,0,0,0,0
36.0,45.0,0.2631335258483886,127.58289099999999,6371.887556,3655.390254,0,939.008821,15219.209073999999,15219.209073999999,10027.27781,5191.931264,5064.348373,14280.200252999999
36.0,46.0,0.8514634966850281,507.32568399999997,1149.677404,0,0,139.99269199999995,2985.90958,2985.90958,1149.677404,1836.232176,1328.906492,2845.916888
37.0,1.0,13.483857154846191,191573.747618,105655.202284,32972.850696999994,113039.15023900001,171246.538748,253997.025542,367036.175781,138628.052981,228408.1228,36834.375181999996,82750.486794
37.0,2.0,1.039079189300537,2014.1657900000002,11378.650141,1994.837619,0,17475.052494000003,21471.615533,21471.615533,13373.48776,8098.127772999999,6083.961983,3996.563039
37.0,3.0,0.0,0,0,0,0,0,0,0,0,0,0,0
37.0,4.0,0.0,0,0,0,0,0,0,0,0,0,0,0
37.0,5.0,1.400250792503357,31030.412351000003,173110.661863,22985.011857,48817.452042,104937.025866,198864.627341,247682.079383,196095.673719,51586.405663000005,20555.993313,93927.601475
37.0,6.0,0.0338487736880779,1.7517539999999505,1438.9995840000001,731.6580620000001,6.009149999999948,180.74001699999994,2611.913508,2617.9226580000004,2170.6576460000006,447.265012,445.513258,2431.1734899999997
37.0,7.0,0.412182480096817,7376.412513,51895.355697,5109.554442000001,21250.204917,47477.249939,47477.249939,68727.454856,57004.910139,11722.544716999999,4346.1322040000005,0
37.0,8.0,0.0,0,0,0,0,0,0,0,0,0,0,0
37.0,9.0,0.0,0,0,0,0,0,0,0,0,0,0,0
37.0,10.0,0.0,0,0,0,0,0,0,0,0,0,0,0
37.0,11.0,0.0,0,0,0,0,0,0,0,0,0,0,0
37.0,12.0,0.0507871881127357,337.99146199999996,1848.0970410000002,256.37319699999995,8.915068999999985,2999.404939,2999.404939,3008.320008,2104.470238,903.84977,565.8583080000001,0
37.0,13.0,0.0,0,0,0,0,0,0,0,0,0,0,0
37.0,14.0,0.3435788750648498,1467.1050010000001,7469.907058,4402.339973,20.821789999999993,9429.82721,17459.6347,17480.45649,11872.247031,5608.209459,4141.104458,8029.807489999999
37.0,15.0,0.0,0,0,0,0,0,0,0,0,0,0,0
37.0,16.0,0.0,0,0,0,0,0,0,0,0,0,0,0
37.0,17.0,0.1132594048976898,1871.791545,7115.758810999999,3142.0282469999997,2954.266391,11152.507085,12541.530571,15495.796961999997,10257.787058,5238.009905,3366.218359,1389.023486
37.0,18.0,0.3017857670783996,1686.650244,7542.021711,1918.076611,503.524527,13466.783793999999,13466.783793999999,13970.308320999999,9460.098322,4510.209999000001,2823.5597560000006,0
37.0,19.0,0.0,0,0,0,0,0,0,0,0,0,0,0
37.0,20.0,0.3176736533641815,1646.4032459999999,4528.212748,370.95238700000004,0,5990.694124,8982.502316,8982.502316,4899.165135,4083.3371810000003,2436.933935,2991.808192
37.0,21.0,2.656585216522217,14613.501357000001,81378.85752399999,13942.533110999999,0,21539.712906999997,126315.28041600001,126315.28041600001,95321.390635,30993.889781,16380.388423999997,104775.56750900001
37.0,22.0,0.287506103515625,170.547906,3187.554227,143.55694999999997,1.7258879999999595,1722.5282339999999,3831.463816,3833.189704,3331.1111769999998,502.07852700000007,331.53062199999994,2108.935582
37.0,23.0,3.454451560974121,5367.650938,24052.964961000005,0,2499.946132,15843.258592999999,33425.79105200001,35925.737184000005,24052.964961000005,11872.772223,6505.121284999999,17582.532459000002
37.0,24.0,3.4212303161621094,4728.662463,77293.00400000002,7064.439969999999,0,15774.68844,98972.565676,98972.565676,84357.44397000001,14615.121706,9886.459244000001,83197.877237
37.0,25.0,0.956792652606964,2564.637337,14314.791788000004,3414.792769,0,1526.7051780000002,23726.546884000003,23726.546884000003,17729.584555999998,5996.962327,3432.324991,22199.841706000003
37.0,26.0,1.944206714630127,19465.595145000003,45942.325405,30558.940853000004,7465.921264000001,88670.99012799999,101508.67036100001,108974.591626,76501.266257,32473.325368,13007.730223,12837.680234000001
37.0,27.0,0.0,0,0,0,0,0,0,0,0,0,0,0
37.0,28.0,0.0,0,0,0,0,0,0,0,0,0,0,0
37.0,29.0,0.0,0,0,0,0,0,0,0,0,0,0,0
37.0,30.0,0.0,0,0,0,0,0,0,0,0,0,0,0
37.0,31.0,0.0,0,0,0,0,0,0,0,0,0,0,0
37.0,32.0,0.0,0,0,0,0,0,0,0,0,0,0,0
37.0,33.0,0.3380941748619079,543.2809189999999,3787.1831909999996,17.62141599999999,0.002869,1781.0229890000003,5236.9807789999995,5236.983648,3804.804608,1432.1790399999998,888.898121,3455.9577900000004
37.0,34.0,0.0,0,0,0,0,0,0,0,0,0,0,0
37.0,35.0,0.0,0,0,0,0,0,0,0,0,0,0,0
37.0,36.0,0.2079188376665115,480.02709400000003,1597.748795,0,0,831.5888749999998,2382.884681,2382.884681,1597.748795,785.1358859999999,305.10879199999994,1551.295807
37.0,37.0,0.0887496694922447,88183.888357,19161.989285000003,0,812.688502,19780.833427999998,113659.445964,114472.134466,19161.989285000003,95310.145181,7126.256824000001,93878.61253600002
37.0,38.0,0.0,0,0,0,0,0,0,0,0,0,0,0
37.0,39.0,0.162572294473648,8795.729381,1304.81077,125.22519899999996,98.03527199999995,3742.0094090000002,12233.946691000001,12331.981962999998,1430.035969,10901.945993999998,2106.216613,8491.937282
37.0,40.0,0.2020543068647384,3690.489322,2465.671285,527.334766,23.98721799999993,5604.900494,8176.180452999998,8200.167669999999,2993.0060509999994,5207.161619,1516.6722970000003,2571.279959
37.0,41.0,0.0381812714040279,6513.028466999999,8577.303939000001,1196.745478,1574.7536309999998,13018.236260000001,15719.025522000002,17293.779153000003,9774.049417000002,7519.729736000001,1006.701269,2700.7892620000002
37.0,42.0,0.0982703194022178,4562.227542,3043.2905229999997,192.36581699999996,9.839597999999953,8725.579843000001,10824.788864000002,10834.628462,3235.65634,7598.972122,3036.7445799999996,2099.209021
37.0,43.0,2.468003749847412,1168.23448,15828.542876,13977.659185999999,0,1360.226307,70987.060566,70987.060566,29806.202062,41180.858502999996,40012.624023,69626.834259
37.0,44.0,0.7356433868408203,4724.139065,1641.1856229999999,0,0,231.790045,8675.963473,8675.963473,1641.1856229999999,7034.777849,2310.638784,8444.173428
37.0,45.0,0.9267165660858154,76.01996999999999,13262.095771,4282.848438,0,1143.938018,43730.757649,43730.757649,17544.944209000005,26185.813439999998,26109.793470000004,42586.819632
37.0,46.0,3.248033046722412,4857.500391,5638.029551,1077.4138349999998,1082.813167,1191.597833,19748.335512,20831.148679,6715.443385999999,14115.705291999999,9258.204901000001,18556.737679
38.0,1.0,3.8806638717651367,51292.077959,93574.863426,28784.089185000008,40351.402899,83333.513497,156416.405984,196767.80888300002,122358.952612,74408.856272,23116.778311999995,73082.892487
38.0,2.0,5.607259750366211,74832.958901,188145.080882,34037.810215,16452.6032,311487.858162,344487.752077,360940.355277,222182.89109699999,138757.46418,63924.505279000005,32999.893914
38.0,3.0,6.730181217193604,168705.276374,218267.898251,23951.382847999997,31703.380462,402802.729928,402802.729928,434506.11039,242219.2811,192286.82929,23581.552916,0
38.0,4.0,6.606770038604736,20328.885027999997,35681.519925,5338.5575180000005,47581.976716,23301.460352,23301.802921,70883.779637,41020.077443,29863.702192999997,9534.817165999999,0.3425689999999851
38.0,5.0,11.051592826843262,1361.812074,1689700.265415,423544.867333,551286.672374,519537.12335899996,1685122.885106,2236409.55748,2113245.132749,123164.424732,121802.612657,1165585.761747
38.0,6.0,2.5836522579193115,686.483245,48134.964581,66009.68946600001,44188.248921,28942.662274000002,88379.52841599999,132567.777337,114144.654047,18423.12329,17736.640045,59436.866141000006
38.0,7.0,6.085686683654785,225421.92852999998,283520.79640500003,39192.251341,372752.850662,206964.22949199998,206964.22949199998,579717.080154,322713.047745,257004.03240899998,31582.103879000002,0
38.0,8.0,2.231956958770752,15751.036065999999,484524.05888,115218.537256,164650.38436,400642.52728,501850.456737,666500.8410969999,599742.596136,66758.244961,51007.208894999996,101207.929457
38.0,9.0,0.070646695792675,13697.505087000001,7494.655738,45808.085005,9636.421852,45239.247472,58717.178244,68353.600096,53302.740743,15050.859353000003,1353.354266,13477.930772000002
38.0,10.0,2.2411410808563232,196875.814942,824562.899944,671593.836447,588514.932726,1116536.737195,1218183.848189,1806698.780916,1496156.73639,310542.044526,113666.22958399997,101647.11099500001
38.0,11.0,0.5313944220542908,4117.881997,16333.503773,29604.426778,3718.9001660000004,26894.800451000003,55048.055164,58766.955330000004,45937.930551,12829.02478,8711.142783000001,28153.254713000002
38.0,12.0,1.6455775499343872,58688.424412,187103.67512700002,89205.47250399999,9607.210806000001,377982.413505,377982.413505,387589.624311,276309.14763099997,111280.47667999999,52592.052268,0
38.0,13.0,2.2423183917999268,3290.8513920000005,543507.151009,553434.427301,169807.61911,1008480.18277,1008513.475794,1178321.0949040002,1096941.57831,81379.51659400002,78088.665202,33.29302399999999
38.0,14.0,16.279203414916992,421084.741815,298691.33519199997,423186.569175,133354.53908,744276.2304799999,1189141.9000879999,1322496.439168,721877.904367,600618.5348009999,179533.792986,444865.669608
38.0,15.0,0.6941113471984863,6247.973373000001,13029.81408,6555.448434,256.37761,21361.003100999995,38492.868976,38749.246586,19585.262514000002,19163.984071999996,12916.010699,17131.865875
38.0,16.0,1.3810516595840454,8588.097088,55128.374274,44039.395982999995,16640.149967999998,44531.080272,122952.13568700003,139592.28565499999,99167.77025599999,40424.515399,31836.41831,78421.055415
38.0,17.0,0.437216192483902,171.110197,10912.726827,4499.98755,4153.822564,17169.247573,17169.247594,21323.070157000002,15412.714377,5910.355780999999,5739.245584,0.000021000000000000002
38.0,18.0,12.737910270690918,54709.82812099999,94199.926171,26607.858035999998,11606.117667999999,190616.45009500004,261552.993579,273159.111247,120807.784207,152351.32704000003,97641.49892,70936.543484
38.0,19.0,2.6517300605773926,271466.996172,142963.79849899997,200890.475097,34761.306403,584852.1228659999,641840.998974,676602.305377,343854.273595,332748.03178200003,61281.03561,56988.876108
38.0,20.0,3.5064239501953125,205667.110206,211525.615687,17823.949701,0,249269.109631,545553.40223,545553.40223,229349.565389,316203.836841,110536.726635,296284.292599
38.0,21.0,46.50955581665039,383995.055972,1239741.3172229999,224987.24748000002,0,668809.3526100001,2372394.0688050003,2372394.0688050003,1464728.5647029998,907665.504102,523670.44813,1703584.7161949999
38.0,22.0,12.677323341369627,51412.508352000004,136443.780802,17468.244234,239.36187800000002,128078.172567,249135.928114,249375.289991,153912.025037,95463.26495499999,44050.756602999994,121057.755547
38.0,23.0,23.976991653442383,155699.66454199998,353124.029262,0,91344.43171499998,427061.63700600003,606604.416132,697948.847847,353124.029262,344824.818586,189125.15404300002,179542.77912600004
38.0,24.0,47.70672225952149,212983.46561299998,459744.39592899993,66188.409975,0,200120.49205400003,908394.1178760001,908394.1178760001,525932.805903,382461.311973,169477.84635999997,708273.625822
38.0,25.0,22.75998306274414,100256.65587599999,348927.11908400006,83978.37457,0,60995.395083999996,651628.7097840001,651628.7097840001,432905.493655,218723.21613000002,118466.560254,590633.314701
38.0,26.0,19.75273895263672,81094.309648,490734.353589,322047.082832,14215.593096,887208.340284,1049019.864893,1063235.457989,812781.4364209999,250454.02156800003,169359.71192,161811.52461
38.0,27.0,0.8985403776168823,612.834121,8327.029103,8063.510792,0,21659.953578999997,21661.215582,21661.215582,16390.539895,5270.6756860000005,4657.841566,1.2620029999999958
38.0,28.0,0.0,0,0,0,0,0,0,0,0,0,0,0
38.0,29.0,0.9582565426826476,2196.776123,28988.866036,356.440708,2746.6496660000003,36922.12582300001,36927.820426,39674.470092,29345.306744,10329.163348,8132.387226000001,5.694602999999962
38.0,30.0,0.758374035358429,33514.077371,13410.973662000002,2381.0655340000003,0,10295.793125,53185.675025,53185.675025,15792.039197000002,37393.635828,3879.558457,42889.8819
38.0,31.0,6.324415683746338,153035.351242,151454.875137,21557.372828,165601.204455,322545.087445,325714.864232,491316.068687,173012.24796500002,318303.820722,165268.46947900002,3169.776787
38.0,32.0,0.1915739327669143,16527.044275,33087.846603,11296.957476999998,0,63728.181298999996,68826.294585,68826.294585,44384.80408,24441.490504999998,7914.44623,5098.113286
38.0,33.0,2.0611202716827397,18496.700456,51283.303072,418.37314899999996,1640.018643,74236.92770400002,88598.678035,90238.696677,51701.676221,38537.020456,20040.32,14361.750331000001
38.0,34.0,3.5202651023864746,70396.23473,46012.63169,15818.456192,3737.155824000001,111652.32602500002,193241.51233400003,196978.668158,61831.087882,135147.580276,64751.345546000004,81589.186309
38.0,35.0,1.6974745988845823,4482.758038999999,29260.744928,7535.662263000001,151.80810399999993,42634.958794,59506.81005,59658.618153999996,36796.407191000006,22862.210963,18379.452924,16871.851254999998
38.0,36.0,6.019567012786865,9328.710196999999,41985.364931000004,11578.04357,5221.102385,21731.667848,64956.353289000006,70177.455674,53563.408501,16614.047173,7285.336976000001,43224.685441
38.0,37.0,3.117624282836914,1307678.180249,597800.5095200001,19264.794868999998,2391.282481,410393.422568,1976676.9585129996,1979068.240994,617065.304388,1362002.936605,54324.756356,1566283.5359450001
38.0,38.0,0.4638602435588836,86912.91598500001,19692.982924,0,0,121040.670964,124909.351227,124909.351227,19692.982924,105216.36830300001,18303.452319000004,3868.680263
38.0,39.0,7.016373157501221,215288.156742,153905.261339,21060.392444999998,9969.492973,327052.957194,553787.212571,563756.705544,174965.65378399997,388791.05176000006,173502.895017,226734.255377
38.0,40.0,5.917173862457275,110612.54644200002,101258.152608,20497.068872,59.31068499999996,315523.672534,365638.30665,365697.617335,121755.22148,243942.395855,133329.849413,50114.634116
38.0,41.0,1.3785665035247805,91723.651418,131699.943591,21436.795149,31648.574451,271990.046002,272250.493129,303899.06758,153136.73874000003,150762.32884,59038.67742200001,260.44712699999997
38.0,42.0,9.925901412963867,137761.572108,94987.575972,20658.826014000002,139.14509099999995,462046.059979,493847.179823,493986.324914,115646.401985,378339.92292899993,240578.35082,31801.119843
38.0,43.0,44.3725700378418,93487.02611299999,223170.68985,72233.40947099999,0,10529.548032,1132342.174947,1132342.174947,295404.099321,836938.0756270001,743451.049514,1121812.626915
38.0,44.0,66.57255554199219,267493.91784400004,193195.787869,43092.286019,0,17929.238268000005,1404185.4993569998,1404185.4993569998,236288.073888,1167897.4254690001,900403.5076249999,1386256.2610890002
38.0,45.0,38.94132995605469,452444.848378,404423.924188,131897.312189,0,85976.77621000001,1350320.098583,1350320.098583,536321.236377,813998.8622059999,361554.013828,1264343.322373
38.0,46.0,41.70906829833984,87040.01146899999,92783.876385,18855.559418999997,3676.1398360000003,47909.299318000005,380091.1973,383767.33713600005,111639.435804,272127.901332,185087.889862,332181.897982
39.0,1.0,0.4601704180240631,6419.139273000001,20683.319314,5843.903204,4965.3818599999995,18126.683332,30759.322949,35724.704808,26527.222518,9197.48229,2778.343017,12632.639617
39.0,2.0,3.3273274898529053,3088.001062,56483.669983,0,0,82529.53716,86560.79407399999,86560.79407399999,56483.669983,30077.124089999998,26989.123027999998,4031.256913
39.0,3.0,0.1774212419986724,4548.966593,7133.271665,351.176716,0,12153.167859,12153.167859,12153.167859,7484.448381000001,4668.719477000001,119.75288399999994,0
39.0,4.0,2.392547130584717,11454.386986,14607.041405,2073.193135,20035.878308,8935.217811,9946.500891999998,29982.379200000007,16680.23454,13302.144659999998,1847.757674,1011.283081
39.0,5.0,1.106513261795044,9870.432644,49644.649522,0,15729.603307999996,18300.195707,50626.491255,66356.09456299999,49644.649522,16711.445040999995,6841.012396,32326.29554800001
39.0,6.0,0.0,0,0,0,0,0,0,0,0,0,0,0
39.0,7.0,4.780253887176514,213298.58366800004,259731.34137699998,50064.160391,408565.626513,155274.429363,155274.429363,563840.055876,309795.501769,254044.55410699997,40745.970439,0
39.0,8.0,0.0482873618602752,3.4144639999999327,1089.083193,0,0,1257.133662,1271.818831,1271.818831,1089.083193,182.73563799999994,179.32117399999996,14.68516899999997
39.0,9.0,0.0,0,0,0,0,0,0,0,0,0,0,0
39.0,10.0,0.0,0,0,0,0,0,0,0,0,0,0,0
39.0,11.0,0.0,0,0,0,0,0,0,0,0,0,0,0
39.0,12.0,0.0,0,0,0,0,0,0,0,0,0,0,0
39.0,13.0,0.0,0,0,0,0,0,0,0,0,0,0,0
39.0,14.0,0.6765819787979126,3264.5130209999998,5073.117384,2788.8910840000003,0,8758.974932,15388.124809000003,15388.124809000003,7862.008467999999,7526.11634,4261.603319,6629.149877
39.0,15.0,0.0,0,0,0,0,0,0,0,0,0,0,0
39.0,16.0,0.1388693749904632,1439.906255,4214.489981000001,0,829.347228,8892.629797,8892.629797,9721.977025,4214.489981000001,5507.4870439999995,4067.5807889999996,0
39.0,17.0,0.0,0,0,0,0,0,0,0,0,0,0,0
39.0,18.0,0.4697548449039459,1851.9930829999998,4077.971415,1071.4369510000001,0,4504.407649,9963.365063000001,9963.365063000001,5149.408366,4813.956697,2961.963614,5458.9574139999995
39.0,19.0,0.1871353834867477,43397.571705,4286.301611,0,0,23827.681285,51418.36803699999,51418.36803699999,4286.301611,47132.066426000005,3734.494722,27590.686752
39.0,20.0,0.266742467880249,5745.540164,5109.243023999999,470.034708,0,6296.175963000001,15471.505993,15471.505993,5579.277731,9892.228261,4146.688097,9175.330029
39.0,21.0,2.409198522567749,16572.363222999997,71554.84795899999,12472.791181,0,23881.282838,131735.080163,131735.080163,84027.63914000001,47707.441023,31135.0778,107853.797325
39.0,22.0,0.6003511548042297,344.18284900000003,6209.162301,34.26254199999993,16.853641999999976,4278.710217,7324.112086,7340.965728,6243.424842,1097.540886,753.3580360000001,3045.4018689999994
39.0,23.0,2.009920358657837,9986.176234999999,36433.003400999994,0,1296.620065,26015.029134999997,52056.073659,53352.693724000004,36433.003400999994,16919.690323,6933.514087,26041.044524
39.0,24.0,5.656640529632568,47353.763514,77566.92254099999,7146.8132700000015,0,22052.245477,149597.248843,149597.248843,84713.73581099999,64883.513031,17529.749517,127545.003365
39.0,25.0,1.3079047203063965,7959.994542000001,33106.98271599999,7907.331716,0,8336.831481,55008.698739,55008.698739,41014.314431000006,13994.384307999999,6034.389766,46671.867258
39.0,26.0,2.09580397605896,13654.669011,66257.92007699999,42700.597898,578.4667460000001,85586.612469,136900.184975,137478.651721,108958.51797500001,28520.133746,14865.464735,51313.572506
39.0,27.0,0.0,0,0,0,0,0,0,0,0,0,0,0
39.0,28.0,0.0,0,0,0,0,0,0,0,0,0,0,0
39.0,29.0,0.0,0,0,0,0,0,0,0,0,0,0,0
39.0,30.0,0.0,0,0,0,0,0,0,0,0,0,0,0
39.0,31.0,0.0,0,0,0,0,0,0,0,0,0,0,0
39.0,32.0,0.0,0,0,0,0,0,0,0,0,0,0,0
39.0,33.0,0.0732557252049446,32.50704599999993,1613.944265,0.000661,2.5819659999999924,460.08248199999997,2064.2275059999997,2066.809472,1613.944927,452.86454499999996,420.357499,1604.145024
39.0,34.0,0.0400687754154205,872.4516580000001,238.18727399999995,76.81180999999998,8.629729999999977,925.3616559999999,1576.6067059999998,1585.2364349999998,314.999084,1270.237352,397.78569400000003,651.24505
39.0,35.0,0.0592181421816349,482.213656,285.77102199999996,59.63629599999997,0.4445099999999832,949.295727,949.333841,949.7783509999999,345.40731800000003,604.371033,122.15737700000001,0.038113
39.0,36.0,0.0,0,0,0,0,0,0,0,0,0,0,0
39.0,37.0,0.080089658498764,10001.580666,2827.4619310000003,82.73179699999999,1.1715559999999476,11897.590504,13992.735837,13993.907392,2910.193728,11083.713664,1082.132998,2095.145333
39.0,38.0,0.0,0,0,0,0,0,0,0,0,0,0,0
39.0,39.0,0.0,0,0,0,0,0,0,0,0,0,0,0
39.0,40.0,0.2150663882493972,3049.302858,2814.5620040000003,548.819016,356.76838799999996,2116.766444,8534.395402,8891.16379,3363.3810209999997,5527.782769,2478.479911,6417.628958
39.0,41.0,0.0895591452717781,6979.815184,6542.879900000001,921.366101,1440.9084389999996,14606.320510000001,15622.648141,17063.55658,7464.246000999999,9599.310579,2619.495395,1016.327631
39.0,42.0,0.1773110479116439,3478.6048090000004,1844.6977270000002,119.76770699999999,1.0380529999999546,3606.5224350000003,12142.670311,12143.708365000002,1964.4654329999996,10179.242930999999,6700.638123,8536.147875999999
39.0,43.0,0.0,0,0,0,0,0,0,0,0,0,0,0
39.0,44.0,0.5612662434577942,589.270613,2014.025434,439.844061,0,225.30289599999998,8528.551646,8528.551646,2453.8694960000003,6074.68215,5485.411537,8303.248749999999
39.0,45.0,0.903197705745697,3340.620435,7637.888864,2391.7383320000004,0,600.257683,20728.137198999997,20728.137198999997,10029.627196,10698.510003,7357.889568,20127.879516
39.0,46.0,0.965078353881836,1238.471699,3608.393759,682.2084629999999,9.999999999999997e-7,1175.411778,10523.898313,10523.898313,4290.602222,6233.296092,4994.824393,9348.486535
40.0,1.0,15.09751319885254,100882.307951,267451.206184,79279.055379,89366.28817899998,379451.355602,415755.210907,505121.49908599997,346730.26156300004,158391.23752300002,57508.929571999994,36303.855305
40.0,2.0,7.198996543884277,53652.85264600001,190570.326817,37631.234405,2518.818574,335880.32505,342493.04205,345011.86062399996,228201.561221,116810.299402,63157.446756,6612.717
40.0,3.0,0.0,0,0,0,0,0,0,0,0,0,0,0
40.0,4.0,3.2271108627319336,13756.11459,12647.099091,1782.856103,21565.880315000002,10271.046927000001,10662.214362000002,32228.094676999997,14429.955194,17798.139483,4042.0248930000002,391.167435
40.0,5.0,4.5262298583984375,12772.429332,196289.933719,26138.335279000003,74740.33228399999,124889.64834,190530.320956,265270.65323999996,222428.268998,42842.384242,30069.954910000004,65640.67261600001
40.0,6.0,0.2796622514724731,16.75011199999996,5568.691722,2867.287784,0,1855.3483640000002,9491.314504,9491.314504,8435.979505,1055.334999,1038.584887,7635.966141000001
40.0,7.0,11.760961532592772,709413.14377,772086.139159,144709.880006,1249660.0969800001,490525.22388600005,490525.22388600005,1740185.3208670004,916796.019165,823389.3017010001,113976.15793100001,0
40.0,8.0,0.3899884521961212,31.818751999999993,14055.601285,8664.803517,0,25959.475536,26360.895071,26360.895071,22720.404803,3640.490269,3608.671516,401.419536
40.0,9.0,0.0,0,0,0,0,0,0,0,0,0,0,0
40.0,10.0,0.0,0,0,0,0,0,0,0,0,0,0,0
40.0,11.0,0.0,0,0,0,0,0,0,0,0,0,0,0
40.0,12.0,1.132845163345337,7381.614678999998,39818.412083999996,6351.961877,0,66953.58585,66953.58585,66953.58585,46170.373961000005,20783.211889000002,13401.597211,0
40.0,13.0,0.0,0,0,0,0,0,0,0,0,0,0,0
40.0,14.0,5.211256504058838,15937.711079000004,24521.719768,14135.578367,0,54369.64629,85059.239149,85059.239149,38657.298135000005,46401.941015,30464.229936,30689.592859999997
40.0,15.0,0.0598781257867813,675.766923,600.999275,232.29395899999997,0,790.1387299999999,2151.2504329999997,2151.2504329999997,833.293234,1317.957199,642.1902759999999,1361.111703
40.0,16.0,0.6399185061454773,6338.439459,23499.24532,4559.013906,0,22018.820262,51634.177632,51634.177632,28058.259226000002,23575.918406,17237.478947,29615.357369999998
40.0,17.0,0.1744761019945144,91.98744299999997,5521.838419,2491.1599530000003,0,10075.198765,10393.135782000001,10393.135782000001,8012.998373,2380.137409,2288.149966,317.93701699999997
40.0,18.0,3.8106417655944815,8946.339479000002,49868.984752,16395.110128,0,58857.436235,98489.05172700001,98489.05172700001,66264.09488,32224.956847,23278.617368,39631.615492
40.0,19.0,1.3212666511535645,97701.464542,42818.632558,41113.622817999996,301.11607599999996,201592.91689700002,202719.703957,203020.82003300003,83932.255377,119088.56465600002,21387.100114,1126.78706
40.0,20.0,0.5842480063438416,13940.371104,19525.499205,2175.464426,0,46020.655746,47537.280799,47537.280799,21700.963632000003,25836.317166999997,11895.946063000001,1516.6250519999999
40.0,21.0,10.683560371398926,70181.15776,311756.471074,54520.63856,0,150887.819378,555910.6095830001,555910.6095830001,366277.10963400005,189633.49994900002,119452.34218899999,405022.790205
40.0,22.0,2.713595151901245,433.285235,28805.191239999996,4310.792956,140.37829699999998,25116.505945,37308.893443,37449.271741,33115.984196000005,4333.287545,3900.00231,12192.387498
40.0,23.0,7.122038841247559,36783.146196,115985.173592,0,20580.256035000002,97653.395548,171525.312918,192105.56895299998,115985.173592,76120.39536,39337.249164,73871.91737
40.0,24.0,17.12543296813965,75383.08689100001,232828.202983,20907.942133,0,92759.36050899999,386743.735537,386743.735537,253736.145116,133007.590421,57624.503530999995,293984.375028
40.0,25.0,6.361873626708984,28365.441007999998,114265.08736900002,27359.721250000002,0,26577.701593,203139.141904,203139.141904,141624.808619,61514.333285,33148.892277,176561.440312
40.0,26.0,10.319883346557615,47249.274422999995,306912.642686,199355.47876399997,5351.661336,475091.131914,644756.153854,650107.81519,506268.12145,143839.69374,96590.41931699999,169665.02194
40.0,27.0,0.0,0,0,0,0,0,0,0,0,0,0,0
40.0,28.0,0.0,0,0,0,0,0,0,0,0,0,0,0
40.0,29.0,0.0,0,0,0,0,0,0,0,0,0,0,0
40.0,30.0,0.2282153666019439,1862.8532649999997,2974.2891649999997,0,0,2849.6296199999997,6020.139227,6020.139227,2974.2891649999997,3045.8500620000004,1182.9967970000002,3170.5096070000004
40.0,31.0,0.4308501482009887,5881.928549,7246.0934099999995,0,243.58622299999996,16676.018483,17258.098792,17501.685015,7246.0934099999995,10255.591605,4373.663056,582.0803089999999
40.0,32.0,0.0,0,0,0,0,0,0,0,0,0,0,0
40.0,33.0,0.4450675547122955,3294.9192639999997,15787.245417999999,494.57746199999997,33.03215199999994,14814.784653,24152.469783,24185.501935,16281.822879,7903.6790550000005,4608.759792,9337.685128999998
40.0,34.0,0.4308334589004516,9016.224887999999,8190.016718000001,2922.9333329999995,379.562884,14396.31156,27669.261706999998,28048.824590999997,11112.95005,16935.874541,7919.649652,13272.950146999998
40.0,35.0,0.1656965166330337,1060.088115,1432.6771410000001,298.08681099999995,0.01256,3163.0500749999997,3949.4494219999997,3949.4619810000004,1730.763952,2218.69803,1158.609915,786.3993460000002
40.0,36.0,0.7848057150840759,1200.4897549999998,6185.100999,1863.1888339999998,1483.4806570000005,2404.4110170000004,8636.135008,10119.615664999998,8048.289833000001,2071.325832,870.8360769999999,6231.723991
40.0,37.0,0.926311194896698,251454.266821,57289.289947000005,1715.880523,177.46435099999997,108313.06228099999,324011.927332,324189.39168299997,59005.170471,265184.221213,13729.954392,215698.865052
40.0,38.0,0.1322477459907531,7994.519585000002,6115.755846,0,0,11891.325647,18559.189935000002,18559.189935000002,6115.755846,12443.434089,4448.914505,6667.864288999999
40.0,39.0,1.9246453046798704,28409.159035,54840.396553,4875.2486930000005,1236.4541690000003,64206.902462,108937.452942,110173.907111,59715.645246,50458.261865,22049.10283,44730.55048
40.0,40.0,0.7862020134925842,24482.911553,13957.962080000001,2733.358755,673.860586,57793.924336000004,61389.359908000006,62063.220494,16691.320835,45371.899659,20888.988106,3595.435572
40.0,41.0,0.4666359722614288,49321.399009,40352.847504,5939.831273000001,10763.154385,99957.568936,100070.00927899999,110833.163663,46292.678777,64540.484886,15219.085877000003,112.44034199999996
40.0,42.0,2.6285290718078613,66661.366249,32898.676693,2303.86303,77350.60269500001,106543.67829600001,116720.753501,194071.35619599998,35202.539723,158868.816472,92207.450223,10177.075204
40.0,43.0,0.0,0,0,0,0,0,0,0,0,0,0,0
40.0,44.0,3.9807145595550537,11648.303000000002,14652.370537,3231.358545,0,1169.326939,66542.584651,66542.584651,17883.729081999998,48658.855569,37010.552569,65373.257712000006
40.0,45.0,19.13966560363769,20207.904282000003,169736.307936,54913.6532,0,41429.647537,598770.224979,598770.224979,224649.961137,374120.263842,353912.35956000007,557340.5774419999
40.0,46.0,5.283973693847656,15521.691848000004,22039.861188000003,4566.618051,780.236362,7711.576852,61546.03623599999,62326.272598,26606.479238999997,35719.793359,20198.101511,53834.459384
41.0,1.0,23.22788619995117,198306.62123699998,521178.789926,153899.70666999999,186121.640393,777640.531059,777640.531059,963762.171452,675078.496596,288683.674855,90377.05361799999,0
41.0,2.0,5.001489162445068,52957.97818300001,121653.637679,22570.085085000002,23.817373999999973,212800.915451,223646.496151,223670.313525,144223.72276500004,79446.59076,26488.612576000003,10845.5807
41.0,3.0,0.3467025756835937,3311.750925,3523.923661,136.94597900000002,149.217053,7705.489941,7705.489941,7854.706994000001,3660.869641,4193.837353,882.0864280000001,0
41.0,4.0,1.3042277097702026,18221.065882,16267.000155000003,2302.423655,27804.953948000002,13666.678042,13770.034637,41574.988585,18569.42381,23005.564775,4784.4988920000005,103.35659499999998
41.0,5.0,9.168946266174316,119017.26514799999,869985.406825,221321.636851,432867.73303400003,410103.68671100005,826627.0199429997,1259494.752977,1091307.0436760003,168187.70930100002,49170.444153,416523.333232
41.0,6.0,0.9975029230117798,716.491528,21389.543944,13065.076678,209.909262,6913.48823,45463.67282,45673.582082,34454.620621999995,11218.96146,10502.469932,38550.184590000004
41.0,7.0,5.17653751373291,21768.98353,143340.663611,17970.14926,93805.859445,108018.30007099999,108018.30007099999,201824.159517,161310.812871,40513.346645,18744.363115,0
41.0,8.0,0.8293699026107788,2226.0441280000005,16254.368504999997,2911.17815,4194.906563,15748.34957,21654.770731,25849.677294,19165.546655,6684.130639,4458.086511,5906.421160999999
41.0,9.0,0.0,0,0,0,0,0,0,0,0,0,0,0
41.0,10.0,0.5385071635246277,67832.42178399999,93791.990565,28251.244441,63346.948455000005,42119.643217000004,138850.223514,202197.17196900002,122043.235006,80153.93696199999,12321.515177999998,96730.58029700001
41.0,11.0,0.542990505695343,5172.919604,15823.665989000001,13629.859386,3264.1362160000003,25649.846957,36996.449869000004,40260.586085,29453.52537500001,10807.060710000002,5634.141106,11346.602912
41.0,12.0,0.7775918841362,4816.858688,20322.143400999998,3126.4330029999996,19.360672999999974,32998.239109,32998.239109,33017.59978199999,23448.576404000003,9569.023378,4752.1646900000005,0
41.0,13.0,0.3114306926727295,292.96145499999994,4957.926623,1192.026709,2.998483999999987,7180.461647999999,7188.485392,7191.483875999999,6149.9533329999995,1041.530544,748.5690880000001,8.023743999999951
41.0,14.0,4.596242427825928,13649.824583,36234.447078000005,26513.097293,16.752309999999966,51960.324125,97823.57237999998,97840.32469099999,62747.544371,35092.780320000005,21442.955737,45863.248256
41.0,15.0,0.398462176322937,2497.573666,3970.701334,1796.0123839999999,4.197062999999965,1503.5273889999999,11161.380986000002,11165.578048999998,5766.713719,5398.864331000001,2901.2906640000006,9657.853598
41.0,16.0,1.0473309755325315,7981.0368180000005,42708.257284,19121.309,7841.837915,32800.635648,76493.68638000001,84335.52429499998,61829.566284,22505.958011000002,14524.921193,43693.050732
41.0,17.0,0.21417897939682,779.930792,3011.6432800000007,1063.362545,1178.903221,4527.794595,5110.046053,6288.9492740000005,4075.005825,2213.9434490000003,1434.0126570000002,582.251458
41.0,18.0,10.285260200500488,139890.762029,113978.273275,66636.434766,23010.984160000004,134008.485811,394578.080962,417589.06512299995,180614.70804099995,236974.35708100002,97083.59505199999,260569.595151
41.0,19.0,1.223106861114502,162726.680564,177723.57007000002,155309.60910200002,0,529821.823825,529821.834685,529821.834685,333033.17917200003,196788.655513,34061.974949,0.010860000000000002
41.0,20.0,2.287859916687012,18623.45062,6392.82223,535.15313,0,48983.357687,57754.620283000004,57754.620283000004,6927.97536,50826.64492300001,32203.194304,8771.262596
41.0,21.0,42.6105842590332,272423.033645,728132.418559,130010.190711,0,225123.372192,1427203.6340390001,1427203.6340390001,858142.60927,569061.024769,296637.991124,1202080.261847
41.0,22.0,4.860077381134033,23958.984164999994,86418.686341,7621.32883,338.7173169999999,66262.64296900001,130425.699386,130764.41670300002,94040.01517,36724.401533000004,12765.417367999999,64163.056417
41.0,23.0,11.562625885009766,81451.4116,273034.516709,0,24616.322568,268438.46799800004,427842.237487,452458.560055,273034.516709,179424.04334600002,97972.631745,159403.769489
41.0,24.0,40.69903945922852,170408.13174600003,453177.49938,48984.716488,0,204532.597079,865553.288726,865553.288726,502162.215869,363391.07285700005,192982.941112,661020.691647
41.0,25.0,14.376697540283203,63196.401288,191107.48474100002,45839.224081,0,24639.280437,367643.291974,367643.291974,236946.70882200002,130696.583151,67500.181864,343004.011536
41.0,26.0,13.98737621307373,136054.139983,300316.2400570001,196311.419501,5135.90351,605719.620643,755841.0205819999,760976.924093,496627.65955800004,264349.26453499997,128295.12455200001,150121.399939
41.0,27.0,0.0,0,0,0,0,0,0,0,0,0,0,0
41.0,28.0,0.0,0,0,0,0,0,0,0,0,0,0,0
41.0,29.0,1.1106784343719482,120.77169099999996,58560.760967,11225.010952999999,14566.167685999997,71834.238466,71848.658278,86414.825963,69785.77192,16629.054043999997,16508.282353,14.419811999999945
41.0,30.0,0.6843410134315491,16874.687584,7610.991425999999,1080.71108,0,9377.286455,29653.563323000002,29653.563323000002,8691.702506,20961.860817,4087.1732329999995,20276.276868
41.0,31.0,0.4257142543792724,15770.987213999999,11242.718489,1703.6003699999999,0,27529.448838,33464.045551,33464.045551,12946.318859,20517.726692,4746.739479,5934.596713
41.0,32.0,0.1083020642399787,18790.265583,11870.822079,4046.589648,0,40850.380791,41953.808109000005,41953.808109000005,15917.411727,26036.396382000003,7246.1307990000005,1103.4273170000001
41.0,33.0,1.142577886581421,490.400776,96369.383961,451.622085,1562.990865,84465.31099900001,115286.006835,116848.99769999999,96821.00604699999,20027.991652999997,19537.590877,30820.695836000006
41.0,34.0,0.61595618724823,46459.87298,14985.245823000001,4820.750903,2367.808133,50131.680318,88480.426389,90848.23452099999,19805.996725999998,71042.23779500001,24582.364816,38348.74607
41.0,35.0,0.4748201668262481,4272.067746000001,25761.487130999998,5702.3670250000005,18.820318999999973,35979.731152,51922.136163,51940.956482,31463.854156,20477.102326,16205.034579999996,15942.405010999995
41.0,36.0,4.393364906311035,7644.350178000001,77462.626531,18027.884499999996,2345.849972,47154.426462,108228.579739,110574.42971,95490.511032,15083.918679000002,7439.568501,61074.153277
41.0,37.0,1.506311297416687,853056.2610759999,242587.372657,7864.706701,1047.3070500000001,245664.20056800003,1128574.633826,1129621.940876,250452.079358,879169.8615189998,26113.600443000003,882910.4332590001
41.0,38.0,0.6285809874534607,46199.038717,4309.351664,11011.295861999999,0,80797.18612199998,83044.32918,83044.32918,15320.647524999998,67723.681654,21524.642937,2247.143058
41.0,39.0,2.202758312225342,58383.092303,26113.212101,3009.56298,1297.397645,45373.062107000005,107744.94269399998,109042.34033899999,29122.775082,79919.56525700001,21536.472954,62371.880587
41.0,40.0,6.501280784606934,89506.43659199998,72810.93879300001,14604.332344,2530.805656,223362.35194999998,240132.207267,242663.01292299997,87415.271137,155247.741786,65741.305194,16769.855317
41.0,41.0,1.0954985618591309,50776.019378,57216.331965000005,8875.202985,15527.593380999997,120834.621827,120849.19172799999,136376.78510799998,66091.53495,70285.250158,19509.230779999998,14.569899999999954
41.0,42.0,6.702278137207031,66434.618333,42360.780596000004,3398.2855300000006,3518.362414,174683.598537,203208.33496100002,206726.69737500002,45759.066126000005,160967.63124900003,94533.012916,28524.736425000003
41.0,43.0,30.05263328552246,40502.835531,172637.683732,55681.873373999995,2281.3392860000004,4842.590153,789016.370123,791297.709409,228319.55710699997,562978.152303,522475.31677200005,784173.7799709999
41.0,44.0,38.40477752685547,80641.965948,75459.29624799998,16694.089368,0,7663.894031,490838.008135,490838.008135,92153.385617,398684.622519,318042.65657,483174.114105
41.0,45.0,28.28982162475586,4345.291769,360616.07667900005,116227.75886,0,76318.656447,1341682.24092,1341682.24092,476843.835539,864838.4053809999,860493.1136120002,1265363.5844740001
41.0,46.0,27.6666316986084,74537.12668,55108.751835,11422.329905,0.000008,22388.338785,190588.365224,190588.365232,66531.08174000001,124057.28349100002,49520.156812,168200.026439
42.0,1.0,18.35618019104004,66550.031084,221023.822989,63630.928482999996,92690.186877,305265.274706,305265.274706,397955.46158299997,284654.75147300004,113300.71011,46750.679026,0
42.0,2.0,8.013599395751953,6289.2546139999995,88923.93211700002,15369.757290000001,0,140653.827749,142214.916564,142214.916564,104293.689407,37921.227157,31631.972543000003,1561.0888149999998
42.0,3.0,0.0,0,0,0,0,0,0,0,0,0,0,0
42.0,4.0,0.0877810046076774,1865.819326,740.5257749999998,0,1891.180196,899.0420829999999,937.9120610000001,2829.092257,740.5257749999998,2088.5664810000003,222.74715599999996,38.86997799999995
42.0,5.0,1.9493662118911743,12398.898041,54792.491723,8541.181416,16961.965500000002,41679.211587,69334.05827,86296.023769,63333.67313899999,22962.350630999998,10563.45259,27654.846683000003
42.0,6.0,0.1472709476947784,3.045358999999955,2884.3365850000005,2493.342828,61.97507299999995,889.134815,6197.931259999999,6259.906333,5377.679413,882.22692,879.1815609999999,5308.796444
42.0,7.0,0.4576869308948517,1727.5364610000001,11596.460638,2385.031523,4575.431231,12157.623122,12157.623122,16733.054353000003,13981.492162,2751.5621909999995,1024.0257289999997,0
42.0,8.0,0.0,0,0,0,0,0,0,0,0,0,0,0
42.0,9.0,0.0,0,0,0,0,0,0,0,0,0,0,0
42.0,10.0,0.0,0,0,0,0,0,0,0,0,0,0,0
42.0,11.0,0.0,0,0,0,0,0,0,0,0,0,0,0
42.0,12.0,0.1159042194485664,933.3479149999998,3058.653322,502.487534,0,5217.690644,5217.690644,5217.690644,3561.140856,1656.549787,723.201872,0
42.0,13.0,0.0,0,0,0,0,0,0,0,0,0,0,0
42.0,14.0,0.8024278283119202,2341.3087339999997,3033.854305,1776.1708500000002,0,10511.190508,10511.190508,10511.190508,4810.025154,5701.165354,3359.85662,0
42.0,15.0,0.0,0,0,0,0,0,0,0,0,0,0,0
42.0,16.0,0.0,0,0,0,0,0,0,0,0,0,0,0
42.0,17.0,0.0,0,0,0,0,0,0,0,0,0,0,0
42.0,18.0,0.4469544589519501,2097.2564439999996,3236.434283000001,922.959044,249.64438299999998,2412.132485,7583.691169999999,7833.335553,4159.393326,3673.942227,1576.6857830000004,5171.558685
42.0,19.0,0.0,0,0,0,0,0,0,0,0,0,0,0
42.0,20.0,0.2030656933784485,27826.312184,15880.032697000002,1302.210601,0,3471.1874329999996,46304.41678900001,46304.41678900001,17182.243298000005,29122.173491000005,1295.8613070000001,42833.229357000004
42.0,21.0,2.831702709197998,5200.185985,50166.772967,8828.84794,0,14280.982810999998,79642.605708,79642.605708,58995.620907,20646.984801,15446.798817,65361.622896999994
42.0,22.0,0.5752815008163452,119.883486,10448.884183,662.097097,12.386820999999932,5851.850571,11988.183514,12000.570336,11110.98128,889.589056,769.7055700000001,6136.332943
42.0,23.0,1.4926726818084717,15640.519233,42756.386601,0,6229.977952,37715.549665,61640.837834,67870.815785,42756.386601,25114.429185,9473.909951000001,23925.288169
42.0,24.0,6.0670485496521,50301.84228700001,129237.30926099999,12251.597199,0,33547.165301,217213.755961,217213.755961,141488.906461,75724.8495,25423.007212999997,183666.59066000002
42.0,25.0,2.24807357788086,11802.746436,35901.514933,8575.772292,0,7937.258839000001,66972.931076,66972.931076,44477.287226,22495.643851,10692.897415,59035.67223799999
42.0,26.0,3.0511302947998047,25128.047563,124257.867643,80084.305221,3482.131024,163673.78956499998,260526.840377,264008.971401,204342.172864,59666.798536999995,34538.750974,96853.050812
42.0,27.0,0.0,0,0,0,0,0,0,0,0,0,0,0
42.0,28.0,0.0,0,0,0,0,0,0,0,0,0,0,0
42.0,29.0,0.0,0,0,0,0,0,0,0,0,0,0,0
42.0,30.0,0.0,0,0,0,0,0,0,0,0,0,0,0
42.0,31.0,0.1087360903620719,1440.400254,4058.0714139999995,348.132709,104.75285899999994,3961.655397,6609.080048,6713.832907,4406.204123,2307.628783,867.2285290000001,2647.4246510000003
42.0,32.0,0.0,0,0,0,0,0,0,0,0,0,0,0
42.0,33.0,0.0483134724199771,77.36760799999999,2230.456489,0.11391599999995335,0,1859.7145679999999,2931.6159800000005,2931.6159800000005,2230.570405,701.045575,623.677967,1071.9014120000002
42.0,34.0,0.0955561846494674,2914.80347,4726.324728,1465.2897970000001,0,6469.762862,14659.623921000004,14659.623921000004,6191.614525,8468.009396,5553.205926,8189.861059000001
42.0,35.0,0.0726973414421081,12834.875072,5202.6059000000005,0,4802.726988,3030.396364,14093.665373,18896.392361000002,5202.6059000000005,13693.786461000002,858.9113889999999,11063.269009
42.0,36.0,0.123093158006668,48.527666999999965,4659.657801,1082.492749,133.90487099999999,1947.987332,6396.345898,6530.250770000001,5742.15055,788.1002199999999,739.572553,4448.358567
42.0,37.0,0.1883165687322616,19362.679555000002,9786.842369,431.833481,1074.7296720000002,6905.6774430000005,31137.791954,32212.521627,10218.67585,21993.845776000002,2631.166221,24232.114511
42.0,38.0,0.0,0,0,0,0,0,0,0,0,0,0,0
42.0,39.0,0.3087276518344879,9517.135451000002,4183.661784,346.85787199999993,167.96047699999997,3292.88787,21365.21645,21533.176927,4530.5196559999995,17002.657271,7485.52182,18072.32858
42.0,40.0,0.3898172080516815,3208.931449,8316.474746,1627.068307,8.449876999999928,6447.70665,16545.076658,16553.526535,9943.543052999998,6609.983482000001,3401.0520330000004,10097.370008
42.0,41.0,0.2878727316856384,11212.439056999998,31216.222213,5379.341372,5264.982314,44070.531669,50053.216742,55318.199056,36595.563584999996,18722.635471,7510.196413999999,5982.685073000001
42.0,42.0,0.8007268905639648,6492.025632,5883.791992999999,413.27940499999994,6.468961999999986,14917.255138,23912.279505000002,23918.748467,6297.071397,17621.677068999998,11129.651437,8995.024367
42.0,43.0,0.0,0,0,0,0,0,0,0,0,0,0,0
42.0,44.0,0.9315963983535768,1649.573284,1891.3109379999999,413.81474000000003,0,258.66944700000005,8869.028199,8869.028199,2305.125677,6563.902521000001,4914.329237,8610.358752000002
42.0,45.0,4.99099063873291,37922.890293000004,61739.869629,20178.499844,2550.5244000000002,12171.218963,228947.17621399998,231497.700614,81918.369473,149579.331141,111656.44084899999,216775.95725099999
42.0,46.0,2.3934895992279053,2050.143579,6001.199851,1203.662787,0,1258.5330270000002,14719.146629,14719.146629,7204.8626380000005,7514.283991,5464.140411,13460.613602
43.0,1.0,8.772104263305664,86504.304465,236411.139135,70270.243612,88615.989594,358715.050834,358715.050834,447331.040428,306681.382747,140649.657681,54145.353216,0
43.0,2.0,3.51315712928772,6600.8623259999995,77329.597782,13438.547337,9687.332007,97114.746766,109823.568993,119510.90100000001,90768.14511900001,28742.755880999997,22141.893555000002,12708.822226999999
43.0,3.0,1.360377311706543,31774.65358,10131.918800000001,927.254215,0.1690249999999749,47761.484202,47761.484202,47761.653228,11059.173015,36702.480213,4927.826632,0
43.0,4.0,0.2496745884418487,5178.905119,1299.631112,183.90866599999993,4988.972966,1780.004112,2474.123479,7463.096445000001,1483.539778,5979.556667,800.6515479999999,694.119367
43.0,5.0,6.815606594085693,34363.516994,229252.58187599998,54410.859726,69436.842813,131260.834035,290044.6500319999,359481.492845,283663.44160200004,75818.051243,41454.534249000004,158783.815996
43.0,6.0,0.4335792958736419,5.255886999999954,6063.181154,3823.6716639999995,6.364934999999925,3946.308319,11791.967481,11798.332416,9886.852818,1911.479598,1906.223711,7845.659162000001
43.0,7.0,2.669559955596924,5261.097855,35548.290477,4767.320327,16905.994368999996,34761.284938000004,34761.284938000004,51667.279307000004,40315.610804,11351.668503,6090.570648,0
43.0,8.0,0.3453209400177002,466.44115600000003,5652.520977,866.885879,1481.4423160000001,6321.615249,7573.099702,9054.542018,6519.406855,2535.135163,2068.694007,1251.484453
43.0,9.0,0.0,0,0,0,0,0,0,0,0,0,0,0
43.0,10.0,0.1101405248045921,1123.7410739999998,3937.5800029999996,667.262876,2021.3564820000001,4206.85134,4399.543891,6420.900374000001,4604.842879,1816.057495,692.316421,192.69255099999995
43.0,11.0,0.1612338125705719,1121.1832069999998,2905.8189970000003,2019.933119,475.75394000000006,3525.746541,6922.429585,7398.183526000002,4925.752116000001,2472.43141,1351.2482029999999,3396.683044
43.0,12.0,0.3465816378593445,2097.935699,6815.393255,1127.237048,27.77170899999999,11707.386939,11707.386939,11735.158648,7942.630303000001,3792.5283450000006,1694.5926459999998,0
43.0,13.0,0.1904135942459106,43.04617499999998,2247.020981,559.473851,0,3260.4633590000003,3260.585415,3260.585415,2806.494831,454.090584,411.04440900000003,0.12205599999992651
43.0,14.0,1.3657968044281006,4214.621035,3812.907591,2132.317111,3.4342969999999338,9569.708233999998,14827.155525,14830.589821999998,5945.224703,8885.365119000002,4670.744084,5257.447291
43.0,15.0,0.1679728925228119,204.24826,1482.764393,1122.66897,0,102.854512,3968.3352319999995,3968.3352319999995,2605.433363,1362.90187,1158.6536099999998,3865.480721
43.0,16.0,0.2182409912347793,1110.6095930000001,4715.947152,812.743749,0,3011.675733,8763.887893999998,8763.887893999998,5528.6909000000005,3235.196993,2124.5874,5752.2121609999995
43.0,17.0,0.3234761953353882,1695.701458,3326.965751,1503.526322,3278.2396740000004,3042.035812,5552.88317,8831.122844,4830.492072,4000.630772,2304.929313,2510.847357
43.0,18.0,2.191791296005249,5701.44891,15979.936515,4749.922268,1086.2670370000003,20763.188918,33530.942053,34617.209090000004,20729.858783,13887.350307,8185.901397,12767.753134999999
43.0,19.0,0.401174396276474,14997.295183999997,19840.226597999997,17215.273406,0,59813.757406000004,59813.758646999995,59813.758646999995,37055.500004,22758.258641999997,7760.963458999999,0.001241
43.0,20.0,0.8850938081741333,16856.871637,7271.32231,553.897504,0,26488.264171,32125.418259000002,32125.418259000002,7825.219814,24300.198444999998,7443.326808000001,5637.154088
43.0,21.0,13.28564167022705,65166.01214,286514.648376,50039.19844,0,114489.893225,526767.4607320001,526767.4607320001,336553.846816,190213.61391600003,125047.601776,412277.56750699994
43.0,22.0,1.712427854537964,6787.467060999999,22301.636721,1254.792707,25.464999,19647.104148000002,33243.451708,33268.916707000004,23556.429428,9712.487278999999,2925.020218,13596.34756
43.0,23.0,4.668925762176514,45006.193103,81445.82714399998,0,172.39522799999997,89575.319511,156237.79863,156410.19385799998,81445.82714399998,74964.366714,29958.173611000002,66662.479119
43.0,24.0,15.99392032623291,68289.993226,164522.80379499999,16596.416827,0,52608.1401,300779.250929,300779.250929,181119.220621,119660.030307,51370.037081999995,248171.110828
43.0,25.0,6.68265438079834,27168.195626,81127.724527,19864.379498000002,0,15754.987157000001,159068.419795,159068.419795,100992.104024,58076.31577100001,30908.120144,143313.432638
43.0,26.0,4.613340854644775,44033.74652400001,91951.62246000001,59432.911975,1096.677345,164465.405477,227446.615711,228543.293056,151384.53443500004,77158.758622,33125.012098,62981.210235
43.0,27.0,0.4979759752750397,336.93227799999994,4815.271671,4881.706896,57.72917199999998,6950.408020000001,13530.973366999999,13588.702539,9696.978568000002,3891.723971,3554.791693,6580.565348
43.0,28.0,0.0,0,0,0,0,0,0,0,0,0,0,0
43.0,29.0,0.0,0,0,0,0,0,0,0,0,0,0,0
43.0,30.0,0.1704593747854232,2109.608451,1704.8240110000004,241.13362700000002,0,2217.938702,4773.054935,4773.054935,1945.9576379999999,2827.097298,717.4888470000001,2555.1162329999997
43.0,31.0,0.3466928899288177,5721.994143,1640.9200709999998,0,145.789109,3706.8105550000005,11742.140917,11887.930025999998,1640.9200709999998,10247.009956,4525.015812,8035.330362000001
43.0,32.0,0.0,0,0,0,0,0,0,0,0,0,0,0
43.0,33.0,1.5331846475601196,4222.173245,252800.513048,6641.121919,0,100777.78398900002,321606.28669599997,321606.28669599997,259441.634967,62164.651729,57942.478484,220828.502707
43.0,34.0,0.5869702696800232,13896.186717,5916.002373,2364.033717,1105.054643,17844.80024,37316.019772,38421.07441500001,8280.03609,30141.038325,16244.851608000003,19471.219532
43.0,35.0,0.5239297747612,2583.617283,1751.458928,366.98736299999996,745.1352280000001,3981.294198,4701.830876999999,5446.966106,2118.4462909999997,3328.5198139999998,744.9025310000002,720.5366799999999
43.0,36.0,1.4856704473495483,2648.509735,15500.285669,3588.5961939999997,471.28567899999996,4429.537243,22497.014736,22968.300414999998,19088.881862,3879.418553,1230.908818,18067.477493
43.0,37.0,1.0096396207809448,268458.326253,53362.958056,2048.3628430000003,3880.7642659999997,107037.925234,336586.88343499997,340467.647701,55411.320899,285056.326802,16598.000549,229548.958202
43.0,38.0,0.1919535249471664,4384.61577,3345.119579,8537.025886,0,23953.902592000002,23953.902592000002,23953.902592000002,11882.145464000001,12071.757128,7687.141358,0
43.0,39.0,1.413239359855652,27380.422498,20314.206145,2035.6373319999998,2172.2718130000003,38169.881607,64663.381226,66835.65303900001,22349.843477,44485.809562,17105.387063000002,26493.49962
43.0,40.0,2.4177982807159424,28061.404744,26134.256883000005,5391.394934999999,428.788904,78033.790399,87352.77268700002,87781.561591,31525.651818000002,56255.909773,28194.505029,9318.982288
43.0,41.0,0.7808647155761719,32488.8653,59553.861423,8345.635202000001,9865.730327,97706.060744,104396.204144,114261.93447200001,67899.496625,46362.437846,13873.572546,6690.143399999999
43.0,42.0,3.68432092666626,21320.441004,14358.681729,969.7205819999999,90.18604699999999,76530.528746,80139.40246299999,80229.58851,15328.402311,64901.186199,43580.745195999996,3608.873716
43.0,43.0,12.493406295776367,8312.107782,60662.617877,20083.256153000002,0,947.3041339999997,321277.374144,321277.374144,80745.87402999999,240531.500114,232219.39233200002,320330.070009
43.0,44.0,16.67877769470215,7232.584018,31752.77888900001,7045.604775,0,12177.589788,211615.396819,211615.396819,38798.383664,172817.013156,165584.42913800004,199437.807031
43.0,45.0,11.019051551818848,144338.03728,146734.234168,47184.714992,0,34140.224761,551359.835432,551359.835432,193918.94916000002,357440.88627200003,213102.84899199998,517219.610671
43.0,46.0,13.312042236328123,28188.086736999998,25957.665999,5013.69405,0.0000029999999999999997,16163.825924,79784.592073,79784.59207700001,30971.360049,48813.232028000006,20625.14529,63620.766149
44.0,1.0,7.997731685638428,69189.670834,247394.92788600002,71256.373187,61105.323846,375838.194032,375838.194032,436943.51787900005,318651.30107299995,118292.21680599998,49102.545972,0
44.0,2.0,0.7099176645278931,754.170346,4985.954428000001,857.836896,8.564045999999946,9416.489991999999,9453.981477,9462.545522999999,5843.791324,3618.7541990000004,2864.5838530000005,37.491485
44.0,3.0,0.0,0,0,0,0,0,0,0,0,0,0,0
44.0,4.0,0.1750485301017761,1474.4942939999999,1547.4150140000002,0,2257.117663,1060.451175,1108.424137,3365.541801,1547.4150140000002,1818.126787,343.63249199999996,47.972962
44.0,5.0,3.5022332668304443,461666.255843,891771.482557,222827.008849,379420.68922400003,298437.224676,1248906.183606,1628326.87283,1114598.491406,513728.381425,52062.125581,950468.9589300001
44.0,6.0,0.0437268950045108,3.5154699999999535,430.31562599999995,230.01038799999995,0,301.30369399999995,732.8253639999999,732.8253639999999,660.326014,72.49934999999994,68.98387999999998,431.52167000000003
44.0,7.0,0.4091711044311523,782.86391,5363.535346,532.945543,1825.781767,5484.817088,5484.817088,7310.598855,5896.4808889999995,1414.117966,631.254056,0
44.0,8.0,0.0,0,0,0,0,0,0,0,0,0,0,0
44.0,9.0,0.0,0,0,0,0,0,0,0,0,0,0,0
44.0,10.0,0.0,0,0,0,0,0,0,0,0,0,0,0
44.0,11.0,0.0,0,0,0,0,0,0,0,0,0,0,0
44.0,12.0,0.0,0,0,0,0,0,0,0,0,0,0,0
44.0,13.0,0.0,0,0,0,0,0,0,0,0,0,0,0
44.0,14.0,0.3241095244884491,809.7083640000001,3776.110291,0,0,4004.3052500000003,5867.463403,5867.463403,3776.110291,2091.353112,1281.6447480000002,1863.158153
44.0,15.0,0.0,0,0,0,0,0,0,0,0,0,0,0
44.0,16.0,0.0,0,0,0,0,0,0,0,0,0,0,0
44.0,17.0,0.0,0,0,0,0,0,0,0,0,0,0,0
44.0,18.0,0.3762136101722717,694.570588,3432.677409,0,165.81958699999996,5148.496687,5148.496687,5314.316274,3432.677409,1881.638865,1187.068278,0
44.0,19.0,0.1616132855415344,26526.196455999998,3095.962486,2705.2661049999997,0,29780.884058000003,36618.275926,36618.275926,5801.228591,30817.047335000003,4290.850879,6837.391868
44.0,20.0,0.3360838592052459,5869.6329909999995,5664.449632,433.069202,0,925.9373870000001,14899.776161000002,14899.776161000002,6097.5188339999995,8802.257327000001,2932.6243360000003,13973.838775000002
44.0,21.0,3.0833399295806885,9083.530478,73358.136321,12541.29445,0,28116.83277,119552.851555,119552.851555,85899.43077099998,33653.420785,24569.890307,91436.018786
44.0,22.0,0.4883506298065185,6.431252999999992,5365.692171,50.55808399999996,11.403455999999936,3162.9389360000005,5998.27579,6009.679246,5416.250255,593.428991,586.997738,2835.336853
44.0,23.0,1.4560415744781494,853.2928299999998,14604.549212,0,35.59137299999994,10957.180678,19446.888485,19482.479858000002,14604.549212,4877.930647,4024.637817000001,8489.707808000001
44.0,24.0,3.767836809158325,21899.447598000002,57783.95101999999,5095.758746,0,13336.067167000001,95366.97868999999,95366.97868999999,62879.709766,32487.268924000004,10587.821324999999,82030.91152299999
44.0,25.0,0.9547404646873474,2055.010027,13097.485525999999,3123.3642460000005,0,2280.445347,22279.590641000003,22279.590641000003,16220.849772,6058.740869,4003.7308420000004,19999.145292999998
44.0,26.0,1.602758765220642,16349.317980000002,36211.31964,23511.971619,526.154363,85711.90397500002,85711.90397500002,86238.058338,59723.291259,26514.767079,10165.449099,0
44.0,27.0,0.0,0,0,0,0,0,0,0,0,0,0,0
44.0,28.0,0.0,0,0,0,0,0,0,0,0,0,0,0
44.0,29.0,0.0,0,0,0,0,0,0,0,0,0,0,0
44.0,30.0,0.0,0,0,0,0,0,0,0,0,0,0,0
44.0,31.0,0.0,0,0,0,0,0,0,0,0,0,0,0
44.0,32.0,0.0,0,0,0,0,0,0,0,0,0,0,0
44.0,33.0,0.0,0,0,0,0,0,0,0,0,0,0,0
44.0,34.0,0.0797826647758483,1298.8713210000003,1355.811518,425.862565,0,841.1538039999999,4282.597417,4282.597417,1781.6740819999998,2500.923335,1202.052013,3441.4436129999995
44.0,35.0,0.0992448329925537,915.09743,1007.430957,209.79918899999998,0.24833499999998748,2471.883321,2471.883321,2472.131656,1217.230145,1254.901511,339.804081,0
44.0,36.0,0.3415290415287018,1467.1651709999999,15733.002219,3641.883335,483.225161,3788.889514,21231.162795999997,21714.387957000003,19374.885553,2339.502403,872.337232,17442.273282
44.0,37.0,0.1675206571817398,61887.17413500001,2651.811767,80.22534199999998,1.628370999999924,8763.745165,67745.540071,67747.168441,2732.037109,65015.131332000004,3127.9571969999997,58981.794904999995
44.0,38.0,0.0,0,0,0,0,0,0,0,0,0,0,0
44.0,39.0,0.2115669399499893,2870.301104,5690.011847000001,521.5297790000001,110.17611799999995,7003.809325,11536.998269000002,11647.174387,6211.541626,5435.632761000001,2565.3316560000003,4533.188943
44.0,40.0,0.2427872568368911,2409.7735549999998,6013.7255589999995,1172.380289,55.155948999999985,10540.719056,13661.385522,13716.541471,7186.105848,6530.435623,4120.6620680000005,3120.6664659999997
44.0,41.0,0.4304133057594299,2837.4672969999997,8473.485906,1184.156275,1959.268345,12346.960036999999,13265.740476,15225.008821,9657.642181000001,5567.36664,2729.899343,918.780439
44.0,42.0,0.7199693918228149,4008.841418,4114.577658,294.343068,4.842604999999958,15901.113530999999,15901.113530999999,15905.956136000004,4408.920726,11497.03541,7488.193990999998,0
44.0,43.0,0.0,0,0,0,0,0,0,0,0,0,0,0
44.0,44.0,0.968238115310669,2642.082141,3797.6695919999997,836.061225,0,512.163761,15488.288953999996,15488.288953999996,4633.730818,10854.558136,8212.475996000001,14976.125193
44.0,45.0,0.4646957814693451,5071.206131999999,6345.970872000001,2014.218063,0,1359.089152,17446.337402999998,17446.337402999998,8360.188935,9086.148469,4014.9423360000005,16087.248251
44.0,46.0,0.9126399755477904,296.243743,2374.093126,449.773503,0,394.15556499999997,4302.284571,4302.284571,2823.866629,1478.4179420000003,1182.174199,3908.1290059999997
45.0,1.0,2.910325765609741,63289.11267,235836.10807,67313.153238,67904.066491,285704.173573,332042.363236,399946.429727,303149.261309,96797.16841900001,33508.055749,46338.189663
45.0,2.0,0.380412220954895,70.94619399999995,10832.237401999999,2055.912921,427.56135900000004,15764.846329,16590.43447,17017.995829,12888.150323,4129.845506,4058.899312,825.5881410000001
45.0,3.0,19.07804679870605,366404.41327,2234354.2346260003,112320.35562100001,6.253560999999992,2850690.332901,2850690.332901,2850696.5864620004,2346674.590247,504021.996215,137617.582945,0
45.0,4.0,0.1994430273771286,9178.038921,6578.513366,938.318727,13039.657807,5105.141486,6467.632873,19507.29068,7516.832093,11990.458587,2812.4196660000002,1362.491387
45.0,5.0,15.339083671569824,576195.7519939999,2186468.355729,584692.680648,1329963.5631239999,846834.586533,2225606.6736629996,3555570.2367869997,2771161.0363760004,784409.2004109999,208213.44841699995,1378772.08713
45.0,6.0,1.595722794532776,1419.51676,55175.38003,50367.414042000004,1246.536173,57418.109268,128284.32045099999,129530.856624,105542.794072,23988.062552000003,22568.545791,70866.21118299999
45.0,7.0,0.8458271622657776,6300.539536,45041.324654000004,5096.782158,14894.206037999998,45068.679007,45068.679007,59962.885045,50138.106812,9824.778233000001,3524.2386970000002,0
45.0,8.0,0.4168473780155182,1308.020197,20890.631738,3569.5023050000004,4949.015191,23480.99113,25658.502862999998,30607.518054000004,24460.134043,6147.3840119999995,4839.363814,2177.511733
45.0,9.0,0.0,0,0,0,0,0,0,0,0,0,0,0
45.0,10.0,0.3674418926239013,23967.513396000002,22677.029265999998,7580.416843000001,37041.385766,25518.76898,30237.198754,67278.58452,30257.446109,37021.138411,13053.625015000001,4718.429773000001
45.0,11.0,1.3927003145217896,29712.5038,109888.74286700002,82703.802135,16740.027638,208549.250214,241306.01556899998,258046.04320699998,192592.54500300004,65453.498204,35740.99440499999,32756.765353999996
45.0,12.0,0.6359812021255493,19977.100978000002,57316.843312,17666.759953,78.09947899999997,106697.94028999998,106697.94028999998,106776.03976900001,74983.603265,31792.436504999998,11815.335527000001,0
45.0,13.0,0.0409984029829502,1.7606709999999863,936.86875,230.66856399999998,6.023688,1303.025767,1303.026668,1309.050356,1167.537315,141.51304099999993,139.75236999999993,0.0009
45.0,14.0,3.64682412147522,29620.944179000002,54657.391902,39513.542971999996,199.51968799999997,112100.53267300001,152700.304157,152899.823846,94170.934874,58728.888971,29107.944792000002,40599.771485000005
45.0,15.0,0.6502825021743774,6625.869919000001,18207.21488,10847.525909,216.78096099999993,33868.632769,55411.667057000006,55628.448018,29054.740789000003,26573.707228999996,19947.83731,21543.034288
45.0,16.0,0.7782579660415649,18842.923149000002,43454.228253,9326.009481999998,4427.41778,45708.390848999996,87779.068286,92206.486066,52780.237735,39426.248332,20583.325182000004,42070.677437000006
45.0,17.0,2.283726930618286,28945.126084000003,122674.992478,69721.891961,58573.018336,207060.040522,207060.041748,265633.060084,192396.884439,73236.175645,44291.04956,0.001225
45.0,18.0,6.409936904907227,47354.107368,86231.51451099999,27191.190478999997,7159.570775999999,140328.81195600002,206352.031989,213511.60276500002,113422.70499,100088.897775,52734.790406,66023.220034
45.0,19.0,0.1064525991678237,10.775189999999961,732.738632,650.157315,0,1786.7503770000005,1786.750384,1786.750384,1382.8959479999999,403.854436,393.079247,0.000007000000000000001
45.0,20.0,1.0502310991287231,11849.192430999998,12918.244965,1023.346204,0,14789.720387000003,31284.952071,31284.952071,13941.591169,17343.360902,5494.168471,16495.231684000002
45.0,21.0,19.765893936157227,130934.352217,448900.932753,78633.68070599998,0,177687.113185,836115.4146699997,836115.4146699997,527534.613459,308580.80121,177646.448993,658428.301484
45.0,22.0,3.2713139057159424,26.377616999999923,51926.886319,4560.404137,14.96806099999995,46235.014692,86219.556108,86234.524169,56487.290456,29747.233713,29720.856095999996,39984.541415
45.0,23.0,10.753037452697754,75533.06144399998,218552.09376199997,0,132893.508723,210220.448959,284918.075937,417811.58466000005,218552.09376199997,199259.490898,123726.429454,74697.62697800001
45.0,24.0,16.712890625,203252.55903600002,317258.246825,27333.366023000002,92167.391149,184068.39814600002,546663.2284380001,638830.619587,344591.61284699995,294239.00674,90986.447704,362594.830292
45.0,25.0,6.971014499664307,36283.182995,132452.987304,31823.644892,0,34841.244029999994,254374.664564,254374.664564,164276.63219600002,90098.032368,53814.849373,219533.420535
45.0,26.0,8.611218452453613,69123.601369,221844.75972699997,156370.699097,3942.012038,468709.725437,516807.277797,520749.289835,378215.45882400003,142533.831011,73410.22964199999,48097.55236
45.0,27.0,5.969081401824951,809.740174,164968.77308199997,170686.762273,6302.168714,392117.91511800006,392629.97791,398932.14662499994,335655.535355,63276.611269,62466.871094999995,512.062792
45.0,28.0,0.232109397649765,3207.044899,10527.967796,24018.923345,2452.934065,27199.491775,36759.913151,39212.847216,34546.891141,4665.956074000001,1458.911175,9560.421375
45.0,29.0,0.6362950205802917,7868.625506000001,11396.434663,52.435203,1701.785252,28113.397507,28114.028359,29815.813611,11448.869866,18366.943745,10498.318238,0.6308519999999804
45.0,30.0,0.2004001289606094,117612.226812,6938.265385,1104.639565,0,3131.5950009999997,127947.77915700003,127947.77915700003,8042.904949999999,119904.874207,2292.647395,124816.18415599999
45.0,31.0,1.7966294288635254,32799.118565000004,40646.778307,4357.868222,1663.751201,103367.33179899999,107151.63245599999,108815.383657,45004.646529,63810.737128,31011.618563999997,3784.3006570000002
45.0,32.0,0.0405604541301727,2678.2694840000004,2201.121413,0,747.76043,5551.08943,7196.0696290000005,7943.830059000001,2201.121413,5742.708646,3064.4391630000005,1644.980199
45.0,33.0,0.4871378540992737,1752.558159,23141.715646,669.8213109999999,31.489268999999954,28576.600229000003,30670.418341,30701.90761,23811.536957,6890.370653,5137.812494,2093.818112
45.0,34.0,0.5499653816223145,16380.605192,9405.851553000002,2909.8542180000004,473.51208800000006,29533.065356000003,40389.539102999996,40863.051191,12315.705772000001,28547.34542,12166.740228,10856.473747
45.0,35.0,0.4950686693191528,2452.815262,3423.147492,715.6123130000001,3.332279999999956,7444.262645,8542.920341000001,8546.252621,4138.759805000001,4407.492817,1954.6775540000003,1098.657696
45.0,36.0,1.536933422088623,16059.924384,67051.08528,15675.324519000003,3102.6560929999996,49567.117799,105089.86929900001,108192.52539200001,82726.40979900002,25466.115593000002,9406.191209,55522.751499
45.0,37.0,1.975759744644165,386047.572383,268276.801387,8793.876502,214.07461199999995,268008.944808,701410.26107,701624.3356819999,277070.677889,424553.65779300005,38506.08541,433401.316262
45.0,38.0,0.3199570477008819,25149.496175000004,3052.714645,8955.821293999998,0,39697.251785,43931.990258,43931.990258,12008.535938999998,31923.454318,6773.958144,4234.738472
45.0,39.0,2.423649787902832,39618.479092,49154.279500000004,9095.383475999999,3354.913371,121354.683275,121354.683275,124709.596646,58249.662977,66459.933669,26841.454577999997,0
45.0,40.0,4.725133419036865,56478.866006,67535.892977,15170.159301000002,13864.063746000002,200916.76265500003,201107.031716,214971.09546200003,82706.052278,132265.04318399998,75786.177178,190.26906099999997
45.0,41.0,0.376876026391983,39667.896201,79565.31573,15658.324944999998,21326.239445000003,131934.07209300002,132897.608819,154223.848264,95223.64067499999,59000.207589,19332.311388000002,963.5367259999999
45.0,42.0,5.428662300109863,90953.709422,61493.018341,5644.303064,163.20328899999993,298038.89823600004,309970.637024,310133.840312,67137.321405,242996.51890700002,152042.809485,11931.738788
45.0,43.0,12.250829696655272,9612.791778,59664.920577000004,19076.995824,0,55954.592827,288873.662098,288873.662098,78741.916401,210131.745698,200518.95391999997,232919.069271
45.0,44.0,10.436989784240724,5373.522158,35209.983132999994,7780.35477,0,3884.0589950000003,148640.753858,148640.753858,42990.337904,105650.415955,100276.893797,144756.69486299998
45.0,45.0,13.752604484558104,29892.288348,297902.856426,99065.00797400001,0,143121.910722,1092530.980399,1092530.980399,396967.8644,695563.1159989999,665670.827651,949409.069677
45.0,46.0,11.339886665344238,47752.589516,52316.262343,10402.711982,613.12995,22869.383286,165290.705094,165903.835044,62718.974324999996,103184.860719,55432.271202,142421.32180799998
46.0,1.0,0.5316174626350403,5004.01269,22825.374346,6403.4877799999995,9858.246418,25172.114665,28089.385089999996,37947.631508,29228.862126,8718.769382,3714.756692,2917.270425
46.0,2.0,0.0453045181930065,94.710143,2485.877616,0,916.6605790000001,1502.054203,1860.877949,2777.538528,2485.877616,291.660912,196.95076899999998,358.82374599999997
46.0,3.0,6.002459526062012,45961.323821,421894.368431,22956.329997,10699.738615,508660.304831,508660.304831,519360.04344700003,444850.698428,74509.345019,28548.021198,0
46.0,4.0,0.0690717697143554,3722.3162289999996,1878.482654,285.4489009999999,4340.152547,1835.2882329999998,2138.342155,6478.494702,2163.931555,4314.563147,592.2469179999999,303.053922
46.0,5.0,5.495609760284424,120838.496636,528224.487022,151555.05080099998,281717.098427,185816.735575,570759.634023,852476.732449,679779.537823,172697.194626,51858.69798999999,384942.898448
46.0,6.0,0.1846009045839309,31.475639,6713.877608,4130.637392,0,1330.520209,13111.616889,13111.616889,10844.515,2267.101889,2235.6262500000003,11781.09668
46.0,7.0,0.291813313961029,779.0073920000001,5590.620083,0,1763.166451,5333.206559,5333.206559,7096.37301,5590.620083,1505.7529269999995,726.7455350000001,0
46.0,8.0,0.1090226098895073,186.08555799999993,4359.844766,0,0,5054.475175,5286.1189509999995,5286.1189509999995,4359.844766,926.274185,740.188628,231.643776
46.0,9.0,0.0871534049510955,15620.370540999998,8546.760812,52238.656382,10989.189569,51589.965033,66959.937261,77949.12682899999,60785.417193,17163.709636000003,1543.3390949999996,15369.972228
46.0,10.0,0.0,0,0,0,0,0,0,0,0,0,0,0
46.0,11.0,0.067390464246273,2827.049617,2620.744986,2797.656935,768.8603370000001,9963.757303,9963.757303,10732.61764,5418.401922,5314.215718,2487.166102,0
46.0,12.0,0.0866012871265411,687.898721,4047.6790749999996,560.928372,0,6324.448462,6324.448462,6324.448462,4608.607446999999,1715.8410149999997,1027.942294,0
46.0,13.0,0.0,0,0,0,0,0,0,0,0,0,0,0
46.0,14.0,0.5813623070716858,5588.515694,6376.790779,3494.4963089999997,0,19866.360322000004,19866.360322000004,19866.360322000004,9871.287088000001,9995.073234,4406.557540000001,0
46.0,15.0,0.0,0,0,0,0,0,0,0,0,0,0,0
46.0,16.0,0.0,0,0,0,0,0,0,0,0,0,0,0
46.0,17.0,0.0,0,0,0,0,0,0,0,0,0,0,0
46.0,18.0,0.6956658959388733,4402.049027,13480.668426,0,702.004546,21777.812736000003,21777.812736000003,22479.817283,13480.668426,8999.148857,4597.099829,0
46.0,19.0,2.0223212242126465,18356.17079,174671.02262299997,158020.42176,0,4299.602175,388647.459004,388647.459004,332691.444383,55956.014620999995,37599.843831000006,384347.856828
46.0,20.0,0.3657905161380768,1232.306248,486.109851,47.321722999999935,0,2608.583539,2610.82859,2610.82859,533.431574,2077.3970160000003,845.0907689999998,2.2450509999999344
46.0,21.0,3.034054517745972,10908.137323999998,78148.819543,13383.608993,0,30722.709080999997,119141.34850299999,119141.34850299999,91532.428536,27608.919967,16700.782644,88418.639422
46.0,22.0,0.5731374621391296,1045.160685,8595.746609,410.141811,2.67713199999999,6699.920079999999,10928.481416000002,10931.158548000001,9005.88842,1925.270128,880.1094429999999,4228.561336000001
46.0,23.0,3.690734386444092,7890.26949,38760.411678000004,0,10381.812948,33145.848536,51477.509712,61859.322660000005,38760.411678000004,23098.910982,15208.641491999999,18331.661176
46.0,24.0,7.166519165039063,25901.689213000005,97767.554676,9974.037786,0,40033.378773,166585.40046900001,166585.40046900001,107741.59246199999,58843.808007,32942.118793999995,126552.02169600001
46.0,25.0,2.5658633708953857,11889.396556,45066.970092999996,11342.812569,0,14887.23546,84260.078531,84260.078531,56409.782663000005,27850.295868999998,15960.899313,69372.843072
46.0,26.0,2.12720251083374,22860.999389999997,54961.065353000005,35425.497957,596.997703,116478.33775600001,124377.929023,124974.926727,90386.56331,34588.363417,11727.364026,7899.591268
46.0,27.0,1.752674579620361,7596.377398000001,22676.938657,21763.110460000004,258.707221,62519.116030000005,62519.116030000005,62777.823251,44440.049117,18337.774133000003,10741.396735,0
46.0,28.0,0.0,0,0,0,0,0,0,0,0,0,0,0
46.0,29.0,0.0,0,0,0,0,0,0,0,0,0,0,0
46.0,30.0,0.0,0,0,0,0,0,0,0,0,0,0,0
46.0,31.0,0.2196934223175048,2019.4293949999999,1414.9884630000001,112.68082999999997,90.03587699999997,5179.1649,5325.145531,5415.181408000001,1527.669293,3887.512115,1868.0827199999999,145.98063099999993
46.0,32.0,0.0380800925195217,2514.4872920000003,2066.5172300000004,0,702.033032,4763.383243,6756.012797,7458.045829,2066.5172300000004,5391.5286,2877.041308,1992.629555
46.0,33.0,0.3067970871925354,193.50883499999995,4257.674986999999,0,7.230223999999988,3652.390264,6927.194186000001,6934.42441,4257.674986999999,2676.7494229999998,2483.240588,3274.803921
46.0,34.0,0.0538504160940647,1099.421138,504.931901,157.759436,8.07303099999997,815.0065250000001,2030.960438,2039.0334679999999,662.691336,1376.342132,276.92099399999995,1215.9539120000002
46.0,35.0,0.1141197085380554,910.93407,1049.37537,218.34525299999996,3.086576999999941,1793.8226410000002,2690.13483,2693.221407,1267.720623,1425.500784,514.566714,896.312188
46.0,36.0,0.1737165302038192,141.71952599999997,3675.97116,0,114.50589699999999,1553.3932389999998,5458.074505,5572.580402,3675.97116,1896.6092420000004,1754.8897160000001,3904.681266
46.0,37.0,0.3302678167819977,36055.133118,13848.097631,442.360351,205.30636799999996,19434.679885,54328.914927000005,54534.221295999996,14290.457982000004,40243.763313999996,4188.630196,34894.235042
46.0,38.0,0.066038854420185,3704.8567169999997,323.73144599999995,826.9241450000001,0,2208.683373,6057.08706,6057.08706,1150.655591,4906.431469,1201.574752,3848.4036859999997
46.0,39.0,0.2793559432029724,4210.832949000001,3576.957805,300.926268,83.28903499999996,2099.54503,9654.209673000001,9737.498708000001,3877.884073,5859.614635,1648.781686,7554.664642
46.0,40.0,0.8230800628662109,12909.018726,7144.899827,1448.631775,201.12465799999998,26364.573816,30955.911705000002,31157.036362,8593.531602000001,22563.50476,9654.486034,4591.337889
46.0,41.0,0.0603893771767616,6510.74918,7309.578542,1136.1667889999999,1887.6195209999998,14745.435344,14755.884442000002,16643.503963,8445.745331000002,8197.758632,1687.0094520000002,10.449097999999935
46.0,42.0,0.5919299125671387,8807.534682,5758.898969,369.558779,21.34574299999993,26331.261694999997,26825.293569999998,26846.639313,6128.457748,20718.181564,11910.646881999997,494.031875
46.0,43.0,7.477524757385254,5867.349423,36417.602287,11644.004213,0,1205.736821,176319.462021,176319.462021,48061.6065,128257.855521,122390.506098,175113.72520000002
46.0,44.0,7.305734157562256,12868.538709999999,17529.209854,3882.956382,14427.738696,2284.1227810000005,84077.01027099999,98504.748966,21412.166237,77092.58273,64224.04402,81792.88749
46.0,45.0,2.903170585632324,14538.133034000002,38430.91664,12125.378507000001,0,5092.840910000001,121014.12444700001,121014.12444700001,50556.295147000004,70457.8293,55919.696266,115921.28353700001
46.0,46.0,2.217472553253174,7376.819958000001,9944.412001,1982.874334,0,3606.560647,25718.996519999997,25718.996519999997,11927.286335,13791.710185,6414.890228,22112.435872000002
47.0,1.0,11.19855499267578,176384.076755,603752.078522,178680.576775,193654.25602400003,777900.144735,879497.552808,1073151.808832,782432.6552980001,290719.15353400004,114335.07677900001,101597.408073
47.0,2.0,0.4379763901233673,13757.482913,29497.241324,5242.475421,13.482228999999949,53954.410193,54408.89490200001,54422.377131,34739.716745000005,19682.660386,5925.177474,454.484709
47.0,3.0,0.3965849876403808,4250.590784,13647.706173,616.240236,0.059945,20747.416064,20747.416064,20747.476010000002,14263.946409000002,6483.5296,2232.938816,0
47.0,4.0,0.0475275553762912,2147.0099139999998,2279.1348500000004,327.115272,0,5267.233946,5548.788941,5548.788941,2606.250122,2942.538819,795.5289049999999,281.554996
47.0,5.0,5.689573764801025,254917.025587,2116720.1957590003,743450.0066080001,931430.3276679999,757920.809579,2284429.692402,3215860.020071,2860170.202367,355689.81770400004,100772.792117,1526508.882824
47.0,6.0,0.2809638381004333,1.0156179999999912,7850.7734759999985,0,2.0353349999999475,4024.059679,9760.110626000002,9762.145961,7850.7734759999985,1911.372485,1910.356867,5736.050948
47.0,7.0,0.7992419600486755,1986.9608489999998,17362.751897,3587.5367979999996,7754.384332,19692.069527,19692.069527,27446.453857999997,20950.288696,6496.165162,4509.204314,0
47.0,8.0,0.1362331211566925,1376.9844420000002,6472.770696,963.6174080000001,1641.3859739999998,8318.683398,8318.683398,9960.069372999998,7436.388104,2523.6812689999997,1146.696827,0
47.0,9.0,0.0,0,0,0,0,0,0,0,0,0,0,0
47.0,10.0,0.0,0,0,0,0,0,0,0,0,0,0,0
47.0,11.0,0.0160647947341203,673.922788,624.743358,666.91634,183.28360199999997,1190.911646,2375.199227,2558.482829,1291.6596980000002,1266.8231310000003,592.900343,1184.28758
47.0,12.0,0.3369278013706207,3052.734065,13754.441372,1966.602212,0.7020219999999415,22830.443246,22830.443246,22831.145268,15721.043584,7110.101684000001,4057.367619,0
47.0,13.0,0.1287735253572464,5.530111999999988,2942.639555,724.514284,18.91981899999998,4092.6838559999997,4092.716663,4111.636482,3667.153838,444.482644,438.952532,0.032806
47.0,14.0,1.3817001581192017,6529.459957000001,14267.723406000005,8519.640833000001,0.4772769999999724,27180.577910999997,41824.606577,41825.083854,22787.364239,19037.719613999998,12508.259657999999,14644.028665999998
47.0,15.0,0.1572515666484832,1616.234973,1243.9405319999998,435.466319,62.374688999999954,1431.668678,5073.872924,5136.247614,1679.4068519999998,3456.840762,1840.6057899999998,3642.204246
47.0,16.0,0.0,0,0,0,0,0,0,0,0,0,0,0
47.0,17.0,0.0,0,0,0,0,0,0,0,0,0,0,0
47.0,18.0,1.4757572412490845,6767.266263,20587.687841000003,7972.083705000001,2220.17987,46050.069666999996,46050.069666999996,48270.249537,28559.771546,19710.477991,12943.211728,0
47.0,19.0,0.7031378149986267,63159.121836,36682.006529000006,33959.433141,0,153374.67977199997,153375.245668,153375.245668,70641.43966899998,82733.805999,19574.684163,0.5658959999999866
47.0,20.0,0.4745589792728424,1631.2301440000003,3025.3926460000002,308.314529,0,6512.093532999999,6512.093532999999,6512.093532999999,3333.707175,3178.386358,1547.1562139999999,0
47.0,21.0,9.985275268554688,94056.029889,206360.227616,36643.487469,0,87808.98162400001,427316.371331,427316.371331,243003.715085,184312.656246,90256.626357,339507.389707
47.0,22.0,1.6557036638259888,2924.912606,32204.138014000004,6107.483389,48.417051,31752.048741,59601.676387,59650.093436999996,38311.621402000004,21338.472035,18413.559429,27849.627645999997
47.0,23.0,4.49930477142334,49531.64359,128165.653337,0,5088.953746,165545.96329999997,220062.92163200004,225151.875378,128165.653337,96986.22204000001,47454.57845,54516.958331999995
47.0,24.0,9.40206241607666,29515.974026,57807.462140999996,5784.779644,0,67750.39999,165398.97669899996,165398.97669899996,63592.241785000006,101806.734914,72290.760888,97648.57670899999
47.0,25.0,3.3494255542755127,14628.494928,57657.344635,14216.743108000002,0,14620.477191000002,109199.90268400002,109199.90268400002,71874.08774300001,37325.814941000004,22697.320012,94579.42549200001
47.0,26.0,3.2647807598114014,30349.924508999997,73085.81595599999,47401.247139,807.041357,163101.411224,176946.38454000003,177753.425898,120487.063095,57266.362802999996,26916.438294,13844.973316000001
47.0,27.0,0.0,0,0,0,0,0,0,0,0,0,0,0
47.0,28.0,0.0,0,0,0,0,0,0,0,0,0,0,0
47.0,29.0,0.0,0,0,0,0,0,0,0,0,0,0,0
47.0,30.0,0.1394782662391662,1881.179441,461.838195,0,0,467.455757,2840.702673,2840.702673,461.838195,2378.8644780000004,497.68503699999997,2373.246916
47.0,31.0,0.1543933600187301,3334.2840779999997,1935.0686729999998,0,87.290846,1753.641207,7150.98098,7238.271826,1935.0686729999998,5303.2031529999995,1968.9190749999998,5397.339774
47.0,32.0,0.0261446945369243,1726.373897,1418.811728,0,481.995294,4553.231518,4638.484418,5120.479712,1418.811728,3701.6679839999997,1975.294087,85.2529
47.0,33.0,0.4697996973991394,202.287659,6873.948418,10.600267999999996,4.43385599999997,5936.805056,10789.69586,10794.129716000001,6884.548686,3909.5810300000003,3707.293371,4852.890804
47.0,34.0,0.1887823641300201,3679.3199250000002,2881.9245530000003,927.507704,8.695543999999977,7916.642601,10188.759200999999,10197.454746,3809.432256,6388.022489,2708.702565,2272.1166000000003
47.0,35.0,0.1228892132639885,650.648914,1849.9821590000001,393.55925,7.150575999999997,2532.134986,3668.1908289999997,3675.341405,2243.541409,1431.799996,781.1510829999999,1136.055842
47.0,36.0,0.4059317111968994,1768.839026,13528.969569,0,425.584924,4649.386541,15943.655814,16369.240738000002,13528.969569,2840.271168,1071.4321419999999,11294.269272999998
47.0,37.0,0.6738782525062561,292196.84790100006,13951.304481000001,509.51235900000006,106.710229,122605.51288099999,318979.693461,319086.40369,14460.816840000001,304625.58684999996,12428.738949,196374.18058
47.0,38.0,0.1482307910919189,10724.39066,1067.715346,2729.820073,0,12312.361573,18790.416439000004,18790.416439000004,3797.535418,14992.881021000001,4268.490361,6478.054866
47.0,39.0,0.7759811282157898,10677.338705999999,9059.574073,829.0042810000001,645.63721,13573.02227,29297.609891,29943.247100999997,9888.578354,20054.668746,9377.330041,15724.587620999995
47.0,40.0,1.7726508378982544,25031.963051,18125.341393,3640.2686320000003,236.08771999999996,60910.921122,69658.611773,69894.699493,21765.610025,48129.089468000006,23097.126417000003,8747.690651
47.0,41.0,0.149012342095375,10919.668563999998,16588.075013,3407.667748,4782.937103,30965.273402,31317.100143,36100.037247,19995.742761,16104.294485000004,5184.625921,351.826742
47.0,42.0,1.184239387512207,20106.117177,19918.839986,3330.099725,214.02777399999994,75182.19415500002,76280.72265000001,76494.750423,23248.939711,53245.810713,33139.693535000006,1098.5284940000001
47.0,43.0,6.189647197723389,4856.790559,30145.289151,9638.518879000001,0,622.355901,145951.417979,145951.417979,39783.80803100001,106167.60994800001,101310.81938799999,145329.062078
47.0,44.0,10.398441314697266,5211.473528,26090.280844999997,5743.887151,0,3690.047134,137024.85647600002,137024.85647600002,31834.167996999993,105190.68847899997,99979.21495100002,133334.809342
47.0,45.0,3.1933741569519043,99975.754893,83804.522392,26678.245827,0,22538.52495,292542.95508600003,292542.95508600003,110482.768218,182060.186868,82084.431975,270004.43013600004
47.0,46.0,4.290735244750977,16438.17007,15040.196586000002,3155.043822,0,6717.858117,53367.14191499999,53367.14191499999,18195.240408999998,35171.90150700001,18733.731437000002,46649.283798
48.0,1.0,0.0626315623521804,1043.564482,1383.241686,387.84140599999995,534.82182,1539.142096,2706.442642,3241.264462,1771.083091,1470.181371,426.616889,1167.300546
48.0,2.0,0.0,0,0,0,0,0,0,0,0,0,0,0
48.0,3.0,0.0925284847617149,1714.936502,962.1550279999999,38.40338299999998,0.032658,3057.714452,3057.714452,3057.7471100000002,1000.558411,2057.188698,342.252196,0
48.0,4.0,0.0,0,0,0,0,0,0,0,0,0,0,0
48.0,5.0,0.2120006382465362,7255.584386000002,8637.75225,1617.9181259999998,3713.135052,8067.449021,15045.065856,18758.200907999995,10255.670376,8502.530532,1246.9461459999998,6977.616835
48.0,6.0,0.0,0,0,0,0,0,0,0,0,0,0,0
48.0,7.0,0.0,0,0,0,0,0,0,0,0,0,0,0
48.0,8.0,0.0,0,0,0,0,0,0,0,0,0,0,0
48.0,9.0,0.0,0,0,0,0,0,0,0,0,0,0,0
48.0,10.0,0.0,0,0,0,0,0,0,0,0,0,0,0
48.0,11.0,0.0,0,0,0,0,0,0,0,0,0,0,0
48.0,12.0,0.0,0,0,0,0,0,0,0,0,0,0,0
48.0,13.0,0.0,0,0,0,0,0,0,0,0,0,0,0
48.0,14.0,0.0,0,0,0,0,0,0,0,0,0,0,0
48.0,15.0,0.0,0,0,0,0,0,0,0,0,0,0,0
48.0,16.0,0.0,0,0,0,0,0,0,0,0,0,0,0
48.0,17.0,0.0,0,0,0,0,0,0,0,0,0,0,0
48.0,18.0,0.0,0,0,0,0,0,0,0,0,0,0,0
48.0,19.0,0.0,0,0,0,0,0,0,0,0,0,0,0
48.0,20.0,0.0,0,0,0,0,0,0,0,0,0,0,0
48.0,21.0,0.2462368160486221,462.504146,6160.1231339999995,1057.496879,0,2047.104599,9498.011107,9498.011107,7217.620013999999,2280.391094,1817.886948,7450.906509
48.0,22.0,0.0384536236524581,52.48945799999999,320.277657,0.08601499999998873,0,413.829341,413.829341,413.829341,320.363672,93.465669,40.97621099999994,0
48.0,23.0,0.0728518217802047,268.645463,2078.6359,0,0,1477.599064,2686.0457880000004,2686.0457880000004,2078.6359,607.409888,338.76442499999996,1208.446724
48.0,24.0,0.5023983716964722,771.042405,12311.383944,644.014505,0,2038.214386,15127.113712,15127.113712,12955.398449999999,2171.715263,1400.672858,13088.899326
48.0,25.0,0.3260270953178406,2773.429853,6107.730295999999,1457.956199,347.43951500000003,1186.8512090000002,11846.379211999998,12193.818726999998,7565.686495,4628.132232,1854.70238,10659.528004
48.0,26.0,0.1185138672590255,1234.4970250000001,3423.227638,2212.039557,30.351184999999973,4805.5831180000005,7497.6361099999995,7527.987295,5635.267195,1892.720101,658.223075,2692.052993
48.0,27.0,0.0421148613095283,341.27779799999996,524.9042049999999,495.334532,0,1139.714395,1520.486266,1520.486266,1020.238737,500.247529,158.969731,380.77187200000003
48.0,28.0,0.0,0,0,0,0,0,0,0,0,0,0,0
48.0,29.0,0.0,0,0,0,0,0,0,0,0,0,0,0
48.0,30.0,0.0,0,0,0,0,0,0,0,0,0,0,0
48.0,31.0,0.0,0,0,0,0,0,0,0,0,0,0,0
48.0,32.0,0.002469987142831,163.09710599999994,134.04049700000002,0,45.53596099999996,399.970155,438.21514199999996,483.75110299999994,134.04049700000002,349.710606,186.61349999999996,38.244985999999926
48.0,33.0,0.0050804200582206,6.001281999999976,41.326451999999954,0,0,56.30165599999997,59.151047999999946,59.151047999999946,41.326451999999954,17.824594999999995,11.823312999999942,2.84939199999997
48.0,34.0,0.0050560520030558,15.55271499999999,40.31766999999998,12.413843999999964,0.00059,91.55228199999993,104.73669999999994,104.73729,52.73151299999995,52.00577599999999,36.45306099999999,13.184417999999944
48.0,35.0,0.005087474361062,8.67840699999994,46.986526999999946,9.776342999999924,0.0015270000000000001,88.27460799999999,94.47483199999995,94.47635899999996,56.76286999999995,37.713488999999946,29.03508099999993,6.200223999999952
48.0,36.0,0.0,0,0,0,0,0,0,0,0,0,0,0
48.0,37.0,0.0,0,0,0,0,0,0,0,0,0,0,0
48.0,38.0,0.0142166335135698,979.8331000000001,238.30443299999996,608.8528689999999,0,1787.991552,2092.0950980000002,2092.0950980000002,847.1573020000001,1244.937796,265.104695,304.103546
48.0,39.0,0.0144803607836365,389.91792699999996,196.443475,16.279311999999944,10.830565999999942,173.24969199999995,740.802784,751.6333490000001,212.722787,538.910563,148.992635,567.553092
48.0,40.0,0.014551349915564,352.856026,275.90149599999995,53.775448,1.665403999999961,540.715977,903.2979780000003,904.9633819999999,329.67694399999993,575.286438,222.43041199999996,362.582001
48.0,41.0,0.0052282060496509,37.254252999999984,627.0025009999999,87.02064199999997,368.24511199999995,547.42589,551.299458,919.54457,714.0231429999999,205.52142700000002,168.267174,3.8735669999999485
48.0,42.0,0.0231135040521621,491.17200900000006,352.706191,23.415596999999998,31.81154899999998,240.81679,1357.658102,1389.469652,376.121788,1013.347863,522.1758540000001,1116.841313
48.0,43.0,3.027673959732056,2375.71081,14745.609655000002,4714.69387,0,370.802216,71392.335794,71392.335794,19460.303525,51932.03227,49556.321459,71021.533578
48.0,44.0,0.0,0,0,0,0,0,0,0,0,0,0,0
48.0,45.0,0.0,0,0,0,0,0,0,0,0,0,0,0
48.0,46.0,0.1591467559337616,1202.8038060000001,2015.5970130000003,406.53794300000004,2569.2477879999997,137.659236,1183.696079,3752.943867,2422.134956,1330.8089109999999,128.005104,1046.036843
49.0,1.0,1.264054536819458,11100.411014999998,9954.179473000002,2815.299327,4282.885735,11389.930886,21673.043175,25955.92891,12769.478801000001,13186.450109,2086.039095,10283.112288
49.0,2.0,0.1489073634147644,115.24125499999997,539.321657,0,0,738.1371709999999,742.92027,742.92027,539.321657,203.59861300000003,88.35735799999996,4.783098999999929
49.0,3.0,0.3872600197792053,32337.197712999994,27773.812751999998,1034.568348,0,72977.220996,72977.220996,72977.220996,28808.381100000002,44168.839896,11831.642182000001,0
49.0,4.0,0.6641361117362976,26958.718826,31941.248482,0,44717.685213,18569.564626999996,22069.783777999997,66787.468991,31941.248482,34846.220509,7887.5016829999995,3500.219151
49.0,5.0,1.040686011314392,8683.037226000002,40989.670173,5215.957931,12089.915699,27554.969596,50386.256352,62476.172050999994,46205.628105,16270.543946999998,7587.50672,22831.286755999998
49.0,6.0,0.1265044063329696,2.344070999999928,5020.378427000001,2544.3277439999997,30.102542999999926,658.440859,7709.961147000001,7740.063689999999,7564.706170999999,175.35752,173.013449,7051.520289
49.0,7.0,0.5684053301811218,2994.021142,12526.169705999999,1240.572475,0,18771.900521000003,18771.900521000003,18771.900521000003,13766.742181000001,5005.158341,2011.137199,0
49.0,8.0,0.1460181921720504,1130.6075250000001,6372.377828000001,0,1539.099714,4956.061110000001,7841.075079000002,9380.174793,6372.377828000001,3007.796965,1877.1894399999999,2885.013968
49.0,9.0,0.0,0,0,0,0,0,0,0,0,0,0,0
49.0,10.0,0.0,0,0,0,0,0,0,0,0,0,0,0
49.0,11.0,0.0,0,0,0,0,0,0,0,0,0,0,0
49.0,12.0,0.1966118514537811,13231.083118999999,12388.119399000001,1836.5445359999999,0,29797.207436,29797.207436,29797.207436,14224.663934999999,15572.543501,2341.460382,0
49.0,13.0,0.0,0,0,0,0,0,0,0,0,0,0,0
49.0,14.0,0.0,0,0,0,0,0,0,0,0,0,0,0
49.0,15.0,0.0,0,0,0,0,0,0,0,0,0,0,0
49.0,16.0,0.0,0,0,0,0,0,0,0,0,0,0,0
49.0,17.0,0.0,0,0,0,0,0,0,0,0,0,0,0
49.0,18.0,0.2919228076934814,1596.513716,7940.4125429999995,2016.2904330000001,423.15640099999996,3613.91018,13229.58028,13652.736681,9956.702976,3696.033705,2099.5199900000002,9615.670101
49.0,19.0,0.0,0,0,0,0,0,0,0,0,0,0,0
49.0,20.0,0.3999632000923157,9850.544025000001,4645.709269,365.975734,0,5422.646588,17540.569414999998,17540.569414999998,5011.6850030000005,12528.884412000001,2678.340387,12117.922827
49.0,21.0,4.755833148956299,31475.063163,122209.14525799999,20870.285322,0,26141.992265,200891.496669,200891.496669,143079.43058,57812.06608899999,26337.002927,174749.504404
49.0,22.0,0.6599151492118835,783.376431,6104.202044000001,638.1014590000001,20.599247,3975.1499780000004,9687.858674,9708.457921,6742.303502999999,2966.1544180000005,2182.7779870000004,5712.708696000001
49.0,23.0,0.873234212398529,371.88343999999995,9369.904577,0,0,7692.010127999998,11507.100622,11507.100622,9369.904577,2137.1960449999997,1765.312606,3815.0904940000005
49.0,24.0,4.018063068389893,61270.14346200001,2165.501069,209.32417499999994,0,11933.234967,69778.49677700001,69778.49677700001,2374.825244,67403.671533,6133.528071,57845.261809999996
49.0,25.0,1.9700512886047363,13795.810617,9094.5426,2231.56707,169.03635199999994,1231.503289,27689.911941,27858.948291999997,11326.109671,16532.838622,2737.028004,26458.408652000002
49.0,26.0,1.5791490077972412,23949.803721000004,35216.176672,22874.925048,570.131264,62739.372621,89901.2057,90471.33696399999,58091.101720000006,32380.235243,8430.431523000001,27161.833079000004
49.0,27.0,0.0,0,0,0,0,0,0,0,0,0,0,0
49.0,28.0,0.0,0,0,0,0,0,0,0,0,0,0,0
49.0,29.0,0.0,0,0,0,0,0,0,0,0,0,0,0
49.0,30.0,0.0,0,0,0,0,0,0,0,0,0,0,0
49.0,31.0,0.0,0,0,0,0,0,0,0,0,0,0,0
49.0,32.0,0.0,0,0,0,0,0,0,0,0,0,0,0
49.0,33.0,0.2293343991041183,8966.843182999999,36911.028915999996,35.51055199999995,2.1363329999999503,18933.715556,49480.492808,49482.629141000005,36946.539468,12536.089674,3569.2464910000003,30546.777251999996
49.0,34.0,0.0923428535461425,575.533671,373.49870799999997,115.816791,1.2780639999999355,1679.229268,1679.229268,1680.5073320000001,489.31549899999993,1191.191833,615.658162,0
49.0,35.0,0.264484703540802,2442.781517,2476.352731,517.471104,2.7191369999999635,6348.016839999999,6808.358589,6811.077725,2993.8238349999997,3817.25389,1374.4723729999998,460.341748
49.0,36.0,0.4216665625572204,351.18308199999996,2518.285143,0,86.64693499999994,286.26887,2925.41824,3012.065175,2518.285143,493.78003199999995,142.59694999999996,2639.14937
49.0,37.0,0.1151690781116485,91402.851633,3742.68569,225.02496,3886.102369,35013.565672,101226.94601400002,105113.048383,3967.71065,101145.33773300001,9742.4861,66213.38034199999
49.0,38.0,0.0312241036444902,87.263579,0,0,0,87.263579,87.263579,87.263579,0,87.263579,0,0
49.0,39.0,0.3012864589691162,4193.352613,2583.9062519999998,221.831225,72.01288099999995,2348.7669480000004,7937.343983,8009.356864000002,2805.737477,5203.619386,1010.266773,5588.577035
49.0,40.0,0.6789295673370361,7672.121516,5406.245691,1085.9841239999998,228.596237,15324.984955999998,17591.309914,17819.906151,6492.229815,11327.676336,3655.55482,2266.324958
49.0,41.0,0.1761314421892166,3986.275539,5943.821057,847.321532,1557.168345,10299.502781000001,10619.653478,12176.821823,6791.142589,5385.679234,1399.403695,320.150697
49.0,42.0,0.9204643964767456,10034.979351,3982.448917,267.4185079999999,2.7258459999999882,15417.660407,19898.303641000002,19901.029486999996,4249.867425,15651.162062000001,5616.1827109999995,4480.643233
49.0,43.0,2.8070900440216064,2457.2657340000005,33293.77509,29400.624230999998,0,2861.1015610000004,149314.26393900003,149314.26393900003,62694.399321,86619.864617,84162.598883,146453.162377
49.0,44.0,5.310278415679932,3074.044969,23114.194666,5125.833082,0,1083.88414,107294.781336,107294.781336,28240.027748999997,79054.75358700001,75980.708618,106210.897196
49.0,45.0,3.4127821922302246,70064.05738500001,52477.702875,16895.238822,0,5429.805496,154833.499112,154833.499112,69372.941697,85460.557415,15396.50003,149403.69361699995
49.0,46.0,2.511218547821045,22226.669066,14406.078478,2791.376093,0.000005,3182.574175,47789.811553,47789.811559,17197.454571000002,30592.356987999992,8365.687921,44607.237378
50.0,1.0,0.1405178904533386,653.991161,1728.6283469999998,0,445.395648,1758.5988660000003,2173.504058,2618.899706,1728.6283469999998,890.2713590000001,236.28019799999996,414.905193
50.0,2.0,0.0,0,0,0,0,0,0,0,0,0,0,0
50.0,3.0,2.4576780796051025,293885.53194500005,186306.279641,7983.167299000001,10.708045999999962,569245.284871,569245.284871,569255.992917,194289.44693900002,374966.54597800004,81081.014032,0
50.0,4.0,0.0,0,0,0,0,0,0,0,0,0,0,0
50.0,5.0,0.3703949451446533,913.9125720000003,16111.699584999998,0,3722.350812,8299.652057,15333.654551999996,19056.005365,16111.699584999998,2944.3057790000003,2030.3932069999998,7034.002496
50.0,6.0,0.0,0,0,0,0,0,0,0,0,0,0,0
50.0,7.0,0.0,0,0,0,0,0,0,0,0,0,0,0
50.0,8.0,0.0,0,0,0,0,0,0,0,0,0,0,0
50.0,9.0,0.0,0,0,0,0,0,0,0,0,0,0,0
50.0,10.0,0.0,0,0,0,0,0,0,0,0,0,0,0
50.0,11.0,0.0,0,0,0,0,0,0,0,0,0,0,0
50.0,12.0,0.0140820210799574,947.6561860000003,887.2801149999999,131.53964699999997,0,2134.1794659999996,2134.1794659999996,2134.1794659999996,1018.819762,1115.359704,167.70351799999995,0
50.0,13.0,0.0,0,0,0,0,0,0,0,0,0,0,0
50.0,14.0,0.1679399460554123,3481.7175170000005,4176.404486,0,0,2735.062803,8537.40633,8537.40633,4176.404486,4361.001844,879.284327,5802.343527
50.0,15.0,0.0,0,0,0,0,0,0,0,0,0,0,0
50.0,16.0,0.0,0,0,0,0,0,0,0,0,0,0,0
50.0,17.0,0.0,0,0,0,0,0,0,0,0,0,0,0
50.0,18.0,0.5774192214012146,7894.924806000001,5656.8081,0,0,13947.058357,19239.293986999997,19239.293986999997,5656.8081,13582.485886999999,5687.561081,5292.2356310000005
50.0,19.0,0.0,0,0,0,0,0,0,0,0,0,0,0
50.0,20.0,0.1703941375017166,2277.54551,775.753628,61.859597,0,758.22232,3617.4438440000004,3617.4438440000004,837.613225,2779.830619,502.285109,2859.221523
50.0,21.0,1.3575578927993774,8237.478992,32530.797241,5621.494257,0,10669.010483,52550.30179599999,52550.30179599999,38152.291498000006,14398.010298000003,6160.531306,41881.291313
50.0,22.0,0.0912603363394737,2.4685099999999665,843.965091,79.259129,2.7188189999999923,670.55227,1112.8283140000003,1115.547133,923.22422,192.32291299999997,189.85440299999993,442.27604299999996
50.0,23.0,0.3635038435459137,1001.528123,4401.595949,0,49.31781199999995,2470.7239440000003,5886.372405,5935.690217,4401.595949,1534.0942680000003,532.566145,3415.648461
50.0,24.0,1.622570276260376,2960.4499059999994,20161.429421,1225.9614470000001,0,5527.6569150000005,26637.204249000006,26637.204249000006,21387.390868,5249.813382,2289.363476,21109.547334
50.0,25.0,0.8357040882110596,2313.696531,4944.160692,1195.207946,0,1811.53548,9697.514053,9697.514053,6139.368638,3558.1454150000004,1244.4488840000001,7885.978572999999
50.0,26.0,0.6745029091835022,13282.199928999999,25931.33189,0,181.44393399999998,34576.778889,43090.622229,43272.066162999996,25931.33189,17340.734274,4058.534345,8513.84334
50.0,27.0,1.0281846523284912,5520.096393,13418.63622,12979.341951,137.85453299999995,34595.781514,36612.71706699999,36750.5716,26397.978171,10352.593428999999,4832.497036000001,2016.935553
50.0,28.0,0.0,0,0,0,0,0,0,0,0,0,0,0
50.0,29.0,0.0,0,0,0,0,0,0,0,0,0,0,0
50.0,30.0,0.0,0,0,0,0,0,0,0,0,0,0,0
50.0,31.0,0.0,0,0,0,0,0,0,0,0,0,0,0
50.0,32.0,0.0,0,0,0,0,0,0,0,0,0,0,0
50.0,33.0,0.014324065297842,62.39214199999997,510.919889,0,0,608.17513,628.497143,628.497143,510.919889,117.57725399999997,55.18511299999998,20.32201299999999
50.0,34.0,0.0122535675764083,306.766695,351.73056999999994,108.48396099999997,0.028945,80.79371799999998,848.5139999999999,848.542945,460.21453,388.32841499999995,81.56171999999995,767.7202820000001
50.0,35.0,0.0160891693085432,109.18464499999997,1180.9749430000002,0,0,554.147842,1379.971738,1379.971738,1180.9749430000002,198.99679599999993,89.81215099999999,825.823897
50.0,36.0,0.0,0,0,0,0,0,0,0,0,0,0,0
50.0,37.0,0.0202280636876821,3635.747379000001,3010.586015,0,162.40101599999997,1768.616963,7058.462227999999,7220.863244,3010.586015,4210.277229,574.52985,5289.845265
50.0,38.0,0.0091667091473937,113.78154799999999,0,0,0,92.36533999999999,113.78154799999999,113.78154799999999,0,113.78154799999999,0,21.416207999999994
50.0,39.0,0.0703796073794364,327.40759599999996,707.299373,58.65666099999997,0,110.92292899999995,1333.0265200000001,1333.0265200000001,765.956034,567.070486,239.66288899999998,1222.103591
50.0,40.0,0.1040707379579544,661.393577,1247.83064,245.23118800000003,0,2471.877449,2916.130899,2916.130899,1493.0618279999999,1423.0690710000001,761.675493,444.25345
50.0,41.0,0.0720057860016822,2262.587365,1218.3263020000002,177.083977,403.94813500000004,3596.040568,4017.124645,4421.072779,1395.410279,3025.662501,763.0751359999999,421.08407700000004
50.0,42.0,0.4892707169055938,4659.407685,2938.438727,203.683095,2.4143869999999326,13221.417223,13221.417223,13223.83161,3142.1218220000005,10081.709788000002,5422.302103,0
50.0,43.0,3.5316224098205566,3091.505142,41887.157519,36989.15412900001,0,3599.574138,187853.43736400004,187853.43736400004,78876.311649,108977.125716,105885.62057399999,184253.86322600002
50.0,44.0,0.3105955421924591,25.81529199999994,780.058532,171.1722,0,46.95026499999993,3487.425056,3487.425056,951.230732,2536.1943239999996,2510.379032,3440.4747909999996
50.0,45.0,0.5939726829528809,6212.118466,6723.17172,2125.304134,0,679.2492990000001,20133.994403,20133.994403,8848.475854,11285.518549,5073.400084,19454.745104
50.0,46.0,0.5120762586593628,1139.319399,3307.031646,656.837205,0,1268.5910459999998,7304.328449000001,7304.328449000001,3963.868851,3340.459598,2201.1401990000004,6035.737403
51.0,1.0,0.0,0,0,0,0,0,0,0,0,0,0,0
51.0,2.0,0.0,0,0,0,0,0,0,0,0,0,0,0
51.0,3.0,0.0,0,0,0,0,0,0,0,0,0,0,0
51.0,4.0,0.0,0,0,0,0,0,0,0,0,0,0,0
51.0,5.0,0.0752128511667251,1385.7268129999998,2058.446484,279.285617,985.578602,275.093665,4034.799362,5020.377964,2337.732101,2682.645863,1296.91905,3759.7056970000003
51.0,6.0,0.0,0,0,0,0,0,0,0,0,0,0,0
51.0,7.0,0.0,0,0,0,0,0,0,0,0,0,0,0
51.0,8.0,0.0,0,0,0,0,0,0,0,0,0,0,0
51.0,9.0,0.0,0,0,0,0,0,0,0,0,0,0,0
51.0,10.0,0.0,0,0,0,0,0,0,0,0,0,0,0
51.0,11.0,0.0,0,0,0,0,0,0,0,0,0,0,0
51.0,12.0,0.0,0,0,0,0,0,0,0,0,0,0,0
51.0,13.0,0.0,0,0,0,0,0,0,0,0,0,0,0
51.0,14.0,0.0455472655594348,44.259286999999965,827.697549,447.444415,0.42916699999999924,51.75074599999995,1902.2803299999998,1902.7094969999998,1275.1419640000001,627.567533,583.3082459999999,1850.529584
51.0,15.0,0.0,0,0,0,0,0,0,0,0,0,0,0
51.0,16.0,0.0,0,0,0,0,0,0,0,0,0,0,0
51.0,17.0,0.0,0,0,0,0,0,0,0,0,0,0,0
51.0,18.0,0.0063790190033614,12.512871999999977,177.656111,0,7.865871999999969,33.25080699999995,243.443483,251.30935499999995,177.656111,73.65324299999995,61.140371999999964,210.192676
51.0,19.0,0.0,0,0,0,0,0,0,0,0,0,0,0
51.0,20.0,0.0,0,0,0,0,0,0,0,0,0,0,0
51.0,21.0,0.1876019686460495,967.5214319999999,3925.036044,654.459031,0,922.450351,6509.437465999999,6509.437465999999,4579.495075,1929.942391,962.420958,5586.987115
51.0,22.0,0.0,0,0,0,0,0,0,0,0,0,0,0
51.0,23.0,0.0,0,0,0,0,0,0,0,0,0,0,0
51.0,24.0,0.3069495558738708,281.70708199999996,4417.743451,337.240619,0,364.64768799999996,5538.293177,5538.293177,4754.9840699999995,783.309107,501.602025,5173.645489
51.0,25.0,0.1299024373292923,353.573513,666.541559,158.87719299999998,0,123.55299,1338.442053,1338.442053,825.418751,513.023301,159.44978799999998,1214.8890629999999
51.0,26.0,0.0126882446929812,212.22891800000002,519.471114,0,3.9389489999999676,418.320165,774.132454,778.071404,519.471114,258.60029,46.37137199999996,355.81228999999996
51.0,27.0,0.0085008349269628,53.098453999999975,135.78642399999998,130.58914199999998,1.6644499999999693,341.14929299999994,342.69857099999996,344.36301999999995,266.375566,77.98745399999997,24.888999999999996,1.5492779999999333
51.0,28.0,0.0,0,0,0,0,0,0,0,0,0,0,0
51.0,29.0,0.0,0,0,0,0,0,0,0,0,0,0,0
51.0,30.0,0.0,0,0,0,0,0,0,0,0,0,0,0
51.0,31.0,0.1266354024410247,3986.261233,141.51451299999997,11.542845999999994,0,40.00809899999998,5267.213401,5267.213401,153.05735899999996,5114.1560420000005,1127.894809,5227.205302
51.0,32.0,0.0,0,0,0,0,0,0,0,0,0,0,0
51.0,33.0,0.0,0,0,0,0,0,0,0,0,0,0,0
51.0,34.0,0.0,0,0,0,0,0,0,0,0,0,0,0
51.0,35.0,0.0,0,0,0,0,0,0,0,0,0,0,0
51.0,36.0,0.0,0,0,0,0,0,0,0,0,0,0,0
51.0,37.0,0.0,0,0,0,0,0,0,0,0,0,0,0
51.0,38.0,0.1193581745028495,9315.826297,4386.867928000001,0,0,223.57792899999995,15117.534428000003,15117.534428000003,4386.867928000001,10730.6665,1414.8402020000003,14893.956498
51.0,39.0,0.0150162316858768,628.348966,174.68309099999996,14.486566999999956,17.347580999999938,54.548014999999964,853.8757899999999,871.223371,189.169658,682.053713,53.70474799999998,799.3277760000001
51.0,40.0,0.015534620732069,680.759753,273.285113,53.70765899999998,8.438154999999961,356.458413,1085.117896,1093.556051,326.992773,766.563278,85.80352499999994,728.659483
51.0,41.0,0.0044520776718854,344.30142699999993,14.03961599999998,1.9548509999999442,32.29415199999998,23.122503999999957,353.76986999999997,386.06402199999997,15.994467999999996,370.069555,25.768126999999943,330.647367
51.0,42.0,0.0043461262248456,223.32215299999993,77.34466599999998,0,0.030842,47.207071,325.127704,325.15854699999994,77.34466599999998,247.81388099999995,24.49172799999993,277.92063299999995
51.0,43.0,0.9814110994338988,859.1059649999999,11640.125196,10279.006991,0,1000.294508,52203.053608999995,52203.053608999995,21919.132187,30283.921421000003,29424.815455999993,51202.759100999996
51.0,44.0,0.0,0,0,0,0,0,0,0,0,0,0,0
51.0,45.0,0.0,0,0,0,0,0,0,0,0,0,0,0
51.0,46.0,0.0,0,0,0,0,0,0,0,0,0,0,0
52.0,1.0,0.2455059736967086,1140.935803,1213.699418,340.102516,868.5613660000001,894.482215,2178.206379,3046.767745,1553.801934,1492.965811,352.03000699999996,1283.724163
52.0,2.0,0.0367218740284442,32.854188999999934,143.16459499999993,0,51.70068799999998,113.65041299999997,159.37148699999995,211.072174,143.16459499999993,67.90758,35.053390999999976,45.72107299999999
52.0,3.0,0.0,0,0,0,0,0,0,0,0,0,0,0
52.0,4.0,0.0,0,0,0,0,0,0,0,0,0,0,0
52.0,5.0,0.7239519357681274,20904.464229,26790.184456000003,3872.054093,11041.008072,869.8039970000001,45205.118624,56246.126697,30662.238550000002,25583.888147,4679.423918,44335.314628
52.0,6.0,0.0,0,0,0,0,0,0,0,0,0,0,0
52.0,7.0,0.0,0,0,0,0,0,0,0,0,0,0,0
52.0,8.0,0.0,0,0,0,0,0,0,0,0,0,0,0
52.0,9.0,0.0,0,0,0,0,0,0,0,0,0,0,0
52.0,10.0,0.0,0,0,0,0,0,0,0,0,0,0,0
52.0,11.0,0.0,0,0,0,0,0,0,0,0,0,0,0
52.0,12.0,0.0328580476343631,2211.201624,2070.323993,306.926598,0,4979.7611210000005,4979.7611210000005,4979.7611210000005,2377.250591,2602.5105289999997,391.308906,0
52.0,13.0,0.0,0,0,0,0,0,0,0,0,0,0,0
52.0,14.0,0.0,0,0,0,0,0,0,0,0,0,0,0
52.0,15.0,0.0,0,0,0,0,0,0,0,0,0,0,0
52.0,16.0,0.0,0,0,0,0,0,0,0,0,0,0,0
52.0,17.0,0.0,0,0,0,0,0,0,0,0,0,0,0
52.0,18.0,0.0,0,0,0,0,0,0,0,0,0,0,0
52.0,19.0,0.0,0,0,0,0,0,0,0,0,0,0,0
52.0,20.0,0.0,0,0,0,0,0,0,0,0,0,0,0
52.0,21.0,0.1739262640476226,185.05885899999996,4835.912729000001,877.9738629999999,0,652.442083,7187.971703,7187.971703,5713.886593,1474.0851100000002,1289.026251,6535.52962
52.0,22.0,0.0,0,0,0,0,0,0,0,0,0,0,0
52.0,23.0,0.0,0,0,0,0,0,0,0,0,0,0,0
52.0,24.0,0.3652873039245605,1575.637969,4085.387641,372.00336,0,594.015647,6748.713970000001,6748.713970000001,4457.391,2291.3229690000003,715.6849999999998,6154.698323
52.0,25.0,0.3310116827487945,899.17356,2030.927734,489.565151,0,334.043648,3919.6122609999998,3919.6122609999998,2520.492885,1399.119376,499.94581700000003,3585.568613000001
52.0,26.0,0.0917966142296791,1106.608743,2971.47078,0,57.857571,756.00937,4282.454702,4340.312272,2971.47078,1368.841493,262.23274899999996,3526.445332
52.0,27.0,0.0,0,0,0,0,0,0,0,0,0,0,0
52.0,28.0,0.0,0,0,0,0,0,0,0,0,0,0,0
52.0,29.0,0.0,0,0,0,0,0,0,0,0,0,0,0
52.0,30.0,0.0,0,0,0,0,0,0,0,0,0,0,0
52.0,31.0,0.0,0,0,0,0,0,0,0,0,0,0,0
52.0,32.0,0.0,0,0,0,0,0,0,0,0,0,0,0
52.0,33.0,0.0,0,0,0,0,0,0,0,0,0,0,0
52.0,34.0,0.0,0,0,0,0,0,0,0,0,0,0,0
52.0,35.0,0.0,0,0,0,0,0,0,0,0,0,0,0
52.0,36.0,0.0,0,0,0,0,0,0,0,0,0,0,0
52.0,37.0,0.0,0,0,0,0,0,0,0,0,0,0,0
52.0,38.0,0.0045833545736968,25.422158999999926,0,0,0,25.422158999999926,25.422158999999926,25.422158999999926,0,25.422158999999926,0,0
52.0,39.0,0.0,0,0,0,0,0,0,0,0,0,0,0
52.0,40.0,0.0,0,0,0,0,0,0,0,0,0,0,0
52.0,41.0,0.0,0,0,0,0,0,0,0,0,0,0,0
52.0,42.0,0.1140428185462951,660.939074,1705.757895,114.42661199999995,5.039873999999995,644.824927,3087.605029,3092.644903,1820.1845059999996,1272.460397,611.521323,2442.780102
52.0,43.0,1.0307174921035769,902.267656,12224.927888,10795.426776,0,1050.549545,54825.747587000005,54825.747587000005,23020.354664,31805.392923,30903.125267000003,53775.198043000004
52.0,44.0,0.0,0,0,0,0,0,0,0,0,0,0,0
52.0,45.0,0.0,0,0,0,0,0,0,0,0,0,0,0
52.0,46.0,0.1849586516618728,1671.11667,2165.8444179999997,437.33003899999994,2547.190497,42.98330799999994,2211.610931,4758.801428,2603.174456,2155.6269709999997,484.51030199999997,2168.627622
53.0,1.0,1.4227349758148191,26456.973404000004,16680.454679999995,4849.016452,8705.506794,38382.938351000004,44774.748343,53480.255137,21529.471132,31950.784005,5493.810601,6391.809992
53.0,2.0,0.042843472212553,309.94347899999997,2384.102727,564.6282160000001,9.783841999999993,1801.8216760000005,3413.861809,3423.6456510000003,2948.730942,474.914708,164.971229,1612.040133
53.0,3.0,1.9398398399353027,20303.815642,223911.19019899998,9076.266895,0.9207049999999812,261596.70775099998,261596.70775099998,261597.628456,232987.457094,28610.171362,8306.355720000001,0
53.0,4.0,2.2115886211395264,142081.792021,64668.761789,10787.624389999999,162090.489711,53994.944284,74862.241411,236952.73112199997,75456.38617900001,161496.344943,19414.552921999995,20867.297127
53.0,5.0,3.1922836303710938,91810.65159400001,258314.62637999994,41407.010528,217786.776113,119317.218353,212343.72374999995,430130.499863,299721.63690800004,130408.86295499999,38598.211360999994,93026.50539700002
53.0,6.0,0.3173315823078155,79.58016299999994,37107.47526100001,20989.272365999997,38597.811548000005,3467.1512340000004,27559.101243999998,66156.91279300001,58096.747627,8060.165165999999,7980.585002,24091.95001
53.0,7.0,0.1276212632656097,1405.4669999999999,3756.6295849999997,716.9730340000001,1717.138894,4800.614624,4800.614624,6517.7535179999995,4473.602618999999,2044.150899,638.683899,0
53.0,8.0,0.1439397931098938,1778.4292660000003,5824.786783,902.9349939999997,0,6350.19004,9703.202256999999,9703.202256999999,6727.721777000001,2975.48048,1197.051213,3353.0122170000004
53.0,9.0,0.0,0,0,0,0,0,0,0,0,0,0,0
53.0,10.0,0.0,0,0,0,0,0,0,0,0,0,0,0
53.0,11.0,0.0,0,0,0,0,0,0,0,0,0,0,0
53.0,12.0,0.5725774168968201,34858.68993300001,45150.11036,8623.838895,0,101674.626879,101674.626879,101674.626879,53773.949255,47900.67762399999,13041.987691,0
53.0,13.0,0.0,0,0,0,0,0,0,0,0,0,0,0
53.0,14.0,0.4653108417987823,8357.078366000002,9806.096526,8318.45888,0,21774.583442,31113.117927,31113.117927,18124.555406,12988.562520000001,4631.484154,9338.534484
53.0,15.0,0.0,0,0,0,0,0,0,0,0,0,0,0
53.0,16.0,0.0,0,0,0,0,0,0,0,0,0,0,0
53.0,17.0,0.1118119359016418,2362.221537,3454.929018,1174.775999,0,8537.788080999999,8537.78823,8537.78823,4629.705017,3908.083213,1545.8616759999998,0.00014900000000000002
53.0,18.0,0.4974770545959472,8413.866261000003,8114.321855000001,2184.022152,0,15607.267944,23466.108465999998,23466.108465999998,10298.344007,13167.764459,4753.898198,7858.840522
53.0,19.0,0.4353834688663482,43021.642836,28335.652234000005,31938.770926999998,0,117530.27899299999,117540.16091199999,117540.16091199999,60274.423161,57265.73775000001,14244.094914000001,9.88191899999999
53.0,20.0,0.3491418659687042,9582.945526999998,993.8616250000001,88.72525999999993,0,8542.99403,14977.057209000002,14977.057209000002,1082.586885,13894.470325,4311.5247979999995,6434.063179999999
53.0,21.0,8.686871528625488,89482.218753,113923.40581699999,20105.003925,0,44096.291243,280015.58254699997,280015.58254699997,134028.409741,145987.17280500004,56504.954051999994,235919.29130399995
53.0,22.0,1.6835849285125732,4165.989937,13560.92274,2448.3859030000003,64.16594599999995,12996.662817999999,22799.050537,22863.216483,16009.308643,6853.907840000001,2687.917903,9802.387719
53.0,23.0,3.5356905460357666,31309.810378,45718.176514,0,7411.494761,58794.885352,84973.320378,92384.81513900001,45718.176514,46666.638625,15356.828247,26178.435025
53.0,24.0,6.875787258148193,31289.662164999998,58836.295045,6021.201734,0,24943.431393000003,115438.44540899999,115438.44540899999,64857.49677799999,50580.94863100001,19291.286465999998,90495.014017
53.0,25.0,3.398817777633667,29936.770445000002,24551.462508999997,6023.066452,4225.666675,9075.126614999997,67632.902771,71858.569446,30574.52896,41284.040485000005,11347.270040000001,58557.776156
53.0,26.0,3.434772729873657,43025.343133999995,86004.777777,58517.284464000004,7826.6855479999995,168054.567693,200659.48669599998,208486.172244,144522.062241,63964.110003,20938.76687,32604.919003
53.0,27.0,0.8293915390968323,13109.649107000001,21436.446046,21663.602068,27447.719613999998,25437.719202000004,35895.306443,63343.026057,43100.048115,20242.977942,7133.328835000002,10457.58724
53.0,28.0,0.0,0,0,0,0,0,0,0,0,0,0,0
53.0,29.0,0.2702254354953766,3823.9714400000003,2392.4105550000004,24.243410999999963,0,7798.100819,7800.067746000001,7800.067746000001,2416.6539669999997,5383.4137789999995,1559.4423399999998,1.966926999999927
53.0,30.0,0.0,0,0,0,0,0,0,0,0,0,0,0
53.0,31.0,0.8622006773948669,28918.959521999997,7132.585068000001,685.233377,663.988743,42109.442796,43799.831648,44463.820391,7817.818445,36646.001947000004,7727.042425000001,1690.3888530000002
53.0,32.0,0.0,0,0,0,0,0,0,0,0,0,0,0
53.0,33.0,0.4550624787807464,489.467429,4321.632506999999,12.561400999999949,10.78752699999995,5073.12897,6192.086409,6202.873936,4334.193908,1868.6800289999996,1379.2126,1118.957439
53.0,34.0,0.2522165179252624,2262.748207,1694.1953310000001,531.009901,61.06206899999994,3229.7714650000003,5596.174499,5657.236568,2225.205233,3432.0313359999996,1169.283129,2366.403034
53.0,35.0,0.4592517614364624,18306.377561,13517.691350000001,2964.163019,53.797973,4983.826193,36737.434134,36791.232107,16481.85437,20309.377737000003,2003.0001760000002,31753.607941000002
53.0,36.0,1.2468135356903076,5001.008304000001,21877.465773,5125.137205999999,882.588987,13369.987346,36363.073138,37245.662123999995,27002.602979,10243.059146,5242.050841,22993.085791999998
53.0,37.0,0.4290881752967834,175855.411734,38114.200402,1774.341446,928.042561,94477.33965999998,234141.40656499998,235069.449126,39888.541848,195180.907278,19325.495543999998,139664.066906
53.0,38.0,0.0443160571157932,342.24710999999996,40.474432999999955,0,0,912.768324,912.768324,912.768324,40.474432999999955,872.293891,530.046782,0
53.0,39.0,0.701068639755249,31740.968176,23772.889238999996,2560.664017,1507.697732,33634.082185,73573.932786,75081.63051799999,26333.553256,48748.077262,17007.109086,39939.850601
53.0,40.0,0.7797174453735352,6019.445459,13697.630556999999,0,0,30496.665113,35877.582218999996,35877.582218999996,13697.630556999999,22179.951663,16160.506204,5380.917106
53.0,41.0,0.3040251433849334,24933.203521,11225.840236,1846.9908760000005,7196.168495,29789.968271,35092.298921,42288.467417,13072.831112,29215.636305,4282.432784,5302.33065
53.0,42.0,1.5486457347869873,39293.913556,29935.841368999998,2187.251214,1251.6753300000003,82752.327874,90368.099215,91619.77454500001,32123.092583,59496.681962,20202.768406,7615.771341000001
53.0,43.0,6.340575695037842,5160.527354,69920.576626,61744.533141,0,6008.626850000001,313576.318843,313576.318843,131665.10976700002,181911.209076,176750.681722,307567.691992
53.0,44.0,7.35374116897583,24465.232749999996,21903.535584999998,5709.872883999999,0,3158.6896030000003,134178.220623,134178.220623,27613.408469,106564.81215400001,82099.579404,131019.53102000001
53.0,45.0,6.739473342895508,109151.37996,75021.706526,24570.095786,0,17053.705249,252277.14272400003,252277.14272400003,99591.80231199999,152685.340412,43533.960452,235223.43747600002
53.0,46.0,4.018655300140381,33599.115015,17510.861112,3764.757372,0,5285.701324,66783.980702,66783.980702,21275.618484,45508.362218,11909.247203000003,61498.279378
54.0,1.0,0.0,0,0,0,0,0,0,0,0,0,0,0
54.0,2.0,0.0,0,0,0,0,0,0,0,0,0,0,0
54.0,3.0,0.0310370419174432,1019.9795099999999,186.29669399999995,29.706331000000002,31.446058999999988,1388.831169,1388.831169,1420.277227,216.00302499999995,1204.274202,184.294693,0
54.0,4.0,0.0,0,0,0,0,0,0,0,0,0,0,0
54.0,5.0,0.0021168745588511,37.706606999999956,203.04593300000002,36.44830899999998,145.42897899999994,28.05905599999994,164.73341699999992,310.162396,239.494242,70.66815299999995,32.96154599999999,136.67436
54.0,6.0,0.0,0,0,0,0,0,0,0,0,0,0,0
54.0,7.0,0.0,0,0,0,0,0,0,0,0,0,0,0
54.0,8.0,0.0,0,0,0,0,0,0,0,0,0,0,0
54.0,9.0,0.0,0,0,0,0,0,0,0,0,0,0,0
54.0,10.0,0.0,0,0,0,0,0,0,0,0,0,0,0
54.0,11.0,0.0,0,0,0,0,0,0,0,0,0,0,0
54.0,12.0,0.0,0,0,0,0,0,0,0,0,0,0,0
54.0,13.0,0.0,0,0,0,0,0,0,0,0,0,0,0
54.0,14.0,0.0,0,0,0,0,0,0,0,0,0,0,0
54.0,15.0,0.0,0,0,0,0,0,0,0,0,0,0,0
54.0,16.0,0.0,0,0,0,0,0,0,0,0,0,0,0
54.0,17.0,0.0,0,0,0,0,0,0,0,0,0,0,0
54.0,18.0,0.0,0,0,0,0,0,0,0,0,0,0,0
54.0,19.0,0.0,0,0,0,0,0,0,0,0,0,0,0
54.0,20.0,0.0,0,0,0,0,0,0,0,0,0,0,0
54.0,21.0,0.0495108403265476,547.57209,652.165121,108.65927899999996,0,300.94456399999996,1404.6643649999999,1404.6643649999999,760.8244000000001,643.839965,96.26787599999997,1103.719801
54.0,22.0,0.0,0,0,0,0,0,0,0,0,0,0,0
54.0,23.0,0.0,0,0,0,0,0,0,0,0,0,0,0
54.0,24.0,0.0961904004216194,1429.8314699999999,185.75725199999997,8.024818999999976,0,52.951107999999984,1806.4474329999996,1806.4474329999996,193.782071,1612.6653620000004,182.83389199999996,1753.4963249999998
54.0,25.0,0.0625669658184051,521.3278779999999,500.89212799999996,119.529538,78.85748999999993,174.15260899999998,1240.020228,1318.877718,620.421665,698.456052,177.12817399999994,1065.8676189999999
54.0,26.0,0.0,0,0,0,0,0,0,0,0,0,0,0
54.0,27.0,0.0,0,0,0,0,0,0,0,0,0,0,0
54.0,28.0,0.0,0,0,0,0,0,0,0,0,0,0,0
54.0,29.0,0.0,0,0,0,0,0,0,0,0,0,0,0
54.0,30.0,0.0,0,0,0,0,0,0,0,0,0,0,0
54.0,31.0,0.0,0,0,0,0,0,0,0,0,0,0,0
54.0,32.0,0.0,0,0,0,0,0,0,0,0,0,0,0
54.0,33.0,0.0,0,0,0,0,0,0,0,0,0,0,0
54.0,34.0,0.0,0,0,0,0,0,0,0,0,0,0,0
54.0,35.0,0.0,0,0,0,0,0,0,0,0,0,0,0
54.0,36.0,0.0,0,0,0,0,0,0,0,0,0,0,0
54.0,37.0,0.0,0,0,0,0,0,0,0,0,0,0,0
54.0,38.0,0.042535975575447,4684.138314,632.932521,0,0,119.33398599999995,6479.147067,6479.147067,632.932521,5846.214545999999,1162.076232,6359.813081
54.0,39.0,0.0778932645916938,12041.13678,1424.9702819999998,122.845853,202.630697,18.46776799999993,15253.914453000001,15456.545150000002,1547.8161350000005,13908.729014999999,1867.5922349999998,15235.446684999999
54.0,40.0,0.084980234503746,9916.004482999999,3122.118257,0,0,78.69047599999996,15988.232248,15988.232248,3122.118257,12866.113991,2950.1095090000003,15909.541771999999
54.0,41.0,0.0032411711290478,878.7777280000003,251.79890099999994,35.00961399999994,98.83589199999999,47.39803199999999,1173.64461,1272.4805020000001,286.808514,985.671988,106.89425999999997,1126.246578
54.0,42.0,0.003256045281887,739.829606,105.45770699999998,0,0,847.170143,955.623975,955.623975,105.45770699999998,850.166268,110.33666199999998,108.45383199999998
54.0,43.0,1.1592082977294922,943.467312,12783.146745999999,11288.371263,0,1098.5200989999998,57329.219711,57329.219711,24071.518009,33257.701703,32314.234390999998,56230.699612000004
54.0,44.0,0.0,0,0,0,0,0,0,0,0,0,0,0
54.0,45.0,0.0,0,0,0,0,0,0,0,0,0,0,0
54.0,46.0,0.0,0,0,0,0,0,0,0,0,0,0,0
55.0,1.0,0.2428906112909317,4615.47318,2125.2851109999997,0,1105.480616,5085.267352,6358.212857,7463.693474000001,2125.2851109999997,5338.408362,722.935182,1272.945505
55.0,2.0,0.0378278121352195,273.65849099999997,2104.996822,498.527291,8.638530999999942,103.54130899999994,3014.20219,3022.840721000001,2603.524113,419.31660800000003,145.65811699999995,2910.66088
55.0,3.0,0.8385201096534729,51015.244803,248459.24624699997,9816.234785,0.3260209999999286,316318.319222,316318.319222,316318.645243,258275.48103199998,58043.164211,7027.919407,0
55.0,4.0,0.0,0,0,0,0,0,0,0,0,0,0,0
55.0,5.0,1.7225040197372437,40401.142735,157169.669019,26737.623526000003,103106.043105,26827.555923999997,145670.334659,248776.37776399998,183907.29254499997,64869.085219,24467.942482999995,118842.77873500001
55.0,6.0,0.0,0,0,0,0,0,0,0,0,0,0,0
55.0,7.0,0.2213693857192993,1998.222766,8135.493052000001,1881.0392209999995,3704.499561,9911.081892,9911.081892,13615.581452999999,10016.532273,3599.04918,1600.8264139999994,0
55.0,8.0,0.0,0,0,0,0,0,0,0,0,0,0,0
55.0,9.0,0.0,0,0,0,0,0,0,0,0,0,0,0
55.0,10.0,0.0,0,0,0,0,0,0,0,0,0,0,0
55.0,11.0,0.0,0,0,0,0,0,0,0,0,0,0,0
55.0,12.0,0.0,0,0,0,0,0,0,0,0,0,0,0
55.0,13.0,0.0,0,0,0,0,0,0,0,0,0,0,0
55.0,14.0,0.0,0,0,0,0,0,0,0,0,0,0,0
55.0,15.0,0.0,0,0,0,0,0,0,0,0,0,0,0
55.0,16.0,0.0,0,0,0,0,0,0,0,0,0,0,0
55.0,17.0,0.0,0,0,0,0,0,0,0,0,0,0,0
55.0,18.0,0.0,0,0,0,0,0,0,0,0,0,0,0
55.0,19.0,0.0,0,0,0,0,0,0,0,0,0,0,0
55.0,20.0,0.0,0,0,0,0,0,0,0,0,0,0,0
55.0,21.0,0.1247336044907569,965.9093130000001,1382.5692430000001,232.314348,0,617.250917,2876.110208,2876.110208,1614.883591,1261.2266169999998,295.317304,2258.8592909999998
55.0,22.0,0.0,0,0,0,0,0,0,0,0,0,0,0
55.0,23.0,0.0,0,0,0,0,0,0,0,0,0,0,0
55.0,24.0,0.6204268336296082,9615.456579,2492.834767,388.74305899999996,0,1859.7892090000005,14373.424045000002,14373.424045000002,2881.577827,11491.846217999999,1876.389639,12513.634836000001
55.0,25.0,0.1494614332914352,1988.121607,1926.3985719999998,459.811768,0,1322.326519,4717.778757,4717.778757,2386.2103399999996,2331.568418,343.446811,3395.452238
55.0,26.0,0.2614430785179138,5229.382126,5031.517394,3266.0795679999997,116.99489599999997,13064.88172,15079.717747000004,15196.712643,8297.596962,6899.115680999999,1669.733555,2014.836027
55.0,27.0,0.0,0,0,0,0,0,0,0,0,0,0,0
55.0,28.0,0.0,0,0,0,0,0,0,0,0,0,0,0
55.0,29.0,0.0,0,0,0,0,0,0,0,0,0,0,0
55.0,30.0,0.0,0,0,0,0,0,0,0,0,0,0,0
55.0,31.0,0.0,0,0,0,0,0,0,0,0,0,0,0
55.0,32.0,0.0,0,0,0,0,0,0,0,0,0,0,0
55.0,33.0,0.0,0,0,0,0,0,0,0,0,0,0,0
55.0,34.0,0.0,0,0,0,0,0,0,0,0,0,0,0
55.0,35.0,0.0,0,0,0,0,0,0,0,0,0,0,0
55.0,36.0,0.0,0,0,0,0,0,0,0,0,0,0,0
55.0,37.0,0.0,0,0,0,0,0,0,0,0,0,0,0
55.0,38.0,0.0,0,0,0,0,0,0,0,0,0,0,0
55.0,39.0,0.0,0,0,0,0,0,0,0,0,0,0,0
55.0,40.0,0.0,0,0,0,0,0,0,0,0,0,0,0
55.0,41.0,0.0,0,0,0,0,0,0,0,0,0,0,0
55.0,42.0,0.0809809044003486,2857.6107739999998,497.844294,0,0.046761000000000004,4273.658134,4448.781884,4448.828646,497.844294,3950.9843510000005,1093.373577,175.12374999999992
55.0,43.0,2.295736312866211,1868.4754309999998,25316.187781,22355.8825,0,2175.547357,113536.777791,113536.777791,47672.070281,65864.70751000001,63996.232079,111361.23043400001
55.0,44.0,0.0163490772247314,205.83905199999998,267.090769,61.445623,0,12.520636999999933,715.883147,715.883147,328.53639200000003,387.346755,181.507703,703.36251
55.0,45.0,0.0003063569893129,3.2208729999999557,4.74365099999994,1.5477779999999524,0,11.039130999999921,11.039130999999921,11.039130999999921,6.291428999999971,4.7477029999999445,1.5268299999999888,0
55.0,46.0,0.2338599562644958,2448.350216,2128.305113,431.19698800000003,1362.201675,70.19210899999999,4419.58958,5781.7912559999995,2559.502101,3222.289155,773.938939,4349.397471
56.0,1.0,0.2312660366296768,4991.839128,3515.6395509999998,0,0,7107.252578,9329.357387,9329.357387,3515.6395509999998,5813.717836000001,821.878708,2222.104809
56.0,2.0,0.0174375772476196,126.14901999999998,970.3454360000001,229.80740199999997,3.982136999999943,151.459924,1389.4640950000003,1393.446232,1200.152839,193.293393,67.14437299999996,1238.0041720000002
56.0,3.0,1.5473028421401978,55131.532504999996,273381.090177,11349.879187999999,48227.14041100001,300804.219197,300804.219197,349031.359608,284730.969364,64300.390244,9168.857739000001,0
56.0,4.0,0.0,0,0,0,0,0,0,0,0,0,0,0
56.0,5.0,0.7263932228088379,18018.734701,54308.763627,8831.610170000002,45461.720670999995,43359.963342,43783.219911,89244.940583,63140.373797,26104.566786,8085.832085,423.25656899999996
56.0,6.0,0.0,0,0,0,0,0,0,0,0,0,0,0
56.0,7.0,0.0034232377074658,30.900345999999963,125.80654399999999,29.088223999999933,57.28604599999998,153.26410599999997,153.26410599999997,210.55015199999997,154.894768,55.655383999999955,24.755038999999986,0
56.0,8.0,0.0,0,0,0,0,0,0,0,0,0,0,0
56.0,9.0,0.0,0,0,0,0,0,0,0,0,0,0,0
56.0,10.0,0.0,0,0,0,0,0,0,0,0,0,0,0
56.0,11.0,0.0,0,0,0,0,0,0,0,0,0,0,0
56.0,12.0,0.0,0,0,0,0,0,0,0,0,0,0,0
56.0,13.0,0.0,0,0,0,0,0,0,0,0,0,0,0
56.0,14.0,0.0,0,0,0,0,0,0,0,0,0,0,0
56.0,15.0,0.0,0,0,0,0,0,0,0,0,0,0,0
56.0,16.0,0.0,0,0,0,0,0,0,0,0,0,0,0
56.0,17.0,0.039113875478506,826.3484579999999,1208.597589,410.95821,0,2986.6750370000004,2986.6750370000004,2986.6750370000004,1619.5557979999999,1367.119239,540.7707819999999,0
56.0,18.0,0.1085087805986404,1279.330747,1820.222037,458.990586,0,3275.1901850000004,4513.443183,4513.443183,2279.2126230000003,2234.23056,954.899813,1238.252997
56.0,19.0,0.0022452091798186,221.85628999999994,146.12276999999997,164.70350599999998,0,606.137253,606.1372600000001,606.1372600000001,310.826276,295.31098399999996,73.454695,0.000007000000000000001
56.0,20.0,0.0,0,0,0,0,0,0,0,0,0,0,0
56.0,21.0,0.5503983497619629,1500.340017,7883.304181,1349.179908,0,2593.491434,12807.320432999999,12807.320432999999,9232.484089000001,3574.8363440000003,2074.4963270000003,10213.828998
56.0,22.0,0.0906804725527763,38.04014099999993,533.8157289999999,0,0.1697099999999424,179.71943299999998,719.79135,719.9610600000001,533.8157289999999,186.145331,148.10519,540.071917
56.0,23.0,0.1887874603271484,1877.969273,5238.576663,0,1500.105946,3352.722658,6213.437552,7713.543498,5238.576663,2474.966835,596.997562,2860.7148939999997
56.0,24.0,2.0669362545013428,10941.666523000002,10752.310130000002,1288.274421,0,6162.739396,31899.126891,31899.126891,12040.584551,19858.542341,8916.875817000002,25736.387495
56.0,25.0,1.7330988645553589,13345.213714,13136.25388,3319.3827119999996,7008.509284000001,4121.678154,28329.201659000002,35337.71094299999,16455.636593,18882.074351,5536.860637,24207.523505000005
56.0,26.0,0.7220629453659058,9853.058399,12929.820940000001,8413.233834,611.836322,28702.80259500001,33074.403295000004,33686.23961700001,21343.054774,12343.184843,2490.1264450000003,4371.6007
56.0,27.0,0.4977418184280395,1459.752931,5534.4317710000005,5326.915884999999,0,14916.324196999998,14967.584945,14967.584945,10861.347656,4106.237289,2646.484358,51.260747999999964
56.0,28.0,0.0,0,0,0,0,0,0,0,0,0,0,0
56.0,29.0,0.0,0,0,0,0,0,0,0,0,0,0,0
56.0,30.0,0.0,0,0,0,0,0,0,0,0,0,0,0
56.0,31.0,0.0,0,0,0,0,0,0,0,0,0,0,0
56.0,32.0,0.0,0,0,0,0,0,0,0,0,0,0,0
56.0,33.0,0.0,0,0,0,0,0,0,0,0,0,0,0
56.0,34.0,0.0,0,0,0,0,0,0,0,0,0,0,0
56.0,35.0,0.0,0,0,0,0,0,0,0,0,0,0,0
56.0,36.0,0.1146695986390113,114.385388,907.650759,243.284251,97.18204,783.7270080000001,1349.332418,1446.514458,1150.93501,295.579448,181.19406,565.60541
56.0,37.0,0.0960560217499733,20886.193669999997,3860.204197,0,988.518253,14547.003725000004,24854.410056,25842.928309000003,3860.204197,21982.724112,1096.530442,10307.406331
56.0,38.0,0.0,0,0,0,0,0,0,0,0,0,0,0
56.0,39.0,0.0,0,0,0,0,0,0,0,0,0,0,0
56.0,40.0,0.1091183498501777,1415.817511,1852.3479559999998,361.55935999999997,5.931993999999959,4737.923087,4737.923087,4743.855081000001,2213.9073160000003,2529.947765,1114.1302540000001,0
56.0,41.0,0.0283000320196151,1574.815254,213.53909499999995,32.441410999999924,307.55598100000003,1750.651155,1756.8927660000004,2064.448747,245.98050599999996,1818.468241,243.652987,6.241610999999929
56.0,42.0,0.3840129375457763,11471.825238000001,8804.1753,741.005877,380.60522499999996,17155.975854,23977.175503000002,24357.780728,9545.181177,14812.599551999998,3340.7743140000007,6821.19965
56.0,43.0,1.8408732414245603,1498.267102,20300.192692,17926.424250000004,0,1744.4976680000002,91041.292898,91041.292898,38226.616943,52814.675955000006,51316.408853,89296.795229
56.0,44.0,0.0,0,0,0,0,0,0,0,0,0,0,0
56.0,45.0,0.644384503364563,11678.461721,7209.549997,2329.643243,0,1342.7194849999998,23422.636194,23422.636194,9539.19324,13883.442954,2204.981233,22079.916708999997
56.0,46.0,1.0382448434829712,1388.978191,2799.913047,534.782473,0,1046.750922,8086.8321750000005,8086.832176,3334.69552,4752.136656,3363.1584649999995,7040.081253
57.0,1.0,488106.25008941215,1367734621.678849,2175664807.477248,2996138.409984,1250926.2643199998,3009684374.0282884,4692691200.743605,4693942127.007924,2178660945.8872323,2515281181.120691,1147546559.441842,1683006826.715315
57.0,2.0,37398.39479258812,104794967.099469,166698065.854464,229562.253312,95845.18758399998,230600132.788224,359551060.445042,359646905.632626,166927628.10777602,192719277.52485,87924310.425381,128950927.65681799
57.0,3.0,31969.599505275488,117297549.108235,193818569.736192,200761.245696,26126.368767999997,231580995.94444802,450426206.461263,450452332.83003104,194019330.981888,256433001.848143,139135452.73990798,218845210.51681498
57.0,4.0,33498.39993137121,1723073351.220161,1905880731.7463038,3343158.345728,9677586.825216,3868150625.992704,4281824044.377057,4291501631.202273,1909223890.092032,2382277741.110241,659204389.8900801,413673418.384353
57.0,5.0,45462.80045032501,1029039468.416363,4186746736.607232,8377183.240192,2463737.315328,2358159578.497024,5988009606.931164,5990473344.246491,4195123919.847424,1795349424.3990684,766309955.9827051,3629850028.43414
57.0,6.0,52175.99996748567,318775194.573343,1633658188.3330557,616512.0286719999,1064408.51456,1317954738.192384,2384656983.035728,2385721391.550288,1634274700.361728,751446691.1885601,432671496.615217,1066702244.843344
57.0,7.0,10360.099946513772,85363575.859202,432615211.40121603,686227.259392,346517.700608,546179012.100096,618455349.145533,618801866.846141,433301438.660608,185500428.185533,100136852.326331,72276337.04543701
57.0,8.0,11804.39991301298,212822752.051048,860105989.947392,1947283.61984,1174102.081536,1079000743.0184958,1292893058.853561,1294067160.935097,862053273.5672319,432013887.36786497,219191135.31681702,213892315.835065
57.0,9.0,2354.4999771416187,581353197.734072,2165714307.776512,542583.750656,5231294.283776,2086532693.36064,2861666416.722158,2866897711.0059342,2166256891.5271683,700640819.4787661,119287621.744694,775133723.361518
57.0,10.0,19186.99969071895,1076926863.2027,2959549757.652992,3672058.6260479996,6211260.383232,3359676158.7056637,4526114278.421612,4532325538.804844,2963221816.27904,1569103722.5258029,492176859.32310295,1166438119.7159472
57.0,11.0,14603.099778831003,210527924.79497105,1046132566.2617601,958669.258752,2158313.996288,1278320108.896256,1503628322.229252,1505786636.2255402,1047091235.5205119,458695400.705028,248167475.91005698,225308213.33299598
57.0,12.0,18989.300460338596,330929535.19637704,1099213597.310976,2223419.162624,806721.814528,1552912937.385984,1681347665.9144702,1682154387.7289982,1101437016.4736001,580717371.255398,249787836.059021,128434728.528486
57.0,13.0,12557.399999544024,498124358.271697,2515686362.447872,37897512.157184005,2464715.3745919997,3218097662.066688,3326365788.6208334,3328830503.9954247,2553583874.605056,775246629.3903689,277122271.118672,108268126.554145
57.0,14.0,23810.899788856503,290701863.100505,1365053886.431232,1635079.421952,1376045.8915839999,1628084260.306944,2087702413.7567203,2089078459.648304,1366688965.853184,722389493.79512,431687630.694615,459618153.449776
57.0,15.0,38521.79937505722,916353992.287433,3313105828.3151355,1315459.432448,2775391.666176,3019130886.1603837,5039987072.97736,5042762464.643536,3314421287.7475843,1728341176.895951,811987184.6085179,2020856186.8169749
57.0,16.0,24899.999848917127,466149462.814139,1851028899.10272,774112.0839679999,2346355.785728,1335465185.640448,2893017815.909061,2895364171.6947894,1851803011.1866882,1043561160.5081011,577411697.693962,1557552630.268613
57.0,17.0,23276.299939610064,748208605.2606579,3319451910.9304323,818012.684288,2250399.023104,1962562086.240256,4760187486.85414,4762437885.877244,3320269923.6147203,1442167962.262523,693959357.001865,2797625400.613883
57.0,18.0,32378.20085287094,255783000.7087,945031250.7064321,855044.1943039999,433152.81919999997,776807850.7048961,1598108627.099082,1598541779.9182818,945886294.9007361,652655485.017546,396872484.30884606,821300776.394186
57.0,19.0,12497.199898198249,949410029.7284759,1910920607.432704,407702.24128,36419.485696,2255301554.208768,3251217199.058183,3251253618.543879,1911328309.673984,1339925308.869895,390515279.141419,995915644.8494151
57.0,20.0,9368.999972820282,269010896.002468,461615233.236992,130215.05126400001,10317.061119999998,612713323.5609599,932888006.4039271,932898323.465047,461745448.288256,471152875.176791,202141979.17432302,320174682.8429669
57.0,21.0,196198.6952381134,1718901388.791993,6084467567.362048,5823447.69536,42607.374336,1956724554.5963519,10497767912.493261,10497810519.867598,6090291015.057407,4407519504.81019,2688618116.018198,8541043357.896911
57.0,22.0,34343.19414174329,325161576.60707897,603852202.049536,325345.181696,790531.407872,692727624.761344,1278831092.504746,1279621623.9126182,604177547.231232,675444076.681386,350282500.0743061,586103467.743402
57.0,23.0,181141.0152993837,1715044335.7689989,3184980511.424512,1716012.7119359998,4169608.2001920003,3653748274.4954877,6745114114.823238,6749283723.02343,3186696524.136448,3562587198.886982,1847542863.1179829,3091365840.3277497
57.0,24.0,129337.49846162793,1224568405.026817,2274125590.560768,1225259.74528,2977164.951552,2608833197.2444158,4816116423.281848,4819093588.233399,2275350850.306048,2543742737.927352,1319174332.900535,2207283226.0374317
57.0,25.0,107341.90032100676,733360908.9762869,1759778292.3673599,4075496.669184,537784.680448,1250182301.745152,3569544817.307905,3570082601.988353,1763853789.0365438,1806228812.9518092,1072867903.975523,2319362515.562753
57.0,26.0,69332.60062885284,908081300.576496,1668526477.672448,410186.71104,1965428.7032320003,2190553580.044288,3405798204.085732,3407763632.788964,1668936664.3834882,1738826968.4054759,830745667.82898,1215244624.041444
57.0,27.0,2533.6000310629606,126777976.553224,462571266.113536,360879.783936,1692076.6054399998,459464327.03692806,683222087.101489,684914163.706929,462932145.897472,221982017.809457,95204041.256233,223757760.06456098
57.0,28.0,5088.000016152859,160875171.411636,489554599.47724795,307479.83871999994,366366.195712,449947753.250816,817442757.185052,817809123.3807639,489862079.315968,327947044.064796,167071872.65316004,367495003.934236
57.0,29.0,7121.370228575466,95865931.819942,242221441.875968,80996.54041600002,181383.135232,368474505.347072,458965646.44819105,459147029.58342296,242302438.416384,216844591.16703898,120978659.34709801,90491141.10111901
57.0,30.0,9495.16006895244,127821227.57992001,322961944.870912,107995.38176,241844.17484800002,491299329.27795196,611954181.0829489,612196025.257797,323069940.252672,289126085.005125,161304857.42520502,120654851.804997
57.0,31.0,7121.370228575466,95865931.819942,242221441.875968,80996.54041600002,181383.135232,368474505.347072,458965646.44819105,459147029.58342296,242302438.416384,216844591.16703898,120978659.34709801,90491141.10111901
57.0,32.0,9675.10006994009,32710102.937293,197970007.949312,76591.06304000001,7007.41376,371108763.140096,424005811.344025,424012818.75778496,198046599.012352,225966219.745433,193256116.80813998,52897048.203929
57.0,33.0,7846.699948191643,744315257.4262949,921428392.148992,147265.40492799997,121615.876096,1018286011.580416,1976062579.6239278,1976184195.5000238,921575657.5539199,1054608537.9461039,310293280.51980996,957776568.0435119
57.0,34.0,24021.899842262268,589979528.583348,1052195046.8177919,310578.70848,1106264.195072,1382683787.6572158,2552183610.1119986,2553289874.3070703,1052505625.526272,1500784248.780798,910804720.19745,1169499822.454782
57.0,35.0,7855.10003221035,423379161.40005594,705896866.906112,257935.867904,455757.561856,760362286.7107841,1529293048.357712,1529748805.9195678,706154802.7740159,823594003.145552,400214841.74549603,768930761.646928
57.0,36.0,43056.70003223419,2279521193.683313,2832805004.312576,612798.234624,1184541.179904,4497540770.69312,7220901558.860829,7222086100.040734,2833417802.5472,4388668297.493533,2109147103.8102198,2723360788.167709
57.0,37.0,28185.100373983383,6230899988.786546,2031650795.9459841,290763.046912,149657.10848,2290579878.7072,8808392823.245743,8808542480.354225,2031941558.992896,6776600921.361328,545700932.574782,6517812944.538545
57.0,38.0,36447.07511854679,625511437.864556,1337229746.110464,556268.3883519999,654093.5823359999,2246226690.9655046,3015298166.0180817,3015952259.600418,1337786014.498816,1678166245.101602,1052654807.2370459,769071475.052578
57.0,39.0,13075.43526110762,224403047.48094702,479732915.24096,199562.002432,234656.923648,805836729.352192,1081742114.091759,1081976771.0154068,479932477.243392,602044293.772015,377641246.291068,275905384.73956704
57.0,40.0,25827.59055374985,443257915.862215,947604808.531968,394189.996032,463512.141824,1591749776.5068798,2136738999.9114938,2137202512.053318,947998998.528,1189203513.525318,745945597.663103,544989223.404614
57.0,41.0,17822.960332568884,211343631.18271998,278548677.91872,96158.900224,249221.13638400004,618904988.680192,758381291.170504,758630512.306888,278644836.818944,479985675.487944,268642044.305224,139476302.490312
57.0,42.0,71291.84133027554,845374524.7308799,1114194711.67488,384635.600896,996884.5455360002,2475619954.720768,3033525164.682016,3034522049.227552,1114579347.2757761,1919942701.951776,1074568177.220896,557905209.961248
57.0,43.0,104271.10046195984,975313609.4303302,2367577636.470784,1155733.520384,79150.186496,644395418.25536,7177319422.94144,7177398573.127934,2368733369.991168,4808665203.136768,3833351593.706439,6532924004.68608
57.0,44.0,125296.19931793211,415545868.396068,938234062.3073279,587596.038144,96713.70342399999,362194122.309632,4268702613.89966,4268799327.6030836,938821658.3454717,3329977669.257612,2914431800.861544,3906508491.5900283
57.0,45.0,111273.09941864014,800322576.3921901,2124448664.649728,839937.8186240001,46887.87456,323865498.61580795,6173997415.624351,6174044303.49891,2125288602.4683516,4048755701.030558,3248433124.638369,5850131917.008542
57.0,46.0,144895.1001233831,670394383.053882,1015179273.8304,496910.95859200007,125653.049344,642267933.0488319,2968347933.522427,2968473586.5717707,1015676184.7889918,1952797401.7827787,1282403018.728897,2326080000.473595
